fecha,close_price,trading_volume,rsi_14,sentiment_score,news_volume
1999-02-10,0.03473789244890213,148224000,42.68316084286686,0.0,0.0
1999-02-11,0.03772202506661415,132240000,50.264075541040185,0.0,0.0
1999-02-12,0.0398709774017334,109728000,45.976952882554265,0.0,0.0
1999-02-16,0.04010933265089989,211008000,55.0332018119304,0.0,0.0
1999-02-17,0.03796038776636124,67728000,49.396212118198775,0.0,0.0
1999-02-18,0.03855722397565842,70704000,51.1768355829244,0.0,0.0
1999-02-19,0.0398709774017334,75360000,59.03765051148984,0.0,0.0
1999-02-22,0.04010933265089989,205248000,58.023941326295144,0.0,0.0
1999-02-23,0.04201899841427803,138096000,71.42779905328835,0.0,0.0
1999-02-24,0.045361608266830444,612768000,74.9999500215901,0.0,0.0
1999-02-25,0.04392959177494049,149136000,67.443585871305,0.0,0.0
1999-02-26,0.04189981892704964,172608000,59.44441804150971,0.0,0.0
1999-03-01,0.042139098048210144,92160000,63.74285359561918,0.0,0.0
1999-03-02,0.04178064316511154,55248000,67.28449859788671,0.0,0.0
1999-03-03,0.03891567513346672,61392000,59.56181329413631,0.0,0.0
1999-03-04,0.038079578429460526,57360000,50.90754899135387,0.0,0.0
1999-03-05,0.04022851586341858,78768000,50.907511853964685,0.0,0.0
1999-03-08,0.04082535207271576,75888000,51.784967352949806,0.0,0.0
1999-03-09,0.042139098048210144,143184000,60.8699388383136,0.0,0.0
1999-03-10,0.04142216593027115,235344000,57.406191666518744,0.0,0.0
1999-03-11,0.039631687104701996,54288000,49.39625006891701,0.0,0.0
1999-03-12,0.03891567513346672,90768000,47.05931688407243,0.0,0.0
1999-03-15,0.04058698192238808,108816000,46.43018008683077,0.0,0.0
1999-03-16,0.03927414491772652,79152000,33.11631194263673,0.0,0.0
1999-03-17,0.039512503892183304,51360000,36.88043905884739,0.0,0.0
1999-03-18,0.039990149438381195,46320000,43.751814105760694,0.0,0.0
1999-03-19,0.04010933265089989,105312000,43.30627508182365,0.0,0.0
1999-03-22,0.03891567513346672,36672000,41.04525790904549,0.0,0.0
1999-03-23,0.03652837872505188,163968000,42.308594921195976,0.0,0.0
1999-03-24,0.03628910332918167,60864000,44.00071363816104,0.0,0.0
1999-03-25,0.036766745150089264,40320000,36.937865905129215,0.0,0.0
1999-03-26,0.039990149438381195,88272000,47.36985864426084,0.0,0.0
1999-03-29,0.04118381440639496,65952000,46.9687926985804,0.0,0.0
1999-03-30,0.03772202506661415,69504000,40.00096837594418,0.0,0.0
1999-03-31,0.04034769907593727,153600000,51.85129488911851,0.0,0.0
1999-04-01,0.03915403410792351,30432000,50.601413050305844,0.0,0.0
1999-04-05,0.03796038776636124,98640000,43.208600689069314,0.0,0.0
1999-04-06,0.037006016820669174,69696000,44.024691209306745,0.0,0.0
1999-04-07,0.04010933265089989,89280000,51.36606865986179,0.0,0.0
1999-04-08,0.04082535207271576,130128000,51.89105435016639,0.0,0.0
1999-04-09,0.04010933265089989,48624000,49.99996913506035,0.0,0.0
1999-04-12,0.038438040763139725,33312000,48.968677865021405,0.0,0.0
1999-04-13,0.03688592463731766,36144000,50.800854254964015,0.0,0.0
1999-04-14,0.0358123779296875,48288000,48.97060007756916,0.0,0.0
1999-04-15,0.036766745150089264,35856000,49.999970380281816,0.0,0.0
1999-04-16,0.03796038776636124,38928000,45.30212896228672,0.0,0.0
1999-04-19,0.03628910332918167,31296000,38.91631367849512,0.0,0.0
1999-04-20,0.035573091357946396,67680000,44.442851628510084,0.0,0.0
1999-04-21,0.036169908940792084,37488000,37.92969814426385,0.0,0.0
1999-04-22,0.03461778536438942,227184000,37.160009842068646,0.0,0.0
1999-04-23,0.03294740617275238,126048000,36.18348793042892,0.0,0.0
1999-04-26,0.031276118010282516,123504000,34.80793178095075,0.0,0.0
1999-04-27,0.03461778536438942,226944000,35.621617840459294,0.0,0.0
1999-04-28,0.03437943384051323,120096000,32.68983481278917,0.0,0.0
1999-04-29,0.03437943384051323,48144000,33.997251686004816,0.0,0.0
1999-04-30,0.03485707938671112,99312000,39.28445595368484,0.0,0.0
1999-05-03,0.03509543836116791,33840000,44.18498779453721,0.0,0.0
1999-05-04,0.03318576142191887,96048000,41.9089128633354,0.0,0.0
1999-05-05,0.03390178084373474,144576000,41.04318165541639,0.0,0.0
1999-05-06,0.03324537351727486,35616000,34.7469778277496,0.0,0.0
1999-05-07,0.033424146473407745,25008000,39.74124047798361,0.0,0.0
1999-05-10,0.033424146473407745,19680000,41.88920465879104,0.0,0.0
1999-05-11,0.035214614123106,171744000,46.69241258082654,0.0,0.0
1999-05-12,0.03628910332918167,168480000,55.984528901662046,0.0,0.0
1999-05-13,0.03628910332918167,69936000,63.59163718606723,0.0,0.0
1999-05-14,0.03437943384051323,28464000,62.38196476434353,0.0,0.0
1999-05-17,0.03605072945356369,35760000,56.596574162136925,0.0,0.0
1999-05-18,0.03772202506661415,151536000,63.594219030643075,0.0,0.0
1999-05-19,0.03605072945356369,451728000,55.98364749320432,0.0,0.0
1999-05-20,0.03318576142191887,178176000,44.889746606165005,0.0,0.0
1999-05-21,0.032469771802425385,303504000,42.19957170226584,0.0,0.0
1999-05-24,0.03234966844320297,162624000,47.22053464098483,0.0,0.0
1999-05-25,0.03258894756436348,130080000,45.49284884382727,0.0,0.0
1999-05-26,0.032469771802425385,104736000,47.235239583186775,0.0,0.0
1999-05-27,0.03223048895597458,82320000,45.763314045848844,0.0,0.0
1999-05-28,0.03258894756436348,88656000,47.10914659151838,0.0,0.0
1999-06-01,0.03270811587572098,98544000,40.189380591829256,0.0,0.0
1999-06-02,0.03151446953415871,130128000,31.484487962452363,0.0,0.0
1999-06-03,0.03234966844320297,41568000,35.65265335339835,0.0,0.0
1999-06-04,0.03258894756436348,78912000,42.575745029907075,0.0,0.0
1999-06-07,0.03294740617275238,125136000,35.55998140480585,0.0,0.0
1999-06-08,0.033782605081796646,153312000,30.122977131716695,0.0,0.0
1999-06-09,0.03437943384051323,95184000,40.54159537938436,0.0,0.0
1999-06-10,0.03449859842658043,36096000,60.77984711750785,0.0,0.0
1999-06-11,0.033782605081796646,61008000,60.77980993352739,0.0,0.0
1999-06-14,0.032469771802425385,51648000,50.82456523400332,0.0,0.0
1999-06-15,0.032469771802425385,49296000,49.15380650548108,0.0,0.0
1999-06-16,0.033424146473407745,64416000,56.05720201580544,0.0,0.0
1999-06-17,0.032469771802425385,74928000,51.39223243262428,0.0,0.0
1999-06-18,0.031276118010282516,158736000,43.03766720046439,0.0,0.0
1999-06-21,0.03294740617275238,83472000,51.08957014434985,0.0,0.0
1999-06-22,0.03234966844320297,193056000,54.02134464316708,0.0,0.0
1999-06-23,0.03294740617275238,210912000,52.94534058974613,0.0,0.0
1999-06-24,0.03223048895597458,115200000,48.313002671127386,0.0,0.0
1999-06-25,0.03270811587572098,73536000,48.88630861759972,0.0,0.0
1999-06-28,0.03318576142191887,109152000,47.12667669054028,0.0,0.0
1999-06-29,0.03354424983263016,92688000,45.884852441650786,0.0,0.0
1999-06-30,0.03652837872505188,269232000,57.79910571775986,0.0,0.0
1999-07-01,0.03461778536438942,88992000,52.93919167894633,0.0,0.0
1999-07-02,0.037125203758478165,224880000,65.11303112682353,0.0,0.0
1999-07-06,0.03724437206983566,198096000,65.38088604731165,0.0,0.0
1999-07-07,0.03652837872505188,63120000,60.15593018790687,0.0,0.0
1999-07-08,0.03736357018351555,186048000,66.13661441248524,0.0,0.0
1999-07-09,0.04052738845348358,211728000,76.99714557808505,0.0,0.0
1999-07-12,0.042377445846796036,401040000,77.23467301831595,0.0,0.0
1999-07-13,0.04249664396047592,138864000,80.13830078275468,0.0,0.0
1999-07-14,0.04082535207271576,137952000,71.99611680914316,0.0,0.0
1999-07-15,0.04106462746858597,137040000,75.34185393142329,0.0,0.0
1999-07-16,0.04189981892704964,103872000,75.83753299787142,0.0,0.0
1999-07-19,0.04082535207271576,43632000,70.77745277683486,0.0,0.0
1999-07-20,0.04010933265089989,178752000,67.51448504314536,0.0,0.0
1999-07-21,0.03891567513346672,112080000,57.04156801265873,0.0,0.0
1999-07-22,0.037125203758478165,213264000,57.44866512406539,0.0,0.0
1999-07-23,0.037125203758478165,80256000,49.99995113033716,0.0,0.0
1999-07-26,0.03724437206983566,60528000,49.99995113033716,0.0,0.0
1999-07-27,0.03736357018351555,98592000,53.04209320215569,0.0,0.0
1999-07-28,0.03796038776636124,244224000,52.2122442694317,0.0,0.0
1999-07-29,0.038318853825330734,388800000,39.66354040841902,0.0,0.0
1999-07-30,0.038438040763139725,452304000,27.998028740978242,0.0,0.0
1999-08-02,0.03879650682210922,313344000,29.872304515492758,0.0,0.0
1999-08-03,0.03784121200442314,255216000,32.39581264959351,0.0,0.0
1999-08-04,0.03784121200442314,89952000,30.431849954600693,0.0,0.0
1999-08-05,0.038438040763139725,240576000,28.35853958292381,0.0,0.0
1999-08-06,0.038438040763139725,183984000,32.7594812073351,0.0,0.0
1999-08-09,0.038438040763139725,31056000,36.5381621661911,0.0,0.0
1999-08-10,0.03915403410792351,212064000,52.079833430833965,0.0,0.0
1999-08-11,0.04178064316511154,197712000,85.45076826979967,0.0,0.0
1999-08-12,0.04380948841571808,239616000,88.88515143928936,0.0,0.0
1999-08-13,0.04333275556564331,84672000,84.00391831443801,0.0,0.0
1999-08-16,0.04166143387556076,223440000,70.45703474954846,0.0,0.0
1999-08-17,0.04178064316511154,193536000,69.04983318561578,0.0,0.0
1999-08-18,0.04273592680692673,279888000,70.78853577932078,0.0,0.0
1999-08-19,0.051807504147291183,1966992000,84.14724437491631,0.0,0.0
1999-08-20,0.05133078992366791,353088000,81.82187235642446,0.0,0.0
1999-08-23,0.04822654277086258,507984000,73.77223301324268,0.0,0.0
1999-08-24,0.0479881726205349,398064000,72.97586946136813,0.0,0.0
1999-08-25,0.04774889349937439,350352000,71.42964982334709,0.0,0.0
1999-08-26,0.04703288525342941,275376000,69.1505165684681,0.0,0.0
1999-08-27,0.04965948686003685,552384000,72.38305044713957,0.0,0.0
1999-08-30,0.049479804933071136,158640000,71.04677584950193,0.0,0.0
1999-08-31,0.05371808633208275,786864000,72.83175063691107,0.0,0.0
1999-09-01,0.0512106828391552,565344000,63.90116179953785,0.0,0.0
1999-09-02,0.050613872706890106,341088000,63.614219118008975,0.0,0.0
1999-09-03,0.05097230523824692,258864000,68.30833875994273,0.0,0.0
1999-09-07,0.05073396489024162,124416000,67.52317658533812,0.0,0.0
1999-09-08,0.050613872706890106,170064000,65.93958095227961,0.0,0.0
1999-09-09,0.04989783838391304,209472000,44.16225399978429,0.0,0.0
1999-09-10,0.050613872706890106,167424000,47.84000011957042,0.0,0.0
1999-09-13,0.04894256964325905,174432000,52.36110156332247,0.0,0.0
1999-09-14,0.0475105345249176,250368000,48.539857478597476,0.0,0.0
1999-09-15,0.047869011759757996,212736000,50.364492417247696,0.0,0.0
1999-09-16,0.04667443782091141,158112000,48.94284833102517,0.0,0.0
1999-09-17,0.04655526205897331,171648000,39.256228074087474,0.0,0.0
1999-09-20,0.04488394781947136,229104000,35.58232451428648,0.0,0.0
1999-09-21,0.04058698192238808,737328000,8.957576414610656,0.0,0.0
1999-09-22,0.04154226556420326,375984000,16.53337803531224,0.0,0.0
1999-09-23,0.038079578429460526,379584000,13.796200831697448,0.0,0.0
1999-09-24,0.03461778536438942,684912000,9.943092206532071,0.0,0.0
1999-09-27,0.036766745150089264,432000000,18.718042363495073,0.0,0.0
1999-09-28,0.04010933265089989,413184000,29.440921102347957,0.0,0.0
1999-09-29,0.03688592463731766,594048000,26.809646461742176,0.0,0.0
1999-09-30,0.036766745150089264,342528000,24.784646263293368,0.0,0.0
1999-10-01,0.03652837872505188,347760000,26.14929839179584,0.0,0.0
1999-10-04,0.03724437206983566,177600000,29.718151823850548,0.0,0.0
1999-10-05,0.04082535207271576,478080000,37.65622654454549,0.0,0.0
1999-10-06,0.045720070600509644,1508736000,48.51948654725145,0.0,0.0
1999-10-07,0.04273592680692673,487296000,44.558772678327664,0.0,0.0
1999-10-08,0.04488394781947136,398928000,49.99998032221066,0.0,0.0
1999-10-11,0.04369029775261879,544464000,54.7787531601131,0.0,0.0
1999-10-12,0.043093468993902206,322992000,52.41533032934075,0.0,0.0
1999-10-13,0.04189981892704964,280368000,56.40069177759471,0.0,0.0
1999-10-14,0.04106462746858597,192336000,61.84395393327062,0.0,0.0
1999-10-15,0.04082535207271576,210720000,58.01903039365545,0.0,0.0
1999-10-18,0.03867731988430023,215184000,47.030401291524655,0.0,0.0
1999-10-19,0.037125203758478165,308928000,50.53311811096337,0.0,0.0
1999-10-20,0.038438040763139725,348720000,53.53578419040829,0.0,0.0
1999-10-21,0.04022851586341858,382128000,57.34561638483279,0.0,0.0
1999-10-22,0.04118381440639496,286752000,57.747084332360615,0.0,0.0
1999-10-25,0.03915403410792351,213840000,46.499686477552444,0.0,0.0
1999-10-26,0.04297427833080292,481248000,43.978378297236326,0.0,0.0
1999-10-27,0.04106462746858597,214128000,46.15349061035867,0.0,0.0
1999-10-28,0.03915403410792351,222768000,36.66692016736705,0.0,0.0
1999-10-29,0.04225827753543854,330528000,46.939866461323454,0.0,0.0
1999-11-01,0.04488394781947136,782544000,53.52078446486063,0.0,0.0
1999-11-02,0.04774889349937439,837504000,60.792274617144415,0.0,0.0
1999-11-03,0.05240434780716896,2011680000,68.33798270593654,0.0,0.0
1999-11-04,0.055746931582689285,1260336000,71.9293283526894,0.0,0.0
1999-11-05,0.05395646020770073,616368000,72.69331421555333,0.0,0.0
1999-11-08,0.0555085688829422,470016000,77.3038684871172,0.0,0.0
1999-11-09,0.05467245355248451,272352000,74.45849459012048,0.0,0.0
1999-11-10,0.05419573187828064,144048000,71.91009548238564,0.0,0.0
1999-11-11,0.058015067130327225,562704000,74.22602253511576,0.0,0.0
1999-11-12,0.06111929565668106,501504000,80.66711439788412,0.0,0.0
1999-11-15,0.05992564931511879,362208000,75.5400890336735,0.0,0.0
1999-11-16,0.06565553694963455,723792000,83.2255342739964,0.0,0.0
1999-11-17,0.06816202402114868,786384000,88.57247321281129,0.0,0.0
1999-11-18,0.06840039789676666,235968000,87.62965424189113,0.0,0.0
1999-11-19,0.08188994228839874,2165184000,90.57680601626116,0.0,0.0
1999-11-22,0.08177080750465393,540192000,89.69502852225699,0.0,0.0
1999-11-23,0.07592169940471649,553248000,76.69527027765548,0.0,0.0
1999-11-24,0.07353349030017853,406848000,70.63720945623737,0.0,0.0
1999-11-26,0.07305675745010376,71760000,72.85835847640412,0.0,0.0
1999-11-29,0.07043016701936722,298608000,67.40973898764797,0.0,0.0
1999-11-30,0.06613226234912872,314688000,62.37133486351677,0.0,0.0
1999-12-01,0.06947486847639084,223536000,65.53330867970983,0.0,0.0
1999-12-02,0.07460793852806091,309888000,66.4300233924386,0.0,0.0
1999-12-03,0.07281746715307236,342768000,61.89277543858335,0.0,0.0
1999-12-06,0.07484724372625351,178608000,64.91623710484988,0.0,0.0
1999-12-07,0.07233981788158417,186384000,57.14200530084387,0.0,0.0
1999-12-08,0.07556323707103729,201696000,57.788705635067565,0.0,0.0
1999-12-09,0.07329510152339935,214944000,54.93992520943637,0.0,0.0
1999-12-10,0.07245899736881256,98304000,37.21700926971739,0.0,0.0
1999-12-13,0.07222065329551697,183840000,37.097126439711026,0.0,0.0
1999-12-14,0.0710269957780838,273888000,42.4353242408538,0.0,0.0
1999-12-15,0.06875886768102646,205968000,42.5934160853965,0.0,0.0
1999-12-16,0.06828118860721588,132576000,42.592165736599696,0.0,0.0
1999-12-17,0.07186219096183777,262080000,52.15743825991983,0.0,0.0
1999-12-20,0.07783135026693344,402432000,66.78056767479616,0.0,0.0
1999-12-21,0.08117396384477615,388368000,66.78057477494397,0.0,0.0
1999-12-22,0.0830836221575737,251184000,63.39578287993651,0.0,0.0
1999-12-23,0.08857518434524536,280224000,72.29652485360371,0.0,0.0
1999-12-27,0.08523258566856384,202416000,64.16844349898837,0.0,0.0
1999-12-28,0.08499328792095184,179184000,68.40161493725314,0.0,0.0
1999-12-29,0.08785822987556458,132144000,68.06868321064871,0.0,0.0
1999-12-30,0.08857518434524536,139776000,73.52827466187986,0.0,0.0
1999-12-31,0.08964873850345612,127344000,76.27662135138782,0.0,0.0
2000-01-03,0.08941035717725754,300912000,76.27653447902972,0.0,0.0
2000-01-04,0.08702302724123001,300480000,73.59094528000881,0.0,0.0
2000-01-05,0.08415807038545609,188352000,72.31785631075525,0.0,0.0
2000-01-06,0.0786665603518486,120480000,63.14151944625153,0.0,0.0
2000-01-07,0.07998029887676239,71184000,60.897861292451346,0.0,0.0
2000-01-10,0.0826059952378273,239856000,57.04164527258957,0.0,0.0
2000-01-11,0.07926337420940399,148128000,47.18223456803663,0.0,0.0
2000-01-12,0.07723451405763626,123552000,41.40391642702534,0.0,0.0
2000-01-13,0.08045703172683716,132192000,37.216682599191394,0.0,0.0
2000-01-14,0.08391883224248886,604560000,47.939005673301,0.0,0.0
2000-01-18,0.08750069886445999,261648000,53.56015220710316,0.0,0.0
2000-01-19,0.0866646021604538,164688000,48.20158294000646,0.0,0.0
2000-01-20,0.08642622828483582,179568000,46.71484822445817,0.0,0.0
2000-01-21,0.08547092229127884,544272000,43.59013579746137,0.0,0.0
2000-01-24,0.08165162801742554,256944000,39.274610306923094,0.0,0.0
2000-01-25,0.08093464374542236,237120000,41.17614264066658,0.0,0.0
2000-01-26,0.07759210467338562,232464000,40.61391974339828,0.0,0.0
2000-01-27,0.07353349030017853,458208000,42.34880372342506,0.0,0.0
2000-01-28,0.0713854432106018,194448000,37.499692155179254,0.0,0.0
2000-01-31,0.07078863680362701,182400000,31.734981971847745,0.0,0.0
2000-02-01,0.07245899736881256,92976000,38.909795574606434,0.0,0.0
2000-02-02,0.07448874413967133,149040000,45.52488597220486,0.0,0.0
2000-02-03,0.07568242400884628,108240000,41.667190263302885,0.0,0.0
2000-02-04,0.07747289538383484,123696000,38.053408758033754,0.0,0.0
2000-02-07,0.07269828021526337,217488000,23.727487448531377,0.0,0.0
2000-02-08,0.07616006582975388,468816000,32.94529733232689,0.0,0.0
2000-02-09,0.07806973159313202,589056000,37.1311313421348,0.0,0.0
2000-02-10,0.09406577050685883,970080000,59.04554409377321,0.0,0.0
2000-02-11,0.0954986959695816,423792000,65.34391595001378,0.0,0.0
2000-02-14,0.11077787727117538,650112000,75.00081566624863,0.0,0.0
2000-02-15,0.10648088157176971,450480000,73.82030334717962,0.0,0.0
2000-02-16,0.11137470602989197,1019568000,80.77813725184431,0.0,0.0
2000-02-17,0.11531410366296768,535776000,84.71768989544513,0.0,0.0
2000-02-18,0.12868450582027435,960864000,88.06979001463485,0.0,0.0
2000-02-22,0.12510263919830322,542496000,83.76729655026068,0.0,0.0
2000-02-23,0.12581954896450043,511392000,83.48922357506159,0.0,0.0
2000-02-24,0.12462591379880905,244320000,81.93171063648435,0.0,0.0
2000-02-25,0.11686619371175766,278736000,73.84379950138911,0.0,0.0
2000-02-28,0.11603105068206787,517872000,77.54171248681975,0.0,0.0
2000-02-29,0.1222376674413681,306048000,78.29889756998648,0.0,0.0
2000-03-01,0.1186567172408104,383568000,74.42537472122149,0.0,0.0
2000-03-02,0.11065863817930222,191040000,61.04928248758598,0.0,0.0
2000-03-03,0.11244914680719376,273696000,61.23389969132882,0.0,0.0
2000-03-06,0.11173316836357117,432096000,50.784556864238354,0.0,0.0
2000-03-07,0.15912450850009918,1952208000,75.31566421230656,0.0,0.0
2000-03-08,0.16043733060359955,668736000,74.43518124383243,0.0,0.0
2000-03-09,0.19156403839588165,952944000,79.88301692454552,0.0,0.0
2000-03-10,0.2253759205341339,2161200000,82.66112033895124,0.0,0.0
2000-03-13,0.2850632667541504,2415168000,89.18151479919429,0.0,0.0
2000-03-14,0.21033518016338348,1567776000,65.19306331491151,0.0,0.0
2000-03-15,0.2017403393983841,995616000,63.50325731755998,0.0,0.0
2000-03-16,0.17986494302749634,750384000,60.51185289358394,0.0,0.0
2000-03-17,0.19075815379619598,557616000,62.06389478686419,0.0,0.0
2000-03-20,0.19063900411128998,365280000,61.26406371299159,0.0,0.0
2000-03-21,0.1812080591917038,536640000,60.10599622815104,0.0,0.0
2000-03-22,0.1825217753648758,230592000,61.866749501615864,0.0,0.0
2000-03-23,0.18574421107769012,309408000,62.0462358578249,0.0,0.0
2000-03-24,0.1779855191707611,231600000,60.642378581511025,0.0,0.0
2000-03-27,0.166286438703537,388944000,51.29945273157787,0.0,0.0
2000-03-28,0.1538722664117813,393312000,48.85496420764595,0.0,0.0
2000-03-29,0.14372526109218597,469440000,40.997456471733955,0.0,0.0
2000-03-30,0.14288917183876038,361920000,32.27769449608462,0.0,0.0
2000-03-31,0.16136234998703003,962976000,17.703120848716438,0.0,0.0
2000-04-03,0.14873917400836945,329952000,26.199576619982878,0.0,0.0
2000-04-04,0.14324761927127838,513792000,26.843331063320022,0.0,0.0
2000-04-05,0.1751205325126648,639600000,48.259505874411296,0.0,0.0
2000-04-06,0.18323777616024017,404592000,47.18378243905465,0.0,0.0
2000-04-07,0.19589124619960785,318576000,51.79804708735142,0.0,0.0
2000-04-10,0.17858237028121948,395280000,49.14712033678966,0.0,0.0
2000-04-11,0.16795772314071655,457584000,45.539132897589816,0.0,0.0
2000-04-12,0.1505296379327774,313440000,40.07750214397709,0.0,0.0
2000-04-13,0.14408281445503235,313296000,40.37600052940876,0.0,0.0
2000-04-14,0.13140006363391876,421920000,40.15176455998871,0.0,0.0
2000-04-17,0.13811451196670532,294096000,45.40376177181437,0.0,0.0
2000-04-18,0.1625862866640091,477504000,55.07712375536597,0.0,0.0
2000-04-19,0.15482661128044128,278352000,53.09791619784387,0.0,0.0
2000-04-20,0.1539914906024933,153936000,47.8944040331042,0.0,0.0
2000-04-24,0.1463508903980255,205968000,49.29775779630626,0.0,0.0
2000-04-25,0.1623469740152359,249696000,55.28913694092319,0.0,0.0
2000-04-26,0.1606757491827011,254112000,45.196303019570635,0.0,0.0
2000-04-27,0.1738068163394928,280992000,46.96489094455951,0.0,0.0
2000-04-28,0.17022591829299927,179040000,41.228048628011,0.0,0.0
2000-05-01,0.17571739852428436,119424000,48.934749105803434,0.0,0.0
2000-05-02,0.1689130663871765,234000000,50.3655940409562,0.0,0.0
2000-05-03,0.1661672443151474,329184000,56.74196219045789,0.0,0.0
2000-05-04,0.16819696128368378,241200000,60.80818020010201,0.0,0.0
2000-05-05,0.17595578730106354,170592000,70.89245829586918,0.0,0.0
2000-05-08,0.16950978338718414,185136000,64.75859260042265,0.0,0.0
2000-05-09,0.16712257266044617,176832000,52.691252703248864,0.0,0.0
2000-05-10,0.15064887702465057,274080000,47.75370788228631,0.0,0.0
2000-05-11,0.15709473192691803,245904000,51.57359951528187,0.0,0.0
2000-05-12,0.15232013165950775,187824000,53.11751873794007,0.0,0.0
2000-05-15,0.1628246307373047,282096000,50.264635946663965,0.0,0.0
2000-05-16,0.17953670024871826,366432000,58.95699372391104,0.0,0.0
2000-05-17,0.21105116605758667,1290624000,65.05801306522164,0.0,0.0
2000-05-18,0.19672639667987823,509904000,59.85782375318902,0.0,0.0
2000-05-19,0.19505512714385986,521184000,57.403801281515356,0.0,0.0
2000-05-22,0.20770949125289917,517152000,64.21705735618292,0.0,0.0
2000-05-23,0.2060382217168808,778560000,64.72681062877464,0.0,0.0
2000-05-24,0.20341163873672485,739632000,62.949852956926826,0.0,0.0
2000-05-25,0.20054669678211212,569184000,59.38070999130659,0.0,0.0
2000-05-26,0.2015615552663803,183456000,62.75534822619869,0.0,0.0
2000-05-30,0.2098575383424759,303648000,66.24294912236152,0.0,0.0
2000-05-31,0.2179747372865677,469536000,77.32541114282118,0.0,0.0
2000-06-01,0.22406309843063354,418992000,77.25942011719206,0.0,0.0
2000-06-02,0.25128060579299927,592176000,84.05896096350253,0.0,0.0
2000-06-05,0.256681352853775,491904000,83.4785475038326,0.0,0.0
2000-06-06,0.24387945234775543,375888000,73.60954751914247,0.0,0.0
2000-06-07,0.23301644623279572,332352000,59.499497927380325,0.0,0.0
2000-06-08,0.23480698466300964,460704000,68.47162987885244,0.0,0.0
2000-06-09,0.2414911836385727,467280000,71.47997494350844,0.0,0.0
2000-06-12,0.23504528403282166,380016000,63.415278597281144,0.0,0.0
2000-06-13,0.24244652688503265,447840000,66.91631003232916,0.0,0.0
2000-06-14,0.24220813810825348,275088000,68.43505051021219,0.0,0.0
2000-06-15,0.24853476881980896,338592000,72.07637039310832,0.0,0.0
2000-06-16,0.286017507314682,987840000,79.09176835730446,0.0,0.0
2000-06-19,0.3039233088493347,1052160000,80.39002947624157,0.0,0.0
2000-06-20,0.2998647391796112,610272000,77.1688701842057,0.0,0.0
2000-06-21,0.33030468225479126,614880000,80.34482844009165,0.0,0.0
2000-06-22,0.31227990984916687,614352000,68.38830180546194,0.0,0.0
2000-06-23,0.2827949821949005,607392000,56.873864582180175,0.0,0.0
2000-06-26,0.316935271024704,618288000,67.28828988921825,0.0,0.0
2000-06-27,0.27217069268226624,604608000,57.98451540802685,0.0,0.0
2000-06-28,0.26166588068008423,586608000,55.28920541323825,0.0,0.0
2000-06-29,0.22394394874572754,1184880000,46.92089288178222,0.0,0.0
2000-06-30,0.24280497431755066,1209192000,51.30478029776312,0.0,0.0
2000-07-03,0.23349407315254211,232680000,48.50425909560827,0.0,0.0
2000-07-05,0.20842553675174713,777936000,44.78816918211091,0.0,0.0
2000-07-06,0.22107896208763123,603936000,45.84534344039027,0.0,0.0
2000-07-07,0.22227264940738678,346560000,39.16394534786584,0.0,0.0
2000-07-10,0.23373238742351532,351264000,37.800822003095504,0.0,0.0
2000-07-11,0.2525935769081116,755304000,42.18631822967509,0.0,0.0
2000-07-12,0.259755402803421,388152000,37.36634156378721,0.0,0.0
2000-07-13,0.2841079831123352,458736000,45.066891890576045,0.0,0.0
2000-07-14,0.28195902705192566,280200000,49.83811815618487,0.0,0.0
2000-07-17,0.27885565161705017,105552000,41.61856601775115,0.0,0.0
2000-07-18,0.2733641266822815,183672000,50.317578800872866,0.0,0.0
2000-07-19,0.2559360861778259,189504000,48.52943639788687,0.0,0.0
2000-07-20,0.262859582901001,142992000,61.86319334025486,0.0,0.0
2000-07-21,0.2662021517753601,251928000,57.87784021667761,0.0,0.0
2000-07-24,0.24352091550827026,281112000,53.09718176376069,0.0,0.0
2000-07-25,0.23444844782352448,335304000,58.91964107504934,0.0,0.0
2000-07-26,0.21702039241790771,380064000,48.652964766236,0.0,0.0
2000-07-27,0.20150193572044373,331560000,43.70483005552333,0.0,0.0
2000-07-28,0.2062765508890152,512664000,41.327270369445394,0.0,0.0
2000-07-31,0.22919617593288422,371232000,42.79400353008873,0.0,0.0
2000-08-01,0.2246599793434143,350616000,39.01353254010148,0.0,0.0
2000-08-02,0.22919617593288422,345432000,30.37529413461678,0.0,0.0
2000-08-03,0.2392238974571228,368664000,35.541309702327126,0.0,0.0
2000-08-04,0.24352091550827026,194784000,38.14088933382979,0.0,0.0
2000-08-07,0.26262035965919495,246936000,46.69595261107854,0.0,0.0
2000-08-08,0.2568903863430023,128112000,50.3162252615278,0.0,0.0
2000-08-09,0.2492508441209793,136248000,45.51171778652368,0.0,0.0
2000-08-10,0.25211575627326965,156432000,45.33949867987192,0.0,0.0
2000-08-11,0.24614755809307098,131928000,50.97707795788781,0.0,0.0
2000-08-14,0.24853476881980896,108576000,55.514216714223465,0.0,0.0
2000-08-15,0.2719917297363281,443328000,70.5490924705068,0.0,0.0
2000-08-16,0.27885565161705017,266232000,80.9163641776585,0.0,0.0
2000-08-17,0.2841079831123352,129816000,80.98896027281702,0.0,0.0
2000-08-18,0.2941349446773529,204720000,78.81387530018637,0.0,0.0
2000-08-21,0.29867106676101685,464472000,82.83936162112612,0.0,0.0
2000-08-22,0.27049922943115234,658872000,65.14905448652566,0.0,0.0
2000-08-23,0.2862567901611328,352800000,66.55480943252317,0.0,0.0
2000-08-24,0.2938963770866394,332616000,67.32370229479898,0.0,0.0
2000-08-25,0.28649523854255676,153048000,58.92876985799707,0.0,0.0
2000-08-28,0.2979549765586853,189264000,64.72629401494318,0.0,0.0
2000-08-29,0.2972390353679657,149376000,68.10841324545123,0.0,0.0
2000-08-30,0.2998647391796112,178080000,68.0507348287191,0.0,0.0
2000-08-31,0.3032073676586151,388896000,72.00741535296913,0.0,0.0
2000-09-01,0.30368494987487793,204144000,71.58890550775196,0.0,0.0
2000-09-05,0.3041626513004303,246144000,65.35622215814828,0.0,0.0
2000-09-06,0.28315266966819763,230136000,51.80706094251861,0.0,0.0
2000-09-07,0.2984326183795929,239760000,55.555518700679734,0.0,0.0
2000-09-08,0.2807652950286865,222648000,45.104939697450455,0.0,0.0
2000-09-11,0.2693054676055908,285888000,39.767117347646476,0.0,0.0
2000-09-12,0.2676342725753784,125976000,48.77550561475321,0.0,0.0
2000-09-13,0.2675149440765381,239976000,40.75367703566811,0.0,0.0
2000-09-14,0.2650085687637329,216336000,34.98779079675623,0.0,0.0
2000-09-15,0.27079808712005615,242592000,41.70364715130321,0.0,0.0
2000-09-18,0.25498074293136597,163488000,28.28715238145655,0.0,0.0
2000-09-19,0.262859582901001,301104000,33.802113933626956,0.0,0.0
2000-09-20,0.254264771938324,227568000,29.65964985801652,0.0,0.0
2000-09-21,0.26518726348876953,346824000,34.114902241946254,0.0,0.0
2000-09-22,0.269783079624176,387264000,36.30675224725444,0.0,0.0
2000-09-25,0.2891218364238739,467568000,44.72812368140527,0.0,0.0
2000-09-26,0.29604530334472656,337344000,55.014045012001716,0.0,0.0
2000-09-27,0.31227990984916687,676128000,55.34562536257252,0.0,0.0
2000-09-28,0.3218299448490143,333816000,66.91260914318939,0.0,0.0
2000-09-29,0.3127574622631073,373872000,68.2548211514799,0.0,0.0
2000-10-02,0.3053562641143799,340584000,65.1196247767477,0.0,0.0
2000-10-03,0.28888261318206787,300264000,57.57184438409307,0.0,0.0
2000-10-04,0.2855399549007416,419568000,57.23263193646491,0.0,0.0
2000-10-05,0.27885565161705017,525048000,52.8206692171682,0.0,0.0
2000-10-06,0.261426717042923,1027176000,52.231330631623884,0.0,0.0
2000-10-09,0.26715657114982605,665256000,51.509902749760045,0.0,0.0
2000-10-10,0.24686355888843536,415944000,47.59686814807402,0.0,0.0
2000-10-11,0.24901242554187775,535776000,44.43082460787563,0.0,0.0
2000-10-12,0.2392238974571228,401616000,39.84139306835112,0.0,0.0
2000-10-13,0.24877332150936127,578976000,35.65345191684135,0.0,0.0
2000-10-16,0.24304333329200745,339216000,30.993002634369006,0.0,0.0
2000-10-17,0.2253759205341339,463248000,19.152428156061745,0.0,0.0
2000-10-18,0.2217949777841568,416952000,12.920142810896266,0.0,0.0
2000-10-19,0.24328258633613586,294888000,26.41823725782662,0.0,0.0
2000-10-20,0.26596298813819885,387360000,37.885369337380524,0.0,0.0
2000-10-23,0.2599947154521942,182112000,40.50241006424792,0.0,0.0
2000-10-24,0.2516382038593292,193968000,39.20972514063381,0.0,0.0
2000-10-25,0.2296738177537918,385512000,35.73398461294008,0.0,0.0
2000-10-26,0.23946242034435272,265776000,43.33339387437709,0.0,0.0
2000-10-27,0.23397080600261688,210960000,39.912866398471785,0.0,0.0
2000-10-30,0.2174980491399765,192120000,40.861844330198196,0.0,0.0
2000-10-31,0.2373729795217514,299256000,46.73784500545746,0.0,0.0
2000-11-01,0.2373134344816208,304536000,49.43367236056089,0.0,0.0
2000-11-02,0.25545835494995117,192888000,51.885569562590376,0.0,0.0
2000-11-03,0.27217069268226624,268632000,57.736336128229844,0.0,0.0
2000-11-06,0.2931804060935974,635040000,67.69496481360997,0.0,0.0
2000-11-07,0.2733641266822815,258240000,62.4066923026475,0.0,0.0
2000-11-08,0.2652469873428345,187080000,55.64760818985732,0.0,0.0
2000-11-09,0.2375527173280716,564528000,42.87860317055106,0.0,0.0
2000-11-10,0.2246599793434143,805248000,41.4400493904314,0.0,0.0
2000-11-13,0.22561520338058472,530040000,43.461372506082185,0.0,0.0
2000-11-14,0.26691821217536926,470736000,58.52925675836258,0.0,0.0
2000-11-15,0.2633967995643616,423864000,55.64314317385961,0.0,0.0
2000-11-16,0.24686355888843536,235536000,52.88935537979757,0.0,0.0
2000-11-17,0.2420889139175415,178776000,55.81593074437208,0.0,0.0
2000-11-20,0.22346633672714233,298752000,46.69136587212805,0.0,0.0
2000-11-21,0.21916931867599487,382512000,45.76851865812547,0.0,0.0
2000-11-22,0.20770949125289917,409752000,38.50584826606482,0.0,0.0
2000-11-24,0.21964605152606964,165072000,37.05866413767036,0.0,0.0
2000-11-27,0.21224486827850342,363864000,28.625249488987777,0.0,0.0
2000-11-28,0.19642850756645203,382344000,29.243075120698776,0.0,0.0
2000-11-29,0.18431223928928375,636408000,28.625368898463734,0.0,0.0
2000-11-30,0.1547074168920517,981624000,28.33938414064393,0.0,0.0
2000-12-01,0.1699874997138977,784080000,35.88166006106279,0.0,0.0
2000-12-04,0.17261314392089844,474264000,36.43009114490177,0.0,0.0
2000-12-05,0.18383459746837616,997224000,24.85531436026706,0.0,0.0
2000-12-06,0.15757237374782562,950928000,21.848002679825157,0.0,0.0
2000-12-07,0.1547074168920517,785184000,23.561443513859473,0.0,0.0
2000-12-08,0.1900421380996704,853392000,37.29597583962876,0.0,0.0
2000-12-11,0.1900421380996704,757632000,41.025666255642754,0.0,0.0
2000-12-12,0.18478988111019135,409512000,40.81629520795575,0.0,0.0
2000-12-13,0.17046517133712769,675072000,40.200987327211784,0.0,0.0
2000-12-14,0.15876609086990356,569016000,33.96239125853944,0.0,0.0
2000-12-15,0.1430092304944992,1094424000,32.53031840921851,0.0,0.0
2000-12-18,0.14772427082061768,658872000,36.98152027584955,0.0,0.0
2000-12-19,0.13656237721443176,946200000,37.171168384999795,0.0,0.0
2000-12-20,0.12176094949245453,1105392000,40.383417665103835,0.0,0.0
2000-12-21,0.10648088157176971,845256000,31.46336774100736,0.0,0.0
2000-12-22,0.13393671810626984,949080000,40.14012830078537,0.0,0.0
2000-12-26,0.12844519317150116,343824000,35.454506420129164,0.0,0.0
2000-12-27,0.13704010844230652,339456000,44.056653061608166,0.0,0.0
2000-12-28,0.1377560794353485,419232000,45.03138640037613,0.0,0.0
2000-12-29,0.12516216933727264,495168000,28.05788593754704,0.0,0.0
2001-01-02,0.11435971409082413,290808000,26.14737999705035,0.0,0.0
2001-01-03,0.14945515990257263,910368000,40.626851829343,0.0,0.0
2001-01-04,0.1666448563337326,815448000,49.001764736152836,0.0,0.0
2001-01-05,0.1416955441236496,432768000,45.82839784343539,0.0,0.0
2001-01-08,0.15518510341644287,573768000,53.008805775918866,0.0,0.0
2001-01-09,0.15828843414783478,302904000,52.63149342089118,0.0,0.0
2001-01-10,0.16927050054073334,392928000,58.15478378917906,0.0,0.0
2001-01-11,0.18335697054862976,447648000,65.41205763584087,0.0,0.0
2001-01-12,0.17953670024871826,669000000,69.3914909078543,0.0,0.0
2001-01-16,0.1654512584209442,414984000,59.00413064120136,0.0,0.0
2001-01-17,0.17141948640346527,592584000,62.244983110179184,0.0,0.0
2001-01-18,0.20430737733840942,948168000,66.83617007845822,0.0,0.0
2001-01-19,0.19887538254261017,1018704000,64.9446082821249,0.0,0.0
2001-01-22,0.19099652767181396,377712000,66.4774502236344,0.0,0.0
2001-01-23,0.2100372165441513,433632000,72.99837189962771,0.0,0.0
2001-01-24,0.2091415673494339,451728000,67.17006391736962,0.0,0.0
2001-01-25,0.18813154101371765,440016000,56.04816054293904,0.0,0.0
2001-01-26,0.1941007673740387,259248000,66.51601147674353,0.0,0.0
2001-01-29,0.19505512714385986,354168000,63.64341196464716,0.0,0.0
2001-01-30,0.19935305416584015,243720000,63.93824400591306,0.0,0.0
2001-01-31,0.1972040832042694,358344000,60.086067619490265,0.0,0.0
2001-02-01,0.19821897149085999,371856000,55.92562270834748,0.0,0.0
2001-02-02,0.1790599524974823,320520000,49.83062705044377,0.0,0.0
2001-02-05,0.17882071435451508,367584000,55.26783312725309,0.0,0.0
2001-02-06,0.17977602779865265,250440000,53.428064038516595,0.0,0.0
2001-02-07,0.17141948640346527,720384000,33.108891314447845,0.0,0.0
2001-02-08,0.17046517133712769,384288000,34.70513313712597,0.0,0.0
2001-02-09,0.16927050054073334,259608000,37.39654993915983,0.0,0.0
2001-02-12,0.16473525762557983,354336000,18.402233075193166,0.0,0.0
2001-02-13,0.1697482019662857,467736000,24.015846064371914,0.0,0.0
2001-02-14,0.182163268327713,690888000,45.55982177320503,0.0,0.0
2001-02-15,0.21558740735054016,1108512000,61.349051531315,0.0,0.0
2001-02-16,0.22728648781776428,1081176000,65.28894341169578,0.0,0.0
2001-02-20,0.20460525155067444,701304000,52.121396927973656,0.0,0.0
2001-02-21,0.21391619741916656,646512000,56.38097034685719,0.0,0.0
2001-02-22,0.22298870980739594,815304000,58.90931390507762,0.0,0.0
2001-02-23,0.20758946239948273,1034664000,60.546908972220265,0.0,0.0
2001-02-26,0.20293398201465607,751824000,58.63242455287197,0.0,0.0
2001-02-27,0.19075815379619598,533832000,53.639177900402046,0.0,0.0
2001-02-28,0.1707034558057785,784056000,49.7797943409992,0.0,0.0
2001-03-01,0.18419219553470612,915288000,53.919318826144476,0.0,0.0
2001-03-02,0.1664661169052124,1413504000,49.26835917398958,0.0,0.0
2001-03-05,0.16807690262794495,742296000,50.88530909734248,0.0,0.0
2001-03-06,0.18431223928928375,834408000,53.64193107937565,0.0,0.0
2001-03-07,0.1991146355867386,938280000,54.18890107879684,0.0,0.0
2001-03-08,0.2057988941669464,829344000,47.212780591666814,0.0,0.0
2001-03-09,0.19123582541942596,1216776000,39.89954338221277,0.0,0.0
2001-03-12,0.18431223928928375,762144000,43.763781503578805,0.0,0.0
2001-03-13,0.2062765508890152,1082352000,47.821675446184535,0.0,0.0
2001-03-14,0.2179747372865677,1351128000,48.59143451132866,0.0,0.0
2001-03-15,0.22871854901313782,1875984000,56.09516224062636,0.0,0.0
2001-03-16,0.22776418924331665,1225200000,57.31912332008703,0.0,0.0
2001-03-19,0.2408944070339203,943896000,64.69582699966793,0.0,0.0
2001-03-20,0.2184523642063141,1990560000,63.80287588877185,0.0,0.0
2001-03-21,0.23468777537345886,1877352000,64.36869126338092,0.0,0.0
2001-03-22,0.25832346081733704,1697760000,75.28784646182957,0.0,0.0
2001-03-23,0.2559360861778259,1509672000,74.08419402190034,0.0,0.0
2001-03-26,0.269783079624176,1542960000,73.74035063291164,0.0,0.0
2001-03-27,0.2599947154521942,1702152000,67.3945344948342,0.0,0.0
2001-03-28,0.26017338037490845,1433280000,66.13561541982708,0.0,0.0
2001-03-29,0.26405325531959534,1632960000,73.07139089481416,0.0,0.0
2001-03-30,0.2479977011680603,1423176000,69.07425336388599,0.0,0.0
2001-04-02,0.2375527173280716,1265160000,60.0617175045382,0.0,0.0
2001-04-03,0.24543064832687378,1991616000,59.05529832750848,0.0,0.0
2001-04-04,0.22012366354465485,3362472000,47.41373708042184,0.0,0.0
2001-04-05,0.24041765928268433,1724760000,53.41055980057881,0.0,0.0
2001-04-06,0.23946242034435272,1547664000,49.586912822544626,0.0,0.0
2001-04-09,0.2278210073709488,1097160000,52.88214992379239,0.0,0.0
2001-04-10,0.24932686984539032,1186416000,54.36208979255076,0.0,0.0
2001-04-11,0.26437777280807495,1426872000,51.901306472208056,0.0,0.0
2001-04-12,0.2683502435684204,1440264000,53.860137239337625,0.0,0.0
2001-04-16,0.2618182301521301,764112000,47.4053160235821,0.0,0.0
2001-04-17,0.27465319633483887,1112448000,54.68229263049782,0.0,0.0
2001-04-18,0.2951286733150482,2301864000,59.88399506194337,0.0,0.0
2001-04-19,0.3204924166202545,1632264000,64.22991925396363,0.0,0.0
2001-04-20,0.3321813642978668,1773840000,71.70297584107337,0.0,0.0
2001-04-23,0.3146478235721588,1239000000,69.17468767874905,0.0,0.0
2001-04-24,0.2923782765865326,1828320000,60.8965042509198,0.0,0.0
2001-04-25,0.3058238923549652,1423728000,71.04996967240676,0.0,0.0
2001-04-26,0.28172066807746887,1486008000,59.958625107995545,0.0,0.0
2001-04-27,0.30177536606788635,915672000,63.75728823601809,0.0,0.0
2001-04-30,0.3182004392147064,1583280000,69.54098057336441,0.0,0.0
2001-05-01,0.34791991114616394,1867368000,70.58569931494112,0.0,0.0
2001-05-02,0.33993643522262573,1547784000,66.25600418298495,0.0,0.0
2001-05-03,0.3384467661380768,960504000,65.24370822418496,0.0,0.0
2001-05-04,0.3431066572666168,953520000,67.82270464743493,0.0,0.0
2001-05-07,0.35850128531455994,975600000,68.179862018105,0.0,0.0
2001-05-08,0.3325636684894562,1620144000,57.92881663977759,0.0,0.0
2001-05-09,0.31697845458984375,1319040000,49.22357013399418,0.0,0.0
2001-05-10,0.30632081627845764,998904000,44.25982413432154,0.0,0.0
2001-05-11,0.2984894812107086,921216000,46.2519547180807,0.0,0.0
2001-05-14,0.30104929208755493,702432000,52.2137139811948,0.0,0.0
2001-05-15,0.31185996532440186,1242600000,51.56202653533666,0.0,0.0
2001-05-16,0.3265661299228668,957096000,62.19850300130416,0.0,0.0
2001-05-17,0.3323344886302948,919056000,59.01294241453459,0.0,0.0
2001-05-18,0.3296602666378021,575832000,53.67824722175818,0.0,0.0
2001-05-21,0.3445579707622528,1064688000,48.807448967741124,0.0,0.0
2001-05-22,0.35487180948257446,1049976000,55.21170215549924,0.0,0.0
2001-05-23,0.3518546223640442,2244912000,54.62932270349088,0.0,0.0
2001-05-24,0.35704925656318665,1680576000,54.79624265933325,0.0,0.0
2001-05-25,0.35028788447380066,947952000,46.99617168756777,0.0,0.0
2001-05-29,0.3359255790710449,920568000,51.343249117803076,0.0,0.0
2001-05-30,0.3296602666378021,3308904000,55.47476063695219,0.0,0.0
2001-05-31,0.3270244300365448,1262928000,59.60289246236464,0.0,0.0
2001-06-01,0.3451308310031891,1022472000,69.75091931489065,0.0,0.0
2001-06-04,0.3397834002971649,621552000,66.02417174384655,0.0,0.0
2001-06-05,0.3576221168041229,987168000,67.89128041613267,0.0,0.0
2001-06-06,0.35915032029151917,698976000,64.20265877561067,0.0,0.0
2001-06-07,0.3794342875480652,1141152000,68.2236420595728,0.0,0.0
2001-06-08,0.36957883834838867,712680000,64.63200421190629,0.0,0.0
2001-06-11,0.3587680160999298,581928000,55.369509985537206,0.0,0.0
2001-06-12,0.3707248270511627,1102728000,55.91686899412875,0.0,0.0
2001-06-13,0.3582721948623657,938712000,52.23764386504764,0.0,0.0
2001-06-14,0.35750746726989746,946152000,50.164854537430294,0.0,0.0
2001-06-15,0.3630852699279785,1094544000,54.64391567801284,0.0,0.0
2001-06-18,0.34872204065322876,856656000,54.643549287476155,0.0,0.0
2001-06-19,0.3296602666378021,1513128000,49.99999535142613,0.0,0.0
2001-06-20,0.34383276104927063,1759200000,55.18389702615499,0.0,0.0
2001-06-21,0.35032638907432556,1484568000,51.726006039579715,0.0,0.0
2001-06-22,0.34876057505607605,761184000,53.05915635513954,0.0,0.0
2001-06-25,0.34807294607162476,640032000,46.31519009959749,0.0,0.0
2001-06-26,0.35811910033226013,757920000,49.62661599810499,0.0,0.0
2001-06-27,0.347041517496109,895752000,37.43360716604725,0.0,0.0
2001-06-28,0.3511285185813904,909336000,42.50705977156926,0.0,0.0
2001-06-29,0.3542988896369934,730920000,48.06493296816539,0.0,0.0
2001-07-02,0.3385988771915436,1040016000,36.52670262013118,0.0,0.0
2001-07-03,0.34291601181030273,406296000,43.08811000434115,0.0,0.0
2001-07-05,0.31804823875427246,1020096000,35.40583429802736,0.0,0.0
2001-07-06,0.3082689046859741,802824000,30.337039810313982,0.0,0.0
2001-07-09,0.29818421602249146,1014072000,31.297715604715776,0.0,0.0
2001-07-10,0.3006293475627899,1221744000,37.75011978459546,0.0,0.0
2001-07-11,0.3000563979148865,904632000,29.13328279329835,0.0,0.0
2001-07-12,0.3157939016819,981552000,34.87262331956917,0.0,0.0
2001-07-13,0.3092617690563202,690144000,33.41854533757062,0.0,0.0
2001-07-16,0.2843939960002899,1191696000,27.779001063981525,0.0,0.0
2001-07-17,0.3002854883670807,1169904000,30.609777058579994,0.0,0.0
2001-07-18,0.2898947596549988,840984000,30.751409228582673,0.0,0.0
2001-07-19,0.2945557236671448,840024000,31.018129509828967,0.0,0.0
2001-07-20,0.2860753536224365,742464000,27.896574550854055,0.0,0.0
2001-07-23,0.25899168848991394,1547976000,25.980204122662215,0.0,0.0
2001-07-24,0.2765253186225891,1365312000,31.447662963767385,0.0,0.0
2001-07-25,0.2738509476184845,1245888000,35.90060421138011,0.0,0.0
2001-07-26,0.30177536606788635,1714152000,48.143424401502585,0.0,0.0
2001-07-27,0.3094148337841034,1094688000,53.256481868065805,0.0,0.0
2001-07-30,0.30204203724861145,582288000,50.39824581306185,0.0,0.0
2001-07-31,0.30903270840644836,1187760000,52.442130959419366,0.0,0.0
2001-08-01,0.327903687953949,1204944000,53.23940590823932,0.0,0.0
2001-08-02,0.33569639921188354,1097928000,57.023980117477,0.0,0.0
2001-08-03,0.333060622215271,820344000,64.66373657029504,0.0,0.0
2001-08-06,0.3431452512741089,1292568000,63.38236395797528,0.0,0.0
2001-08-07,0.33806437253952026,1088616000,65.55610913184483,0.0,0.0
2001-08-08,0.3294695019721985,1125696000,60.99582047383564,0.0,0.0
2001-08-09,0.32370108366012573,1643616000,62.05586907767758,0.0,0.0
2001-08-10,0.32331982254981995,1036488000,74.86689570096264,0.0,0.0
2001-08-13,0.3368796706199646,1514784000,74.0702729620156,0.0,0.0
2001-08-14,0.32794123888015747,2321160000,70.5455259124669,0.0,0.0
2001-08-15,0.3283236026763916,1816392000,62.752150653825296,0.0,0.0
2001-08-16,0.342151403427124,1026096000,64.8422763563378,0.0,0.0
2001-08-17,0.31999650597572327,1668840000,57.17813238183149,0.0,0.0
2001-08-20,0.3177804946899414,1183320000,53.63615130568086,0.0,0.0
2001-08-21,0.31109538674354553,1186656000,42.22578839945226,0.0,0.0
2001-08-22,0.323892742395401,1498104000,44.782108371162956,0.0,0.0
2001-08-23,0.31671062111854553,1013592000,43.0516541122811,0.0,0.0
2001-08-24,0.3257639706134796,1110936000,42.548067331065816,0.0,0.0
2001-08-27,0.3370330035686493,1279608000,49.58009301218122,0.0,0.0
2001-08-28,0.33263978362083435,1178760000,51.33643374438373,0.0,0.0
2001-08-29,0.32194456458091736,1435800000,49.289060440513936,0.0,0.0
2001-08-30,0.3209131360054016,1431312000,49.03101129352665,0.0,0.0
2001-08-31,0.3235865831375122,887904000,44.133660712595415,0.0,0.0
2001-09-04,0.30108773708343506,1856136000,39.416100342895774,0.0,0.0
2001-09-05,0.3075052499771118,2395584000,42.16738417308181,0.0,0.0
2001-09-06,0.2949368953704834,1950768000,32.066246560195665,0.0,0.0
2001-09-07,0.29803118109703064,1970256000,40.244157646746984,0.0,0.0
2001-09-10,0.2893986701965332,1872360000,38.074036608357595,0.0,0.0
2001-09-17,0.25967925786972046,1138596000,31.899052694261414,0.0,0.0
2001-09-18,0.24401777982711792,894372000,22.43603832734553,0.0,0.0
2001-09-19,0.2410382628440857,1561908000,23.106245024949303,0.0,0.0
2001-09-20,0.22063982486724854,1470696000,15.427125914371203,0.0,0.0
2001-09-21,0.20604737102985382,1226304000,7.843427305669422,0.0,0.0
2001-09-24,0.22919617593288422,1507500000,20.29389523394289,0.0,0.0
2001-09-25,0.22025756537914276,941724000,20.50072651183291,0.0,0.0
2001-09-26,0.21231180429458618,430812000,19.710023789563195,0.0,0.0
2001-09-27,0.20054669678211212,907296000,17.339356289494518,0.0,0.0
2001-09-28,0.2098676562309265,1044876000,23.96437443104284,0.0,0.0
2001-10-01,0.19206641614437103,972804000,19.06235293101801,0.0,0.0
2001-10-02,0.1824401617050171,1123032000,19.367776474792876,0.0,0.0
2001-10-03,0.21834787726402283,1798824000,31.59213825381451,0.0,0.0
2001-10-04,0.24669130146503448,1980576000,40.95754201851223,0.0,0.0
2001-10-05,0.2513521909713745,1078212000,48.02760563223232,0.0,0.0
2001-10-08,0.25700506567955017,765900000,53.229346154100995,0.0,0.0
2001-10-09,0.24585144221782684,917556000,51.15006533482911,0.0,0.0
2001-10-10,0.26166588068008423,968124000,60.02237907067654,0.0,0.0
2001-10-11,0.29000934958457947,918000000,69.22002095397582,0.0,0.0
2001-10-12,0.3088803291320801,1253100000,68.60515181136068,0.0,0.0
2001-10-15,0.3075052499771118,908568000,71.1169759134554,0.0,0.0
2001-10-16,0.3384467661380768,1383852000,77.47109386987344,0.0,0.0
2001-10-17,0.3185827136039734,1695540000,74.83122812648304,0.0,0.0
2001-10-18,0.3320292830467224,1020864000,75.26065582593922,0.0,0.0
2001-10-19,0.33890506625175476,1059264000,81.80023075877631,0.0,0.0
2001-10-22,0.3469270169734955,970824000,85.87149083917657,0.0,0.0
2001-10-23,0.3408147990703583,953028000,80.6970177774815,0.0,0.0
2001-10-24,0.3558655083179474,1212144000,79.3188713721055,0.0,0.0
2001-10-25,0.376722514629364,1152396000,80.973943539638,0.0,0.0
2001-10-26,0.34982937574386597,1097124000,70.75486732281489,0.0,0.0
2001-10-29,0.3214091956615448,1004796000,65.68322629402402,0.0,0.0
2001-10-30,0.3208746612071991,1153380000,63.122091489374746,0.0,0.0
2001-10-31,0.32744523882865906,989292000,59.18291807145494,0.0,0.0
2001-11-01,0.355407178401947,1093776000,60.92562555471421,0.0,0.0
2001-11-02,0.36037251353263855,1087248000,62.20865097053453,0.0,0.0
2001-11-05,0.3616715669631958,933456000,56.21405421117325,0.0,0.0
2001-11-06,0.3865008056163788,1415376000,67.70191254500891,0.0,0.0
2001-11-07,0.38680708408355713,1419144000,65.3269202809376,0.0,0.0
2001-11-08,0.3800833523273468,1915188000,61.53156433073283,0.0,0.0
2001-11-09,0.4064408540725708,2270484000,65.11412601437803,0.0,0.0
2001-11-12,0.4173662066459656,1458636000,68.97705655917643,0.0,0.0
2001-11-13,0.4139283001422882,1446516000,65.27310377081355,0.0,0.0
2001-11-14,0.40239253640174866,1150224000,57.100556026391665,0.0,0.0
2001-11-15,0.404531329870224,874944000,67.53197619883025,0.0,0.0
2001-11-16,0.4010172188282013,496128000,80.36152895305594,0.0,0.0
2001-11-19,0.3922308087348938,1943052000,75.60283653412112,0.0,0.0
2001-11-20,0.38122937083244324,937884000,68.70324285567321,0.0,0.0
2001-11-21,0.37634018063545227,728412000,58.6707678106311,0.0,0.0
2001-11-23,0.381611704826355,254016000,58.775336847623855,0.0,0.0
2001-11-26,0.40888601541519165,1215780000,66.06025300734888,0.0,0.0
2001-11-27,0.41324082016944885,1183992000,60.567739062985076,0.0,0.0
2001-11-28,0.39238396286964417,740844000,51.89601945646124,0.0,0.0
2001-11-29,0.4095735549926758,5135472000,59.3599696317424,0.0,0.0
2001-11-30,0.4174424409866333,1034028000,53.956120866041815,0.0,0.0
2001-12-03,0.4111018478870392,851496000,47.67054749584937,0.0,0.0
2001-12-04,0.4441821575164795,1384644000,59.2179659920443,0.0,0.0
2001-12-05,0.48001280426979065,1707036000,70.60013047941226,0.0,0.0
2001-12-06,0.47244954109191895,1138944000,67.52077020309639,0.0,0.0
2001-12-07,0.45801010727882385,807036000,63.917859184116566,0.0,0.0
2001-12-10,0.46259403228759766,695868000,67.54301621788709,0.0,0.0
2001-12-11,0.47917330265045166,792252000,73.75865330702032,0.0,0.0
2001-12-12,0.49407094717025757,1004628000,77.23596140974325,0.0,0.0
2001-12-13,0.47986048460006714,881400000,71.82626733806688,0.0,0.0
2001-12-14,0.5014814734458923,754680000,71.10036460923311,0.0,0.0
2001-12-17,0.5195116400718689,1080960000,72.79588775318675,0.0,0.0
2001-12-18,0.5061412453651428,886968000,75.21153573257342,0.0,0.0
2001-12-19,0.4923134446144104,854652000,68.61466454284502,0.0,0.0
2001-12-20,0.4729079306125641,951228000,61.86272865787393,0.0,0.0
2001-12-21,0.4933834671974182,723972000,66.5946961783551,0.0,0.0
2001-12-24,0.5056828260421753,265308000,63.538382771812714,0.0,0.0
2001-12-26,0.5180595517158508,642156000,59.33980757654501,0.0,0.0
2001-12-27,0.5300546884536743,730152000,63.8399107459035,0.0,0.0
2001-12-28,0.517295777797699,757680000,64.35961954284647,0.0,0.0
2001-12-31,0.5111075043678284,737580000,61.6598597922191,0.0,0.0
2002-01-02,0.5141633152961731,1298904000,58.99426917944809,0.0,0.0
2002-01-03,0.5478548407554626,1414752000,62.607175443412835,0.0,0.0
2002-01-04,0.5318883657455444,936288000,62.095980273234765,0.0,0.0
2002-01-07,0.5176010131835938,973068000,53.87994118546029,0.0,0.0
2002-01-08,0.5237134099006653,774360000,51.07290984109564,0.0,0.0
2002-01-09,0.5165319442749023,1141188000,52.7398373174313,0.0,0.0
2002-01-10,0.5041556358337402,992508000,53.146656368917824,0.0,0.0
2002-01-11,0.4818466007709503,1380852000,52.33905212646551,0.0,0.0
2002-01-14,0.4565589427947998,1369560000,40.600539510728424,0.0,0.0
2002-01-15,0.4991893470287323,1838808000,48.56476770622651,0.0,0.0
2002-01-16,0.4797075688838959,1115388000,41.781334968200234,0.0,0.0
2002-01-17,0.49651506543159485,1121544000,42.95784944861675,0.0,0.0
2002-01-18,0.48742446303367615,803676000,43.629939359113024,0.0,0.0
2002-01-22,0.47519978880882263,1085028000,42.53486859677574,0.0,0.0
2002-01-23,0.484138548374176,889164000,43.906961534686594,0.0,0.0
2002-01-24,0.5014814734458923,1137684000,39.92046678498597,0.0,0.0
2002-01-25,0.500182032585144,817752000,42.639109134960975,0.0,0.0
2002-01-28,0.5194345712661743,924288000,50.41608004678319,0.0,0.0
2002-01-29,0.4939940869808197,1381932000,43.799780449530786,0.0,0.0
2002-01-30,0.4999530613422394,1218456000,46.523481614551876,0.0,0.0
2002-01-31,0.5022448301315308,973980000,49.581614876595566,0.0,0.0
2002-02-01,0.48994529247283936,688272000,51.854542447381014,0.0,0.0
2002-02-04,0.46687254309654236,1104864000,52.38594452229283,0.0,0.0
2002-02-05,0.46228864789009094,1474620000,39.63961571795471,0.0,0.0
2002-02-06,0.47382453083992004,1242528000,48.27111176187526,0.0,0.0
2002-02-07,0.45846840739250183,964476000,38.722793444079116,0.0,0.0
2002-02-08,0.4409734904766083,1871292000,36.88511994336997,0.0,0.0
2002-02-11,0.4653443992137909,1249224000,47.39604210384103,0.0,0.0
2002-02-12,0.47519978880882263,1216500000,47.649615388994654,0.0,0.0
2002-02-13,0.46908849477767944,1230432000,40.94783054492541,0.0,0.0
2002-02-14,0.4748944938182831,1225692000,43.10704710307394,0.0,0.0
2002-02-15,0.43814703822135925,3988548000,29.77170893385403,0.0,0.0
2002-02-19,0.4091152250766754,1972524000,29.248915511412648,0.0,0.0
2002-02-20,0.4305066466331482,1838736000,34.21307325356253,0.0,0.0
2002-02-21,0.40109339356422424,1531044000,29.529853344293386,0.0,0.0
2002-02-22,0.3813825249671936,2585616000,28.66984938185871,0.0,0.0
2002-02-25,0.41125407814979553,1599564000,39.356569393281056,0.0,0.0
2002-02-26,0.4201926589012146,1902672000,42.076358955846665,0.0,0.0
2002-02-27,0.4060595631599426,1723224000,37.36824688758836,0.0,0.0
2002-02-28,0.38970962166786194,1585440000,37.23030639026608,0.0,0.0
2002-03-01,0.4273749589920044,1311396000,47.65053732961813,0.0,0.0
2002-03-04,0.45121121406555176,1484724000,47.553643983895654,0.0,0.0
2002-03-05,0.4500651955604553,1379448000,45.51412690192659,0.0,0.0
2002-03-06,0.43593108654022217,1446060000,44.24701312678911,0.0,0.0
2002-03-07,0.4324171841144562,1346532000,42.570871359985404,0.0,0.0
2002-03-08,0.4453282058238983,1270356000,51.37020239051535,0.0,0.0
2002-03-11,0.440132737159729,810540000,56.51051353041574,0.0,0.0
2002-03-12,0.4170610010623932,1255032000,47.19754996090798,0.0,0.0
2002-03-13,0.40949738025665283,1031616000,51.92714960017078,0.0,0.0
2002-03-14,0.38680708408355713,1139460000,51.22715631542084,0.0,0.0
2002-03-15,0.4031561315059662,1248288000,48.048669560921375,0.0,0.0
2002-03-18,0.4031561315059662,1236996000,45.709973553299115,0.0,0.0
2002-03-19,0.3945997655391693,846072000,47.03087742880115,0.0,0.0
2002-03-20,0.355407178401947,2292588000,42.05320670814644,0.0,0.0
2002-03-21,0.37427738308906555,1721712000,36.5255505866715,0.0,0.0
2002-03-22,0.37106865644454956,1249140000,27.284253261031864,0.0,0.0
2002-03-25,0.3518921136856079,884160000,24.754087281095693,0.0,0.0
2002-03-26,0.35907432436943054,1123512000,29.50286410591937,0.0,0.0
2002-03-27,0.3476145267486572,1068012000,28.303306736794497,0.0,0.0
2002-03-28,0.33890506625175476,3124080000,22.173472875595067,0.0,0.0
2002-04-01,0.3333272933959961,2365344000,22.12923153565886,0.0,0.0
2002-04-02,0.32461798191070557,1438008000,23.92238621131783,0.0,0.0
2002-04-03,0.330730140209198,1094640000,27.59678040662628,0.0,0.0
2002-04-04,0.32912570238113403,1130964000,31.358055862114725,0.0,0.0
2002-04-05,0.3216383159160614,1026900000,22.053644406453458,0.0,0.0
2002-04-08,0.3324105441570282,1151316000,27.41477449324742,0.0,0.0
2002-04-09,0.31140151619911194,1380768000,25.395592200770764,0.0,0.0
2002-04-10,0.2942119538784027,3689724000,29.19503630134568,0.0,0.0
2002-04-11,0.281299889087677,1437288000,17.055118290661653,0.0,0.0
2002-04-12,0.28023090958595276,1376880000,17.317717339162726,0.0,0.0
2002-04-15,0.29153749346733093,1157208000,26.981626431951284,0.0,0.0
2002-04-16,0.30421945452690125,854856000,29.921455363088043,0.0,0.0
2002-04-17,0.3078104257583618,944484000,34.53992030015708,0.0,0.0
2002-04-18,0.30269208550453186,693156000,35.53109988998352,0.0,0.0
2002-04-19,0.28206437826156616,1125672000,31.716719975826777,0.0,0.0
2002-04-22,0.28343966603279114,808176000,34.502728685555596,0.0,0.0
2002-04-23,0.27197977900505066,773508000,28.745120133073996,0.0,0.0
2002-04-24,0.24814336001873016,1582956000,24.76185395026998,0.0,0.0
2002-04-25,0.2577696740627289,1168296000,30.357213895879724,0.0,0.0
2002-04-26,0.23202267289161682,1191120000,21.729705233675602,0.0,0.0
2002-04-29,0.27068060636520386,3930852000,39.56938348756806,0.0,0.0
2002-04-30,0.265943706035614,1776504000,42.26571158361904,0.0,0.0
2002-05-01,0.2707568109035492,1718904000,46.981606399007326,0.0,0.0
2002-05-02,0.25983238220214844,1125084000,44.472025516974334,0.0,0.0
2002-05-03,0.25020602345466614,852756000,38.69628878561465,0.0,0.0
2002-05-06,0.2406560182571411,1102044000,32.31309138303831,0.0,0.0
2002-05-07,0.24669130146503448,1412448000,33.22147217193296,0.0,0.0
2002-05-08,0.27503547072410583,1688688000,43.2663325008354,0.0,0.0
2002-05-09,0.2632703483104706,1230840000,45.21775742515509,0.0,0.0
2002-05-10,0.24355937540531158,1321548000,40.71834054893083,0.0,0.0
2002-05-13,0.25830408930778503,800892000,46.86507825472101,0.0,0.0
2002-05-14,0.2839740812778473,1526112000,58.14510804101269,0.0,0.0
2002-05-15,0.2895509600639343,1504548000,57.36008527497818,0.0,0.0
2002-05-16,0.2900862395763397,985560000,65.22450057849277,0.0,0.0
2002-05-17,0.2992542088031769,934404000,58.8627099779244,0.0,0.0
2002-05-20,0.30246296525001526,953412000,61.43563219027724,0.0,0.0
2002-05-21,0.2793901562690735,1382604000,52.42600960403709,0.0,0.0
2002-05-22,0.2906968891620636,1547988000,58.654483082190964,0.0,0.0
2002-05-23,0.2729727625846863,2556780000,56.10653400481147,0.0,0.0
2002-05-24,0.26762503385543823,737784000,57.40050501309561,0.0,0.0
2002-05-28,0.25700506567955017,1367088000,52.76071021884778,0.0,0.0
2002-05-29,0.2667084038257599,1311012000,47.52397773524901,0.0,0.0
2002-05-30,0.26281192898750305,1066080000,49.85699498913428,0.0,0.0
2002-05-31,0.2556298077106476,674112000,54.08455308093329,0.0,0.0
2002-06-03,0.24057984352111816,901248000,44.01458801664788,0.0,0.0
2002-06-04,0.25272732973098755,1095432000,38.387525159372764,0.0,0.0
2002-06-05,0.24906015396118164,1114308000,34.735415478390124,0.0,0.0
2002-06-06,0.24913620948791504,739356000,34.5086552518941,0.0,0.0
2002-06-07,0.2467683106660843,1371300000,29.067703687711656,0.0,0.0
2002-06-10,0.24470537900924683,749148000,26.75279483293336,0.0,0.0
2002-06-11,0.23370401561260223,859308000,29.632288134467984,0.0,0.0
2002-06-12,0.21353472769260406,2267544000,18.119002129940597,0.0,0.0
2002-06-13,0.21131889522075653,1265892000,20.782267187537713,0.0,0.0
2002-06-14,0.21529138088226318,1116444000,24.871573138021077,0.0,0.0
2002-06-17,0.21720190346240997,1054140000,29.143814360967113,0.0,0.0
2002-06-18,0.21605587005615234,1008300000,20.844315851238036,0.0,0.0
2002-06-19,0.18221096694469452,2593620000,15.500315200337226,0.0,0.0
2002-06-20,0.18053047358989716,1425048000,16.266419696104705,0.0,0.0
2002-06-21,0.17311926186084747,1484364000,17.46494119895641,0.0,0.0
2002-06-24,0.17632794380187988,1379592000,9.677264183211634,0.0,0.0
2002-06-25,0.16173642873764038,1172232000,8.676710642015678,0.0,0.0
2002-06-26,0.15333223342895508,2067828000,7.976050459661408,0.0,0.0
2002-06-27,0.13048875331878662,3182808000,6.761483417464817,0.0,0.0
2002-06-28,0.13125333189964294,1991184000,7.401568333061945,0.0,0.0
2002-07-01,0.13094709813594818,1164372000,8.047939493590277,0.0,0.0
2002-07-02,0.12269607931375504,1368180000,8.915569231205765,0.0,0.0
2002-07-03,0.13331609964370728,1073304000,17.213418810513673,0.0,0.0
2002-07-05,0.14508114755153656,739524000,22.303202014317606,0.0,0.0
2002-07-08,0.14943593740463257,1587180000,23.77319567587763,0.0,0.0
2002-07-09,0.14210166037082672,1075080000,22.68652241699003,0.0,0.0
2002-07-10,0.13820530474185944,926988000,29.13076089967136,0.0,0.0
2002-07-11,0.1522623896598816,1143948000,38.00252242737782,0.0,0.0
2002-07-12,0.15211021900177002,1344900000,40.49789292775021,0.0,0.0
2002-07-15,0.16723717749118805,1495272000,46.288500026262014,0.0,0.0
2002-07-16,0.16272930800914764,1773432000,50.44172855265106,0.0,0.0
2002-07-17,0.14890143275260925,1922364000,48.11947272471487,0.0,0.0
2002-07-18,0.14508114755153656,1243188000,57.38596056375424,0.0,0.0
2002-07-19,0.13851061463356018,845772000,53.46937167166959,0.0,0.0
2002-07-22,0.13209305703639984,1290744000,50.51758160168187,0.0,0.0
2002-07-23,0.1222376674413681,1409652000,49.79590363018886,0.0,0.0
2002-07-24,0.13003034889698029,1175100000,48.499361499332615,0.0,0.0
2002-07-25,0.11505648493766785,1796448000,36.6779271371589,0.0,0.0
2002-07-26,0.11238225549459457,1221900000,33.310220392706995,0.0,0.0
2002-07-29,0.11551488935947418,1227720000,37.553644523364675,0.0,0.0
2002-07-30,0.1239190474152565,1818012000,43.58285546359295,0.0,0.0
2002-07-31,0.08457336574792862,4837140000,25.22397671714458,0.0,0.0
2002-08-01,0.07647543400526047,1725708000,23.837418893832435,0.0,0.0
2002-08-02,0.07143314182758331,1795260000,14.375310599542814,0.0,0.0
2002-08-05,0.06570322066545486,1330716000,14.245838909651837,0.0,0.0
2002-08-06,0.06914117187261581,1168800000,18.171037984622174,0.0,0.0
2002-08-07,0.06753677129745483,892980000,18.498184332750554,0.0,0.0
2002-08-08,0.07196758687496185,755424000,22.489124889084863,0.0,0.0
2002-08-09,0.07028715312480927,581304000,23.405919821289032,0.0,0.0
2002-08-12,0.07028715312480927,592800000,25.57499313724024,0.0,0.0
2002-08-13,0.06883495301008224,654420000,19.40429212944362,0.0,0.0
2002-08-14,0.07349588721990585,632688000,26.8318961141632,0.0,0.0
2002-08-15,0.07861428707838058,1140120000,31.675276511146947,0.0,0.0
2002-08-16,0.08166992664337158,1657428000,31.618133669079043,0.0,0.0
2002-08-19,0.09664471447467804,2243928000,36.17359887947992,0.0,0.0
2002-08-20,0.0923660546541214,1429488000,56.129749642001165,0.0,0.0
2002-08-21,0.09725527465343475,1194876000,67.2144776954418,0.0,0.0
2002-08-22,0.09397046267986298,1358496000,69.230378096033,0.0,0.0
2002-08-23,0.0877821296453476,919932000,68.69299486649206,0.0,0.0
2002-08-26,0.08846971392631531,698568000,67.16375477251816,0.0,0.0
2002-08-27,0.08342743664979935,686712000,63.29892688048049,0.0,0.0
2002-08-28,0.07823198288679123,700356000,55.17642660431681,0.0,0.0
2002-08-29,0.07922577857971191,815520000,57.470992951120394,0.0,0.0
2002-08-30,0.07716304808855057,1065888000,55.555383799424604,0.0,0.0
2002-09-03,0.07242598384618759,847284000,52.755127385360126,0.0,0.0
2002-09-04,0.07196758687496185,930552000,48.74660872810479,0.0,0.0
2002-09-05,0.0692172423005104,714312000,41.981910464255485,0.0,0.0
2002-09-06,0.0707455426454544,746460000,40.42924621451135,0.0,0.0
2002-09-09,0.07066851109266281,578040000,19.20353027456433,0.0,0.0
2002-09-10,0.0807531550526619,2317632000,37.89817311462551,0.0,0.0
2002-09-11,0.08472650498151779,1657536000,36.68966884518413,0.0,0.0
2002-09-12,0.08205223828554153,1294932000,37.17188573280012,0.0,0.0
2002-09-13,0.0807531550526619,796872000,41.54444759780171,0.0,0.0
2002-09-16,0.07563476264476776,925464000,36.047478224191494,0.0,0.0
2002-09-17,0.07448874413967133,884052000,39.383678189331356,0.0,0.0
2002-09-18,0.07242598384618759,811692000,42.54993545765252,0.0,0.0
2002-09-19,0.06998094171285629,618492000,38.563289734470004,0.0,0.0
2002-09-20,0.07036323100328445,687312000,41.22307946811851,0.0,0.0
2002-09-23,0.06730757653713226,521676000,43.093590554178796,0.0,0.0
2002-09-24,0.0678420439362526,624444000,44.444690765699185,0.0,0.0
2002-09-25,0.07158529758453369,896616000,53.10566311566694,0.0,0.0
2002-09-26,0.0677659809589386,739560000,46.3138282547111,0.0,0.0
2002-09-27,0.06539701670408249,650688000,43.828359995631516,0.0,0.0
2002-09-30,0.06539701670408249,584124000,26.46413238320946,0.0,0.0
2002-10-01,0.06891196221113205,888360000,25.416107388838043,0.0,0.0
2002-10-02,0.06883495301008224,749100000,27.648721600749028,0.0,0.0
2002-10-03,0.0654740035533905,590568000,25.846330564821457,0.0,0.0
2002-10-04,0.06218825653195381,529788000,27.43602287362954,0.0,0.0
2002-10-07,0.05913262069225311,493068000,25.78358410254816,0.0,0.0
2002-10-08,0.05737515166401863,714252000,26.034262861495066,0.0,0.0
2002-10-09,0.05630617216229439,573132000,27.227439877228093,0.0,0.0
2002-10-10,0.0592087060213089,538032000,32.8628673958664,0.0,0.0
2002-10-11,0.06730757653713226,994140000,49.99998137711245,0.0,0.0
2002-10-14,0.06532090902328491,611484000,46.77109896911338,0.0,0.0
2002-10-15,0.07212066650390625,852768000,50.635860871623464,0.0,0.0
2002-10-16,0.06608458608388901,578124000,48.10283075671672,0.0,0.0
2002-10-17,0.07112692296504974,585792000,56.097317046361134,0.0,0.0
2002-10-18,0.07181451469659805,498372000,56.73050808344684,0.0,0.0
2002-10-21,0.07830899208784103,930624000,59.27566790815736,0.0,0.0
2002-10-22,0.08090625703334808,1272168000,61.35066457302647,0.0,0.0
2002-10-23,0.08419109135866165,925428000,67.62494067114093,0.0,0.0
2002-10-24,0.07991337031126022,1055172000,66.38475036143637,0.0,0.0
2002-10-25,0.08480259031057358,745956000,72.95082510657309,0.0,0.0
2002-10-28,0.08526097238063812,1070544000,75.52489125132138,0.0,0.0
2002-10-29,0.08151774853467941,772728000,72.00001127470222,0.0,0.0
2002-10-30,0.08587247133255005,1139496000,72.69210434109026,0.0,0.0
2002-10-31,0.09091480821371078,1255476000,71.19344101253321,0.0,0.0
2002-11-01,0.10772223025560379,2128836000,80.06528767853494,0.0,0.0
2002-11-04,0.11948731541633606,2688132000,81.37664755105965,0.0,0.0
2002-11-05,0.11475122720003128,2034540000,82.80274594261098,0.0,0.0
2002-11-06,0.12361285090446472,1646016000,83.64481310860647,0.0,0.0
2002-11-07,0.11116012930870056,1660560000,71.91585813750905,0.0,0.0
2002-11-08,0.08678925782442093,3798900000,53.939116979234996,0.0,0.0
2002-11-11,0.08006557822227478,1378452000,49.623911490123604,0.0,0.0
2002-11-12,0.08717063069343567,1381188000,51.28885398296411,0.0,0.0
2002-11-13,0.0899210050702095,1802112000,54.386966932501984,0.0,0.0
2002-11-14,0.09588011354207993,1138728000,54.810840455625495,0.0,0.0
2002-11-15,0.10290911048650742,2054328000,57.250588520571505,0.0,0.0
2002-11-18,0.10672932118177414,1982472000,60.35141601538623,0.0,0.0
2002-11-19,0.10825668275356293,1971948000,59.40900343567218,0.0,0.0
2002-11-20,0.11368133127689362,1292796000,59.539046063369184,0.0,0.0
2002-11-21,0.12330757826566696,2053920000,56.94830335782093,0.0,0.0
2002-11-22,0.12009882181882858,1251900000,50.295133908692804,0.0,0.0
2002-11-25,0.12445353716611862,1230084000,54.70006977565273,0.0,0.0
2002-11-26,0.12109169363975525,1084332000,48.709931160789715,0.0,0.0
2002-11-27,0.13048875331878662,1088556000,60.2096061838827,0.0,0.0
2002-11-29,0.13087104260921478,519396000,81.18830304003357,0.0,0.0
2002-12-02,0.12987813353538513,1167504000,88.35298567635195,0.0,0.0
2002-12-03,0.12132086604833603,1046220000,75.71870329509099,0.0,0.0
2002-12-04,0.10680544376373291,2206548000,60.80162815034143,0.0,0.0
2002-12-05,0.10779829323291779,1594872000,58.14187006455092,0.0,0.0
2002-12-06,0.10795138776302338,1159224000,53.801769531833195,0.0,0.0
2002-12-09,0.09931804239749908,969792000,44.79015917342961,0.0,0.0
2002-12-10,0.10764612257480621,1389888000,49.60824740101597,0.0,0.0
2002-12-11,0.1070346087217331,1364208000,45.45462660972191,0.0,0.0
2002-12-12,0.10527714341878891,1302552000,36.18284959833083,0.0,0.0
2002-12-13,0.10115162283182144,707724000,35.68149773270517,0.0,0.0
2002-12-16,0.10711070895195007,1056972000,37.204208887000895,0.0,0.0
2002-12-17,0.1069585382938385,1077744000,39.05391267739986,0.0,0.0
2002-12-18,0.09878356009721756,1126836000,24.970629642009953,0.0,0.0
2002-12-19,0.09664471447467804,1100604000,23.709483311048274,0.0,0.0
2002-12-20,0.09794287383556366,804576000,25.583836654847644,0.0,0.0
2002-12-23,0.09863048046827316,498648000,30.2788732752297,0.0,0.0
2002-12-24,0.09664471447467804,300336000,38.70990786172343,0.0,0.0
2002-12-26,0.09488722681999207,719760000,35.893579319378986,0.0,0.0
2002-12-27,0.09129616618156433,702528000,33.07432605561151,0.0,0.0
2002-12-30,0.08808741718530655,784740000,37.17275451578369,0.0,0.0
2002-12-31,0.08793522417545319,825396000,22.316613773882736,0.0,0.0
2003-01-02,0.09404651820659637,1302540000,34.19953878207137,0.0,0.0
2003-01-03,0.09404651820659637,1037496000,35.727246568239806,0.0,0.0
2003-01-06,0.10168702900409698,1033428000,50.62461284971723,0.0,0.0
2003-01-07,0.10138081014156342,1498272000,42.299550565988376,0.0,0.0
2003-01-08,0.09129616618156433,1852524000,33.38650024976047,0.0,0.0
2003-01-09,0.09290052950382233,1436076000,42.7489619305624,0.0,0.0
2003-01-10,0.09450492262840271,924492000,47.32741152339018,0.0,0.0
2003-01-13,0.09374124556779861,849120000,44.68119322612709,0.0,0.0
2003-01-14,0.09442884474992752,868524000,44.68118279123077,0.0,0.0
2003-01-15,0.09152538329362869,904584000,43.66663267548914,0.0,0.0
2003-01-16,0.0853370875120163,2039976000,39.35239227453502,0.0,0.0
2003-01-17,0.0821283608675003,1058832000,39.690771859313195,0.0,0.0
2003-01-21,0.08006557822227478,967356000,40.74077662463652,0.0,0.0
2003-01-22,0.0801425650715828,550992000,40.98966431404385,0.0,0.0
2003-01-23,0.08235754817724228,918456000,35.146153469811566,0.0,0.0
2003-01-24,0.07769747078418732,897108000,31.424364105757945,0.0,0.0
2003-01-27,0.07655151933431625,889116000,16.496845652691064,0.0,0.0
2003-01-28,0.0793018788099289,1785480000,22.37114448295371,0.0,0.0
2003-01-29,0.08090625703334808,1022040000,33.495509692968795,0.0,0.0
2003-01-30,0.07762138545513153,743064000,26.959070868475607,0.0,0.0
2003-01-31,0.07884351164102554,949656000,26.107149087737554,0.0,0.0
2003-02-03,0.08037178963422775,755556000,30.06870658113347,0.0,0.0
2003-02-04,0.07678075134754181,627720000,25.786253396941476,0.0,0.0
2003-02-05,0.07746832072734833,581508000,29.464593775690005,0.0,0.0
2003-02-06,0.07807980477809906,1226184000,37.3343958932758,0.0,0.0
2003-02-07,0.0745648592710495,915156000,36.93957074484273,0.0,0.0
2003-02-10,0.07548164576292038,982632000,41.75841210176767,0.0,0.0
2003-02-11,0.07410645484924316,850716000,39.631522232422014,0.0,0.0
2003-02-12,0.07448874413967133,641400000,35.575226185401846,0.0,0.0
2003-02-13,0.07540557533502579,889164000,45.13025169129619,0.0,0.0
2003-02-14,0.09198378771543503,3548844000,69.80303084545851,0.0,0.0
2003-02-18,0.09725527465343475,1740516000,71.63813958911628,0.0,0.0
2003-02-19,0.09817206859588623,1141212000,71.16014536074488,0.0,0.0
2003-02-20,0.09817206859588623,978132000,77.39136250944907,0.0,0.0
2003-02-21,0.09824907034635544,913260000,76.67947957160744,0.0,0.0
2003-02-24,0.09947115927934647,1137012000,76.48147222066467,0.0,0.0
2003-02-25,0.09885967522859573,1239204000,83.36979404910062,0.0,0.0
2003-02-26,0.09404651820659637,746892000,72.27785359584414,0.0,0.0
2003-02-27,0.09603320807218552,675312000,73.2659489830295,0.0,0.0
2003-02-28,0.09641549736261368,1653336000,80.81865906619586,0.0,0.0
2003-03-03,0.09481114149093628,702036000,76.74406857292293,0.0,0.0
2003-03-04,0.09404651820659637,538392000,78.06298164872607,0.0,0.0
2003-03-05,0.09557480365037918,522156000,78.74848660931949,0.0,0.0
2003-03-06,0.09397046267986298,548064000,74.84537475985738,0.0,0.0
2003-03-07,0.0954216718673706,581148000,57.73117275127471,0.0,0.0
2003-03-10,0.09274837374687195,344796000,38.52363150866186,0.0,0.0
2003-03-11,0.09343597292900085,417144000,37.79758058227539,0.0,0.0
2003-03-12,0.09603320807218552,493920000,45.139732785422964,0.0,0.0
2003-03-13,0.10558335483074188,1362732000,61.650273367070746,0.0,0.0
2003-03-14,0.10252676159143448,1094220000,54.58641113725324,0.0,0.0
2003-03-17,0.10848589986562729,1307808000,62.450162574480814,0.0,0.0
2003-03-18,0.10764612257480621,932280000,69.60408925737354,0.0,0.0
2003-03-19,0.10818061232566833,712992000,68.27587876323832,0.0,0.0
2003-03-20,0.1091734915971756,780060000,68.8482236018911,0.0,0.0
2003-03-21,0.10818061232566833,1681800000,70.11502766585075,0.0,0.0
2003-03-24,0.10413114726543427,839016000,63.807977293604814,0.0,0.0
2003-03-25,0.10711070895195007,672828000,65.19134631675692,0.0,0.0
2003-03-26,0.11009027063846588,1107840000,70.48578724431299,0.0,0.0
2003-03-27,0.1069585382938385,1392732000,64.0609741510005,0.0,0.0
2003-03-28,0.10260379314422607,1290684000,61.53871513720614,0.0,0.0
2003-03-31,0.09840124100446701,680508000,55.371236741428255,0.0,0.0
2003-04-01,0.10130471736192703,533808000,55.66498366352223,0.0,0.0
2003-04-02,0.10504793375730515,771900000,49.342541753094935,0.0,0.0
2003-04-03,0.10642312467098236,702780000,54.99036996153865,0.0,0.0
2003-04-04,0.1022975891828537,513840000,41.683494278293274,0.0,0.0
2003-04-07,0.10336750000715256,671256000,44.28527777888259,0.0,0.0
2003-04-08,0.1023745909333229,475032000,42.339035025184415,0.0,0.0
2003-04-09,0.10183920711278915,694260000,40.20425233701058,0.0,0.0
2003-04-10,0.1023745909333229,364104000,42.14947387618224,0.0,0.0
2003-04-11,0.10122866183519363,374184000,45.741026157189125,0.0,0.0
2003-04-14,0.1029851883649826,445776000,43.72104271808623,0.0,0.0
2003-04-15,0.10245070606470108,490212000,37.437791422424716,0.0,0.0
2003-04-16,0.10245070606470108,671988000,41.73638142245358,0.0,0.0
2003-04-17,0.10428427904844284,520740000,53.39433267151223,0.0,0.0
2003-04-21,0.1069585382938385,597144000,68.4219416772578,0.0,0.0
2003-04-22,0.10833372920751572,787392000,66.19770962977438,0.0,0.0
2003-04-23,0.11077787727117538,606204000,64.04502093129202,0.0,0.0
2003-04-24,0.10749304294586182,660912000,52.39801957745302,0.0,0.0
2003-04-25,0.10352060943841934,884652000,52.76011609580182,0.0,0.0
2003-04-28,0.10665229707956314,674988000,56.78204620836827,0.0,0.0
2003-04-29,0.10993806272745132,670344000,64.26550079903895,0.0,0.0
2003-04-30,0.10947969555854797,466620000,64.45275118595133,0.0,0.0
2003-05-01,0.11016727238893509,733368000,64.65625262959534,0.0,0.0
2003-05-02,0.1214740052819252,1691088000,77.54797013318718,0.0,0.0
2003-05-05,0.12445353716611862,1576164000,78.27117179511457,0.0,0.0
2003-05-06,0.1246066763997078,1143864000,79.47269855837222,0.0,0.0
2003-05-07,0.12261996418237686,897372000,75.48297008503047,0.0,0.0
2003-05-08,0.12269607931375504,1957452000,74.3435828645242,0.0,0.0
2003-05-09,0.16326382756233215,9230856000,87.18483487926373,0.0,0.0
2003-05-12,0.15867984294891357,3007860000,81.89740925089268,0.0,0.0
2003-05-13,0.15570031106472015,1824108000,78.26938903169244,0.0,0.0
2003-05-14,0.1555481255054474,965580000,81.48198862631828,0.0,0.0
2003-05-15,0.16089574992656708,1105656000,86.92249069653907,0.0,0.0
2003-05-16,0.16242404282093048,1028916000,86.64692893902773,0.0,0.0
2003-05-19,0.1532561182975769,1220484000,76.42134012259682,0.0,0.0
2003-05-20,0.1543251872062683,884124000,77.15071449412095,0.0,0.0
2003-05-21,0.15974977612495422,905472000,78.39021725441125,0.0,0.0
2003-05-22,0.16028422117233276,888816000,75.349276164842,0.0,0.0
2003-05-23,0.1594444215297699,867612000,73.51183827493196,0.0,0.0
2003-05-27,0.17357760667800903,1677408000,77.70123301637163,0.0,0.0
2003-05-28,0.17311926186084747,1235556000,79.06840006600022,0.0,0.0
2003-05-29,0.18496130406856537,2297736000,81.56543669496585,0.0,0.0
2003-05-30,0.199935182929039,2142312000,75.1053507427767,0.0,0.0
2003-06-02,0.18885768949985504,1566144000,68.97298629305855,0.0,0.0
2003-06-03,0.19275404512882233,1596804000,73.03039820526796,0.0,0.0
2003-06-04,0.19733792543411255,1175604000,74.61786825876482,0.0,0.0
2003-06-05,0.20299173891544342,1204404000,74.70910382692837,0.0,0.0
2003-06-06,0.19680342078208923,1378836000,69.13299054693172,0.0,0.0
2003-06-09,0.19443447887897491,720588000,74.79303867273939,0.0,0.0
2003-06-10,0.19726189970970154,563304000,75.3156965804056,0.0,0.0
2003-06-11,0.19741404056549072,943836000,73.67925013032541,0.0,0.0
2003-06-12,0.19443447887897491,1046688000,70.82962132752183,0.0,0.0
2003-06-13,0.17930755019187927,1826808000,60.31718052675032,0.0,0.0
2003-06-16,0.183127760887146,1904868000,55.55567942439644,0.0,0.0
2003-06-17,0.18748249113559723,999852000,57.99326530173094,0.0,0.0
2003-06-18,0.19466373324394226,1122072000,55.694912866699916,0.0,0.0
2003-06-19,0.18282243609428406,1190532000,39.57204698374182,0.0,0.0
2003-06-20,0.1809118539094925,937848000,44.54908290363403,0.0,0.0
2003-06-23,0.17449435591697693,734784000,37.8925001317241,0.0,0.0
2003-06-24,0.1741129755973816,1008816000,33.6912689929234,0.0,0.0
2003-06-25,0.17525902390480042,1060620000,29.209699240531194,0.0,0.0
2003-06-26,0.1754881888628006,960540000,32.452879552712986,0.0,0.0
2003-06-27,0.1723555475473404,709104000,32.04988934243818,0.0,0.0
2003-06-30,0.17502978444099426,544128000,31.880219260117826,0.0,0.0
2003-07-01,0.18221096694469452,977016000,38.88284796936886,0.0,0.0
2003-07-02,0.18167643249034882,846828000,40.32478915922093,0.0,0.0
2003-07-03,0.17961373925209045,420912000,50.2895685561941,0.0,0.0
2003-07-07,0.19137884676456451,832200000,56.7840425876065,0.0,0.0
2003-07-08,0.18923990428447723,602856000,51.49957521941297,0.0,0.0
2003-07-09,0.19359470903873444,755352000,49.041567374583686,0.0,0.0
2003-07-10,0.18564893305301666,644568000,52.724341568666,0.0,0.0
2003-07-11,0.18664181232452393,495000000,55.62234355573698,0.0,0.0
2003-07-14,0.18519054353237152,694344000,61.62863304900278,0.0,0.0
2003-07-15,0.17915531992912292,1143456000,54.881767242826555,0.0,0.0
2003-07-16,0.17693942785263062,880476000,51.593863502465524,0.0,0.0
2003-07-17,0.16807690262794495,853764000,43.95959623240367,0.0,0.0
2003-07-18,0.16242404282093048,1280832000,42.22495775385635,0.0,0.0
2003-07-21,0.1599789410829544,985140000,38.17478010977387,0.0,0.0
2003-07-22,0.1626531332731247,582444000,33.4625001540155,0.0,0.0
2003-07-23,0.1647920459508896,605328000,36.10021503845451,0.0,0.0
2003-07-24,0.15837456285953522,1116828000,33.684998023692856,0.0,0.0
2003-07-25,0.16089574992656708,1002084000,22.708402795244922,0.0,0.0
2003-07-28,0.15592952072620392,703752000,21.6141739502563,0.0,0.0
2003-07-29,0.14569267630577087,2794788000,12.899065943191147,0.0,0.0
2003-07-30,0.14408831298351288,788724000,14.304173444069576,0.0,0.0
2003-07-31,0.14584487676620483,897600000,15.413804865186336,0.0,0.0
2003-08-01,0.1506580114364624,767556000,22.303293035238966,0.0,0.0
2003-08-04,0.1563117951154709,1428852000,31.565626658598646,0.0,0.0
2003-08-05,0.1558534801006317,1063488000,32.48718197269386,0.0,0.0
2003-08-06,0.14951202273368835,1025868000,33.90711544373201,0.0,0.0
2003-08-07,0.14744922518730164,1040340000,36.1575831987112,0.0,0.0
2003-08-08,0.11841832846403122,3767580000,24.242317049436878,0.0,0.0
2003-08-11,0.12483585625886917,1675752000,27.6015693208044,0.0,0.0
2003-08-12,0.12735700607299805,764160000,27.927899492503798,0.0,0.0
2003-08-13,0.12819679081439972,693552000,30.954150683247875,0.0,0.0
2003-08-14,0.1237659752368927,1527696000,27.118140232797643,0.0,0.0
2003-08-15,0.12338368594646454,217716000,28.742024637358412,0.0,0.0
2003-08-18,0.1270507574081421,717684000,36.680521378702544,0.0,0.0
2003-08-19,0.13675403594970703,1403976000,45.3032810964108,0.0,0.0
2003-08-20,0.13484345376491547,870348000,42.96879111901925,0.0,0.0
2003-08-21,0.13851061463356018,644748000,42.1209654782061,0.0,0.0
2003-08-22,0.13950440287590027,1002396000,38.39699098631696,0.0,0.0
2003-08-25,0.13873980939388275,434028000,38.235301822236444,0.0,0.0
2003-08-26,0.13652490079402924,768984000,40.535076220162914,0.0,0.0
2003-08-27,0.1406504362821579,567816000,45.189712087563294,0.0,0.0
2003-08-28,0.1369832307100296,828312000,70.48846605055124,0.0,0.0
2003-08-29,0.13881678879261017,532884000,67.16640782685576,0.0,0.0
2003-09-02,0.1375938206911087,711456000,62.98310212874623,0.0,0.0
2003-09-03,0.13492050766944885,849972000,58.148543771403695,0.0,0.0
2003-09-04,0.1362185925245285,740064000,66.33156067209427,0.0,0.0
2003-09-05,0.14271311461925507,1198740000,71.84777017599443,0.0,0.0
2003-09-08,0.1492827981710434,1508712000,73.5812533151674,0.0,0.0
2003-09-09,0.1584506779909134,2489436000,73.27774665216042,0.0,0.0
2003-09-10,0.14760242402553558,1380624000,61.48597284068864,0.0,0.0
2003-09-11,0.14569267630577087,2612736000,56.67674411959076,0.0,0.0
2003-09-12,0.14783155918121338,1162404000,57.57989347992819,0.0,0.0
2003-09-15,0.1453864574432373,596028000,55.87058296209381,0.0,0.0
2003-09-16,0.14989428222179413,620736000,61.34871206982213,0.0,0.0
2003-09-17,0.1516517847776413,902784000,59.72974571279058,0.0,0.0
2003-09-18,0.15279777348041534,603492000,64.63946953619725,0.0,0.0
2003-09-19,0.15157479047775269,648096000,61.94506602944247,0.0,0.0
2003-09-22,0.14561569690704346,735504000,56.898879659396854,0.0,0.0
2003-09-23,0.14699086546897888,628932000,60.61768860013195,0.0,0.0
2003-09-24,0.13583727180957794,1600668000,49.71412578015029,0.0,0.0
2003-09-25,0.13392668962478638,736776000,42.926973484076555,0.0,0.0
2003-09-26,0.12880831956863403,895908000,33.12383827693553,0.0,0.0
2003-09-29,0.12185633927583694,1944996000,18.693388805113173,0.0,0.0
2003-09-30,0.12200843542814255,1020888000,23.19939663862985,0.0,0.0
2003-10-01,0.1230023056268692,877224000,25.77524467230917,0.0,0.0
2003-10-02,0.12491190433502197,857628000,25.41006902474892,0.0,0.0
2003-10-03,0.12819679081439972,862812000,31.884071094389483,0.0,0.0
2003-10-06,0.12720386683940887,377028000,24.173542440580718,0.0,0.0
2003-10-07,0.1283499002456665,510588000,23.1031695224559,0.0,0.0
2003-10-08,0.12384200841188431,739440000,18.98420524168077,0.0,0.0
2003-10-09,0.12559950351715088,852408000,22.491716412911828,0.0,0.0
2003-10-10,0.1278153657913208,413976000,29.52588580452894,0.0,0.0
2003-10-13,0.12911352515220642,434904000,29.40081700326158,0.0,0.0
2003-10-14,0.13148252665996552,623556000,43.70858930932376,0.0,0.0
2003-10-15,0.12980112433433533,703488000,43.999957810281934,0.0,0.0
2003-10-16,0.13140550255775452,446088000,54.20722342535724,0.0,0.0
2003-10-17,0.12727998197078705,459696000,59.67153384322843,0.0,0.0
2003-10-20,0.1301073580980301,467388000,63.18421481228498,0.0,0.0
2003-10-21,0.13407982885837555,758724000,66.43888108352192,0.0,0.0
2003-10-22,0.13178783655166626,620952000,60.08926754684256,0.0,0.0
2003-10-23,0.13117632269859314,451524000,54.744147668855895,0.0,0.0
2003-10-24,0.1307179480791092,447084000,55.69218239310556,0.0,0.0
2003-10-27,0.13140550255775452,254460000,55.024150041424335,0.0,0.0
2003-10-28,0.13965657353401184,956064000,73.15305803248651,0.0,0.0
2003-10-29,0.13965657353401184,494004000,71.6965425646953,0.0,0.0
2003-10-30,0.137059286236763,581256000,64.10158898320104,0.0,0.0
2003-10-31,0.13507263362407684,598152000,58.90357683782996,0.0,0.0
2003-11-03,0.1375938206911087,773724000,59.08962319053469,0.0,0.0
2003-11-04,0.13805222511291504,700896000,62.735596716697195,0.0,0.0
2003-11-05,0.13858765363693237,882024000,61.463961714457,0.0,0.0
2003-11-06,0.13881678879261017,1175280000,71.03069566497267,0.0,0.0
2003-11-07,0.1661672443151474,4292820000,84.70529565596846,0.0,0.0
2003-11-10,0.16570881009101868,1210056000,82.64925308799346,0.0,0.0
2003-11-11,0.1615833044052124,799140000,79.63482218890799,0.0,0.0
2003-11-12,0.1637221723794937,617664000,81.41588632292213,0.0,0.0
2003-11-13,0.16379918158054352,580332000,82.16953041491125,0.0,0.0
2003-11-14,0.15409590303897858,888420000,68.77325915040468,0.0,0.0
2003-11-17,0.15249156951904297,599880000,61.93152816439572,0.0,0.0
2003-11-18,0.15027664601802826,991428000,59.482039764488384,0.0,0.0
2003-11-19,0.15447823703289032,567552000,65.11923442346259,0.0,0.0
2003-11-20,0.15035273134708405,738852000,62.78794923903209,0.0,0.0
2003-11-21,0.1509641855955124,543240000,61.559179738324815,0.0,0.0
2003-11-24,0.1600550413131714,940644000,66.55172558139097,0.0,0.0
2003-11-25,0.16280534863471985,822804000,67.63038124608435,0.0,0.0
2003-11-26,0.1629585474729538,430032000,67.59455290541652,0.0,0.0
2003-11-28,0.1621948629617691,206136000,45.273092222420445,0.0,0.0
2003-12-01,0.16448676586151123,526980000,48.60662435884543,0.0,0.0
2003-12-02,0.16379918158054352,574740000,52.74142023056984,0.0,0.0
2003-12-03,0.1621178537607193,710028000,47.9924246326303,0.0,0.0
2003-12-04,0.16127806901931763,521952000,46.90429488255369,0.0,0.0
2003-12-05,0.15608260035514832,559848000,52.74313319538062,0.0,0.0
2003-12-08,0.15722857415676117,340980000,56.62449890197466,0.0,0.0
2003-12-09,0.14905358850955963,598128000,48.533966908496964,0.0,0.0
2003-12-10,0.1523394137620926,568656000,47.378739268786795,0.0,0.0
2003-12-11,0.1600550413131714,694872000,60.92896390282828,0.0,0.0
2003-12-12,0.1592153012752533,700692000,59.246738498898544,0.0,0.0
2003-12-15,0.15600654482841492,622752000,44.773982184300905,0.0,0.0
2003-12-16,0.15814539790153503,601728000,43.88820654931043,0.0,0.0
2003-12-17,0.15508978068828583,499116000,40.40980768719901,0.0,0.0
2003-12-18,0.1586037576198578,436728000,45.89824856546508,0.0,0.0
2003-12-19,0.16097183525562286,916956000,45.99222883991394,0.0,0.0
2003-12-22,0.16120103001594543,371184000,47.006254259940775,0.0,0.0
2003-12-23,0.1677716076374054,722760000,55.85485734377667,0.0,0.0
2003-12-24,0.16654951870441437,210852000,55.41606881643757,0.0,0.0
2003-12-26,0.17373068630695343,363960000,67.42142736697397,0.0,0.0
2003-12-29,0.18106503784656525,756624000,70.96844667782642,0.0,0.0
2003-12-30,0.18144726753234863,550884000,83.02369215457024,0.0,0.0
2003-12-31,0.17724469304084778,497268000,74.92378488527524,0.0,0.0
2004-01-02,0.17632794380187988,436416000,68.85008351400688,0.0,0.0
2004-01-05,0.1820579171180725,575292000,73.76753817484915,0.0,0.0
2004-01-06,0.18946920335292816,1093344000,82.01754402336118,0.0,0.0
2004-01-07,0.19114960730075836,673032000,81.85838737354018,0.0,0.0
2004-01-08,0.19183726608753204,433752000,87.17097915380887,0.0,0.0
2004-01-09,0.19458752870559692,766584000,86.9696561776361,0.0,0.0
2004-01-12,0.19680342078208923,541980000,86.92878111484569,0.0,0.0
2004-01-13,0.18664181232452393,865800000,71.76402431633734,0.0,0.0
2004-01-14,0.1852666139602661,544872000,66.42677266970253,0.0,0.0
2004-01-15,0.18557283282279968,609204000,68.17434407525154,0.0,0.0
2004-01-16,0.1883992999792099,451728000,65.28587740473122,0.0,0.0
2004-01-20,0.19367088377475739,487764000,63.72642395275084,0.0,0.0
2004-01-21,0.1847321093082428,494460000,53.01500498152638,0.0,0.0
2004-01-22,0.18045349419116974,605724000,52.94110503766385,0.0,0.0
2004-01-23,0.1764049530029297,482472000,50.066740521996316,0.0,0.0
2004-01-26,0.18335697054862976,393684000,51.1026648988557,0.0,0.0
2004-01-27,0.17289003729820251,934104000,36.621102878467966,0.0,0.0
2004-01-28,0.1724315732717514,615204000,34.59121878079654,0.0,0.0
2004-01-29,0.16738927364349365,929700000,31.220678451872402,0.0,0.0
2004-01-30,0.1699874997138977,466464000,31.0596554601254,0.0,0.0
2004-02-02,0.17273782193660736,560844000,31.622368534071526,0.0,0.0
2004-02-03,0.17212635278701782,418032000,37.022408633928414,0.0,0.0
2004-02-04,0.16746638715267181,436800000,34.968529616070796,0.0,0.0
2004-02-05,0.1699874997138977,331980000,37.313474660078064,0.0,0.0
2004-02-06,0.1738838404417038,471132000,38.38663252574873,0.0,0.0
2004-02-09,0.17266082763671875,373992000,32.02611712271633,0.0,0.0
2004-02-10,0.17900219559669495,509700000,44.87013348750551,0.0,0.0
2004-02-11,0.1852666139602661,737808000,54.1611022329753,0.0,0.0
2004-02-12,0.17968982458114624,974892000,52.7667665280419,0.0,0.0
2004-02-13,0.17800937592983246,1747500000,45.0568575312863,0.0,0.0
2004-02-17,0.17999516427516937,575976000,57.788979192901024,0.0,0.0
2004-02-18,0.17999516427516937,320244000,58.37576199710402,0.0,0.0
2004-02-19,0.17991897463798523,631032000,65.58982437584527,0.0,0.0
2004-02-20,0.18442682921886444,618120000,67.15082938023315,0.0,0.0
2004-02-23,0.17800937592983246,853332000,55.75970681441587,0.0,0.0
2004-02-24,0.17090429365634918,708384000,48.83068268295859,0.0,0.0
2004-02-25,0.17189711332321167,652512000,54.559406691359314,0.0,0.0
2004-02-26,0.17304310202598572,344976000,53.23592180890098,0.0,0.0
2004-02-27,0.1699874997138977,595548000,45.79888187693967,0.0,0.0
2004-03-01,0.17250867187976837,506628000,49.8403958475615,0.0,0.0
2004-03-02,0.1692999303340912,813348000,39.107952529020956,0.0,0.0
2004-03-03,0.16708406805992126,552492000,27.54674407379376,0.0,0.0
2004-03-04,0.17075113952159882,413352000,38.41539857354195,0.0,0.0
2004-03-05,0.16952912509441376,354888000,38.87736523229432,0.0,0.0
2004-03-08,0.16364610195159912,465168000,30.545563523912904,0.0,0.0
2004-03-09,0.16250015795230865,371232000,29.73463707281904,0.0,0.0
2004-03-10,0.16013212502002716,481692000,28.23547053791866,0.0,0.0
2004-03-11,0.15890908241271973,526872000,19.74551525424414,0.0,0.0
2004-03-12,0.16227087378501892,377952000,29.88235694607883,0.0,0.0
2004-03-15,0.1586037576198578,421224000,32.76183025256431,0.0,0.0
2004-03-16,0.16540363430976868,597504000,42.173741079210366,0.0,0.0
2004-03-17,0.16945210099220276,524592000,45.95495010232839,0.0,0.0
2004-03-18,0.17136268317699432,528048000,51.59005776759919,0.0,0.0
2004-03-19,0.16937607526779175,452964000,46.33254089776494,0.0,0.0
2004-03-22,0.16807690262794495,576708000,48.501123626900764,0.0,0.0
2004-03-23,0.16876451671123505,576036000,52.13957067196418,0.0,0.0
2004-03-24,0.17632794380187988,787344000,56.45959377343304,0.0,0.0
2004-03-25,0.18656578660011292,997128000,66.32408353237,0.0,0.0
2004-03-26,0.18603122234344482,551604000,73.89830122182225,0.0,0.0
2004-03-29,0.1940530389547348,985764000,79.37338092316699,0.0,0.0
2004-03-30,0.19985908269882202,724956000,84.75796037632415,0.0,0.0
2004-03-31,0.20169265568256378,604752000,87.0365854779114,0.0,0.0
2004-04-01,0.19810159504413605,1319508000,80.89505081909451,0.0,0.0
2004-04-02,0.2009289413690567,649740000,87.03118512639952,0.0,0.0
2004-04-05,0.20811019837856293,576744000,87.1171594579704,0.0,0.0
2004-04-06,0.19970597326755524,624096000,74.44355354509807,0.0,0.0
2004-04-07,0.19863702356815338,447864000,72.3400687490876,0.0,0.0
2004-04-08,0.20428991317749023,447096000,76.97723199881078,0.0,0.0
2004-04-12,0.20047056674957275,443784000,74.09167364974897,0.0,0.0
2004-04-13,0.19580967724323273,442704000,68.9915124119389,0.0,0.0
2004-04-14,0.19680342078208923,512016000,65.83965223665615,0.0,0.0
2004-04-15,0.18648959696292877,828084000,49.94111870265131,0.0,0.0
2004-04-16,0.18037746846675873,654864000,45.9780903808966,0.0,0.0
2004-04-19,0.18014821410179138,522804000,38.875157990177804,0.0,0.0
2004-04-20,0.17250867187976837,513804000,28.741445236085042,0.0,0.0
2004-04-21,0.17273782193660736,688812000,26.918705134387324,0.0,0.0
2004-04-22,0.17373068630695343,695520000,29.733263493081566,0.0,0.0
2004-04-23,0.17755086719989777,443928000,30.874710353402122,0.0,0.0
2004-04-26,0.17059804499149323,429912000,19.19668614279483,0.0,0.0
2004-04-27,0.16914673149585724,494568000,21.67129685662303,0.0,0.0
2004-04-28,0.16845917701721191,468768000,21.825628836528324,0.0,0.0
2004-04-29,0.16379918158054352,645048000,11.483328795868445,0.0,0.0
2004-04-30,0.15677021443843842,512928000,10.822478033761541,0.0,0.0
2004-05-03,0.15478354692459106,610668000,11.367539933641694,0.0,0.0
2004-05-04,0.16463899612426758,772380000,24.04407681156256,0.0,0.0
2004-05-05,0.1660141795873642,464280000,30.691237767592284,0.0,0.0
2004-05-06,0.16738927364349365,711348000,36.550208564919814,0.0,0.0
2004-05-07,0.16868843138217926,956772000,38.39019443978594,0.0,0.0
2004-05-10,0.1621178537607193,669072000,39.24010157328036,0.0,0.0
2004-05-11,0.16609114408493042,399936000,43.6125285934957,0.0,0.0
2004-05-12,0.16379918158054352,482328000,40.688310194923694,0.0,0.0
2004-05-13,0.16433370113372803,347952000,36.79406313466761,0.0,0.0
2004-05-14,0.16433370113372803,459000000,42.731034222105,0.0,0.0
2004-05-17,0.16173642873764038,308340000,41.62405495008178,0.0,0.0
2004-05-18,0.16433370113372803,204420000,45.529903526310534,0.0,0.0
2004-05-19,0.16395139694213867,498276000,50.18176451644148,0.0,0.0
2004-05-20,0.1615833044052124,421488000,56.467995808800914,0.0,0.0
2004-05-21,0.16196559369564056,282096000,60.086422235077364,0.0,0.0
2004-05-24,0.1614302098751068,301620000,43.89553740716534,0.0,0.0
2004-05-25,0.16845917701721191,681264000,53.82791881273536,0.0,0.0
2004-05-26,0.17189711332321167,524568000,56.62934262755674,0.0,0.0
2004-05-27,0.1724315732717514,556548000,55.63141566939983,0.0,0.0
2004-05-28,0.17915531992912292,637980000,75.51470838000401,0.0,0.0
2004-06-01,0.17900219559669495,318420000,71.83327160203729,0.0,0.0
2004-06-02,0.1776270717382431,643800000,74.13199255589619,0.0,0.0
2004-06-03,0.16907069087028503,700824000,56.458508173727836,0.0,0.0
2004-06-04,0.16738927364349365,649608000,53.98338587971465,0.0,0.0
2004-06-07,0.17143875360488892,571956000,62.18699779728672,0.0,0.0
2004-06-08,0.1683831363916397,615000000,55.02854576039955,0.0,0.0
2004-06-09,0.16051344573497772,498336000,46.400166389590595,0.0,0.0
2004-06-10,0.15890908241271973,564516000,47.15434121521836,0.0,0.0
2004-06-14,0.1539437621831894,424752000,42.222526672734155,0.0,0.0
2004-06-15,0.1562356948852539,394584000,45.12960316882824,0.0,0.0
2004-06-16,0.153790682554245,252576000,34.95340664151088,0.0,0.0
2004-06-17,0.15073497593402863,482376000,28.12081970687585,0.0,0.0
2004-06-18,0.1509641855955124,534336000,27.66424661170437,0.0,0.0
2004-06-21,0.14828993380069733,266568000,14.930977714941974,0.0,0.0
2004-06-22,0.15249156951904297,430308000,22.416445815875775,0.0,0.0
2004-06-23,0.15508978068828583,264660000,27.132601062189636,0.0,0.0
2004-06-24,0.15371456742286682,590652000,31.761040251425044,0.0,0.0
2004-06-25,0.1547074168920517,329124000,34.68687797655036,0.0,0.0
2004-06-28,0.15340842306613922,299376000,26.67968559234494,0.0,0.0
2004-06-29,0.15867984294891357,363852000,38.13016945921776,0.0,0.0
2004-06-30,0.15638794004917145,329268000,44.155831576176844,0.0,0.0
2004-07-01,0.1492067575454712,505620000,38.1310730404852,0.0,0.0
2004-07-02,0.1471438854932785,294948000,41.04580241998296,0.0,0.0
2004-07-06,0.13851061463356018,575388000,29.99955335748838,0.0,0.0
2004-07-07,0.13919813930988312,344136000,32.85417512447998,0.0,0.0
2004-07-08,0.13492050766944885,430056000,31.937116224696283,0.0,0.0
2004-07-09,0.12911352515220642,1114500000,27.86330003461812,0.0,0.0
2004-07-12,0.1261339634656906,676044000,27.691993815806313,0.0,0.0
2004-07-13,0.12590481340885162,567108000,20.90321334073738,0.0,0.0
2004-07-14,0.12032800912857056,901608000,14.2848878200262,0.0,0.0
2004-07-15,0.11948731541633606,611352000,14.443529340179609,0.0,0.0
2004-07-16,0.11597327142953873,464700000,11.764469011756688,0.0,0.0
2004-07-19,0.11727235466241837,461088000,14.329163743775325,0.0,0.0
2004-07-20,0.11964040994644165,341544000,9.11994776861853,0.0,0.0
2004-07-21,0.11238225549459457,613416000,8.260762843415804,0.0,0.0
2004-07-22,0.11475122720003128,521460000,14.035991452660966,0.0,0.0
2004-07-23,0.11169464886188507,371496000,13.750743078874677,0.0,0.0
2004-07-26,0.10856291651725769,503208000,15.494037794612154,0.0,0.0
2004-07-27,0.11215304583311081,789888000,20.792097936120555,0.0,0.0
2004-07-28,0.10932659357786179,505116000,21.464906881252702,0.0,0.0
2004-07-29,0.11650776118040085,747360000,36.36346122229323,0.0,0.0
2004-07-30,0.11780684441328049,403956000,40.65209724219571,0.0,0.0
2004-08-02,0.11933513730764389,420984000,42.83399144841027,0.0,0.0
2004-08-03,0.1131468191742897,741540000,42.27009167071707,0.0,0.0
2004-08-04,0.11436890810728073,507816000,44.53535702294618,0.0,0.0
2004-08-05,0.11123625189065933,859920000,44.90101807884095,0.0,0.0
2004-08-06,0.07204370945692062,5088948000,23.188056031896608,0.0,0.0
2004-08-09,0.07525245100259781,1579212000,23.946109727844345,0.0,0.0
2004-08-10,0.08121154457330704,2051916000,31.420751969353915,0.0,0.0
2004-08-11,0.07884351164102554,963816000,28.597030339781114,0.0,0.0
2004-08-12,0.07700993865728378,654384000,29.020131108609775,0.0,0.0
2004-08-13,0.08021866530179977,815700000,32.87126075725136,0.0,0.0
2004-08-16,0.07945500314235687,531732000,29.541323963635676,0.0,0.0
2004-08-17,0.08380971848964691,744912000,34.33406982980894,0.0,0.0
2004-08-18,0.08938650786876678,872424000,33.014457720273114,0.0,0.0
2004-08-19,0.08908123522996902,724404000,31.78291152313959,0.0,0.0
2004-08-20,0.09435273706912994,1199040000,34.87485997012372,0.0,0.0
2004-08-23,0.09641549736261368,800028000,39.337688399090105,0.0,0.0
2004-08-24,0.09282446652650833,939420000,36.67283678557301,0.0,0.0
2004-08-25,0.0967969000339508,721308000,41.15981260612603,0.0,0.0
2004-08-26,0.09702607989311218,612720000,79.24955840270066,0.0,0.0
2004-08-27,0.09885967522859573,565128000,78.55914882489424,0.0,0.0
2004-08-30,0.09557480365037918,628056000,68.57821020562224,0.0,0.0
2004-08-31,0.09519250690937042,587064000,72.29178158730716,0.0,0.0
2004-09-01,0.09702607989311218,591744000,77.29192291808211,0.0,0.0
2004-09-02,0.10099942237138748,770088000,77.75573852414718,0.0,0.0
2004-09-03,0.09794287383556366,715056000,73.26808728228609,0.0,0.0
2004-09-07,0.0961092934012413,727332000,66.52865077327928,0.0,0.0
2004-09-08,0.09412355720996857,834984000,57.04585966038596,0.0,0.0
2004-09-09,0.10352060943841934,1299324000,66.90494001546264,0.0,0.0
2004-09-10,0.10749304294586182,1039344000,65.8666798074857,0.0,0.0
2004-09-13,0.10955577343702316,967752000,65.86665524117178,0.0,0.0
2004-09-14,0.1100141778588295,683556000,72.4550509633619,0.0,0.0
2004-09-15,0.1039019525051117,1163904000,58.78997374696997,0.0,0.0
2004-09-16,0.10779829323291779,810024000,62.218158530873325,0.0,0.0
2004-09-17,0.11223005503416061,1003800000,64.32102050206223,0.0,0.0
2004-09-20,0.11207694560289383,794628000,68.94655602624479,0.0,0.0
2004-09-21,0.11505648493766785,503904000,71.5227704716963,0.0,0.0
2004-09-22,0.10970889031887054,625920000,62.769523567716206,0.0,0.0
2004-09-23,0.11070175468921661,578664000,60.392386176914556,0.0,0.0
2004-09-24,0.10733990371227264,476316000,59.99996626476462,0.0,0.0
2004-09-27,0.1054302453994751,406020000,59.90297216106115,0.0,0.0
2004-09-28,0.1069585382938385,474840000,63.770279596271344,0.0,0.0
2004-09-29,0.10955577343702316,537228000,57.58107426508543,0.0,0.0
2004-09-30,0.11093097925186157,619680000,54.620015356270564,0.0,0.0
2004-10-01,0.11551488935947418,590412000,57.49987518380562,0.0,0.0
2004-10-04,0.11879970133304596,673932000,60.322676863092994,0.0,0.0
2004-10-05,0.11612635105848312,633180000,65.62599496449099,0.0,0.0
2004-10-06,0.11658476293087006,498504000,62.313682824792835,0.0,0.0
2004-10-07,0.11727235466241837,798072000,57.894992667464614,0.0,0.0
2004-10-08,0.11085489392280579,693420000,48.400345136705425,0.0,0.0
2004-10-11,0.11100710928440094,373848000,44.27574773499282,0.0,0.0
2004-10-12,0.10940267890691757,827232000,49.5158844199479,0.0,0.0
2004-10-13,0.10871507227420807,672816000,46.82859733766278,0.0,0.0
2004-10-14,0.1054302453994751,513264000,46.94403750777755,0.0,0.0
2004-10-15,0.10252676159143448,1280484000,45.49689578935454,0.0,0.0
2004-10-18,0.10436037927865982,573972000,46.00823615467001,0.0,0.0
2004-10-19,0.10367275774478912,618480000,40.39805056014951,0.0,0.0
2004-10-20,0.10489577054977417,540204000,40.1004686682496,0.0,0.0
2004-10-21,0.10726381838321686,1013964000,35.40483619671305,0.0,0.0
2004-10-22,0.10145783424377441,686460000,21.836326206906833,0.0,0.0
2004-10-25,0.10191623121500015,529164000,25.133391805801963,0.0,0.0
2004-10-26,0.11070175468921661,2455776000,42.028389278911746,0.0,0.0
2004-10-27,0.11375742405653,1074036000,45.52440598170161,0.0,0.0
2004-10-28,0.11253532022237778,561552000,52.46593235280727,0.0,0.0
2004-10-29,0.11054865270853043,742860000,49.36158619715724,0.0,0.0
2004-11-01,0.11291760206222534,653892000,54.79242283469128,0.0,0.0
2004-11-02,0.11452197283506393,1095756000,57.724329260044215,0.0,0.0
2004-11-03,0.11559101194143295,910356000,64.36250181612395,0.0,0.0
2004-11-04,0.1177307739853859,995544000,71.96552175800281,0.0,0.0
2004-11-05,0.13476738333702087,3849012000,80.52189148853718,0.0,0.0
2004-11-08,0.1362185925245285,718620000,82.17557021605185,0.0,0.0
2004-11-09,0.1353788673877716,615936000,80.36643195914199,0.0,0.0
2004-11-10,0.1353788673877716,645912000,79.39425889365529,0.0,0.0
2004-11-11,0.13805222511291504,507000000,90.94118626727106,0.0,0.0
2004-11-12,0.1382814347743988,647076000,90.89449121715637,0.0,0.0
2004-11-15,0.14034414291381836,536472000,89.27245531113381,0.0,0.0
2004-11-16,0.1398857682943344,472728000,87.17525404854727,0.0,0.0
2004-11-17,0.1422547698020935,602772000,90.94827236829221,0.0,0.0
2004-11-18,0.14408831298351288,532524000,96.40768682147885,0.0,0.0
2004-11-19,0.14485196769237518,2126052000,96.24068350872751,0.0,0.0
2004-11-22,0.14897748827934265,733788000,96.49648263983646,0.0,0.0
2004-11-23,0.14958898723125458,676896000,96.45267787392751,0.0,0.0
2004-11-24,0.15019959211349487,428580000,96.29798207642804,0.0,0.0
2004-11-26,0.15172797441482544,350760000,93.36234224641376,0.0,0.0
2004-11-29,0.14874836802482605,704388000,79.71221623449003,0.0,0.0
2004-11-30,0.14615114033222198,576540000,73.57921106897905,0.0,0.0
2004-12-01,0.14981819689273834,514572000,77.23396026553286,0.0,0.0
2004-12-02,0.15180398523807526,758652000,76.62776726277801,0.0,0.0
2004-12-03,0.15837456285953522,1347312000,81.2358370842224,0.0,0.0
2004-12-06,0.16593807935714722,970500000,83.97630692615644,0.0,0.0
2004-12-07,0.17426523566246033,2927052000,87.75211436116254,0.0,0.0
2004-12-08,0.17632794380187988,872724000,87.66916704920101,0.0,0.0
2004-12-09,0.1747235655784607,869964000,84.04090051423213,0.0,0.0
2004-12-10,0.17808544635772705,652848000,84.91209600149267,0.0,0.0
2004-12-13,0.1731962114572525,738024000,75.0402126537964,0.0,0.0
2004-12-14,0.17671026289463043,512988000,76.45347847740031,0.0,0.0
2004-12-15,0.17831461131572723,432768000,76.90125932626253,0.0,0.0
2004-12-16,0.18068274855613708,1524036000,77.26658623485709,0.0,0.0
2004-12-17,0.17617575824260712,1214244000,75.10603851663085,0.0,0.0
2004-12-20,0.17426523566246033,898728000,76.06227099728329,0.0,0.0
2004-12-21,0.1755642592906952,899400000,74.96304338365212,0.0,0.0
2004-12-22,0.17579345405101776,421824000,74.08012377616025,0.0,0.0
2004-12-23,0.17625190317630768,366972000,70.45479102581169,0.0,0.0
2004-12-27,0.1747235655784607,308208000,61.66282460084541,0.0,0.0
2004-12-28,0.1738068163394928,291612000,49.24235966472963,0.0,0.0
2004-12-29,0.1753350794315338,294732000,48.32958856403583,0.0,0.0
2004-12-30,0.1746474951505661,259812000,49.86792173497309,0.0,0.0
2004-12-31,0.17999516427516937,575964000,53.10131963499428,0.0,0.0
2005-01-03,0.18014821410179138,1066716000,63.342326879624785,0.0,0.0
2005-01-04,0.17166796326637268,790224000,41.872108640403304,0.0,0.0
2005-01-05,0.17327231168746948,724812000,41.872108640403304,0.0,0.0
2005-01-06,0.1715918630361557,563568000,35.01379636639119,0.0,0.0
2005-01-07,0.1683061718940735,763092000,36.482807480235984,0.0,0.0
2005-01-10,0.16868843138217926,579552000,39.89023076362746,0.0,0.0
2005-01-11,0.16349299252033234,1093380000,30.8256921697091,0.0,0.0
2005-01-12,0.1621178537607193,1057800000,29.04036412645199,0.0,0.0
2005-01-13,0.16379918158054352,898764000,31.604140129694585,0.0,0.0
2005-01-14,0.16433370113372803,573912000,34.18720279778256,0.0,0.0
2005-01-18,0.1669308990240097,464556000,40.0444630563685,0.0,0.0
2005-01-19,0.1631115823984146,336492000,33.402908028973,0.0,0.0
2005-01-20,0.16349299252033234,640080000,34.72740586626169,0.0,0.0
2005-01-21,0.16379918158054352,596352000,24.272958085216146,0.0,0.0
2005-01-24,0.15722857415676117,463704000,19.758328514248248,0.0,0.0
2005-01-25,0.1599789410829544,439704000,31.82916251637583,0.0,0.0
2005-01-26,0.16204175353050232,429120000,32.78720214812469,0.0,0.0
2005-01-27,0.17502978444099426,1002912000,53.912909494148444,0.0,0.0
2005-01-28,0.17480060458183289,671052000,57.94447438082989,0.0,0.0
2005-01-31,0.17510592937469482,562968000,57.8651661239434,0.0,0.0
2005-02-01,0.1783907264471054,507180000,69.15551941735475,0.0,0.0
2005-02-02,0.1883232295513153,2035404000,77.6173847600013,0.0,0.0
2005-02-03,0.1863364279270172,690120000,73.59965511364912,0.0,0.0
2005-02-04,0.1970326453447342,806448000,78.23216702128462,0.0,0.0
2005-02-07,0.19466373324394226,521628000,74.03920440257335,0.0,0.0
2005-02-08,0.19657430052757263,455772000,79.99862268682486,0.0,0.0
2005-02-09,0.18969835340976715,783756000,71.04229522451962,0.0,0.0
2005-02-10,0.19412918388843536,602376000,72.84128466323766,0.0,0.0
2005-02-11,0.19978295266628265,556512000,82.49611802141028,0.0,0.0
2005-02-14,0.19558043777942657,432900000,76.59676418965489,0.0,0.0
2005-02-15,0.19733792543411255,748500000,76.48950995066016,0.0,0.0
2005-02-16,0.19665034115314484,466464000,69.90019092685243,0.0,0.0
2005-02-17,0.19489291310310364,1017408000,67.98750508903788,0.0,0.0
2005-02-18,0.21597890555858612,3132120000,76.6685589429485,0.0,0.0
2005-02-22,0.21872928738594055,1420800000,76.5047064151366,0.0,0.0
2005-02-23,0.2116241604089737,1107840000,65.90081345424039,0.0,0.0
2005-02-24,0.21720190346240997,695496000,70.07887989583674,0.0,0.0
2005-02-25,0.22033362090587616,525132000,66.81262702799236,0.0,0.0
2005-02-28,0.2214796096086502,758064000,69.69637428451655,0.0,0.0
2005-03-01,0.22094516456127167,737148000,68.26983276623235,0.0,0.0
2005-03-02,0.21445155143737793,947460000,68.66343935296128,0.0,0.0
2005-03-03,0.2115480601787567,761292000,63.44311535731842,0.0,0.0
2005-03-04,0.2106313556432724,593124000,59.03276172405629,0.0,0.0
2005-03-07,0.21277013421058655,511176000,64.82214250476375,0.0,0.0
2005-03-08,0.20199789106845856,1332384000,53.47751083963599,0.0,0.0
2005-03-09,0.19672639667987823,910140000,50.053112631165675,0.0,0.0
2005-03-10,0.19665034115314484,689280000,51.25702343806672,0.0,0.0
2005-03-11,0.192219540476799,732180000,27.690136591858362,0.0,0.0
2005-03-14,0.1976432353258133,572148000,31.14686571603997,0.0,0.0
2005-03-15,0.19367088377475739,378108000,32.99527891523738,0.0,0.0
2005-03-16,0.19038596749305725,535356000,23.447613845227778,0.0,0.0
2005-03-17,0.18847543001174927,442584000,17.673139111853544,0.0,0.0
2005-03-18,0.1846560686826706,639012000,14.557635273997406,0.0,0.0
2005-03-21,0.19099652767181396,654456000,24.072459507049757,0.0,0.0
2005-03-22,0.18755853176116943,622992000,25.41720727472672,0.0,0.0
2005-03-23,0.1916080266237259,728784000,32.14694017861552,0.0,0.0
2005-03-24,0.19199028611183167,865356000,33.14868062226486,0.0,0.0
2005-03-28,0.18985053896903992,511188000,29.281306723726644,0.0,0.0
2005-03-29,0.18564893305301666,587400000,33.22865452689058,0.0,0.0
2005-03-30,0.18564893305301666,858708000,37.25827290211514,0.0,0.0
2005-03-31,0.1815233677625656,518316000,34.08315636020251,0.0,0.0
2005-04-01,0.17976589500904083,510756000,36.114921033850315,0.0,0.0
2005-04-04,0.17869694530963898,421428000,26.60414656564059,0.0,0.0
2005-04-05,0.1755642592906952,430128000,27.16752575331732,0.0,0.0
2005-04-06,0.17823852598667145,567468000,34.44246132302082,0.0,0.0
2005-04-07,0.1815233677625656,506352000,41.39907900993764,0.0,0.0
2005-04-08,0.17915531992912292,621540000,42.941116723294364,0.0,0.0
2005-04-11,0.17564038932323456,328380000,28.753383982202863,0.0,0.0
2005-04-12,0.1777801513671875,512232000,35.96656963780947,0.0,0.0
2005-04-13,0.17036886513233185,498408000,22.201076721567517,0.0,0.0
2005-04-14,0.1689937263727188,352080000,20.663380807120078,0.0,0.0
2005-04-15,0.1631115823984146,630156000,18.862344631429124,0.0,0.0
2005-04-18,0.16196559369564056,473100000,20.307543310678454,0.0,0.0
2005-04-19,0.167618528008461,365460000,30.20115992522996,0.0,0.0
2005-04-20,0.16250015795230865,564672000,29.556717712664806,0.0,0.0
2005-04-21,0.1715148240327835,538152000,42.32942802164647,0.0,0.0
2005-04-22,0.1699104905128479,336276000,41.91222005420641,0.0,0.0
2005-04-25,0.17258475720882416,318168000,47.23406865488733,0.0,0.0
2005-04-26,0.17182104289531708,353148000,43.82344285625516,0.0,0.0
2005-04-27,0.1652504950761795,609348000,35.26971179806161,0.0,0.0
2005-04-28,0.16578496992588043,372948000,37.48153552325104,0.0,0.0
2005-04-29,0.16754241287708282,478356000,42.15996008753475,0.0,0.0
2005-05-02,0.1669308990240097,334908000,39.17602627943569,0.0,0.0
2005-05-03,0.1660141795873642,439512000,45.00862791835513,0.0,0.0
2005-05-04,0.17128565907478333,468816000,52.41160115952704,0.0,0.0
2005-05-05,0.1746474951505661,619272000,62.81814890761572,0.0,0.0
2005-05-06,0.17701555788516998,355728000,66.28064441624707,0.0,0.0
2005-05-09,0.18030129373073578,745332000,64.46047057694582,0.0,0.0
2005-05-10,0.17327231168746948,735120000,61.76928288095858,0.0,0.0
2005-05-11,0.17036886513233185,555420000,48.554982823027586,0.0,0.0
2005-05-12,0.1741129755973816,835584000,55.02779979293432,0.0,0.0
2005-05-13,0.19351768493652344,2650320000,67.8844120472056,0.0,0.0
2005-05-16,0.19420532882213593,664104000,69.1492971539521,0.0,0.0
2005-05-17,0.19634509086608887,639804000,78.78278661223837,0.0,0.0
2005-05-18,0.19779632985591888,550056000,79.13687773099917,0.0,0.0
2005-05-19,0.19741404056549072,452880000,77.88740057145372,0.0,0.0
2005-05-20,0.2009289413690567,517008000,80.10756973477314,0.0,0.0
2005-05-23,0.20558902621269226,703668000,82.86711662604958,0.0,0.0
2005-05-24,0.2084924280643463,522192000,82.1656185195203,0.0,0.0
2005-05-25,0.20581822097301483,535272000,77.2716369213395,0.0,0.0
2005-05-26,0.2116241604089737,788784000,78.56131949275222,0.0,0.0
2005-05-27,0.21024897694587708,322740000,75.51955915271645,0.0,0.0
2005-05-31,0.20704032480716705,763176000,80.77899872359706,0.0,0.0
2005-06-01,0.20895080268383026,796632000,85.81512258549067,0.0,0.0
2005-06-02,0.21674354374408722,684348000,86.80680093025906,0.0,0.0
2005-06-03,0.21620813012123108,559620000,79.05903899991903,0.0,0.0
2005-06-06,0.21414533257484436,512892000,74.66776160401378,0.0,0.0
2005-06-07,0.20895080268383026,974136000,64.49868301643005,0.0,0.0
2005-06-08,0.207498699426651,618720000,61.15912687457745,0.0,0.0
2005-06-09,0.21620813012123108,619908000,68.14104244536429,0.0,0.0
2005-06-10,0.21376395225524902,465096000,62.65051327727796,0.0,0.0
2005-06-13,0.21850009262561798,1409916000,62.70642555235044,0.0,0.0
2005-06-14,0.20558902621269226,2408412000,47.61282798694092,0.0,0.0
2005-06-15,0.20497754216194153,1669788000,49.284518603836055,0.0,0.0
2005-06-16,0.20604737102985382,489240000,44.837635489199755,0.0,0.0
2005-06-17,0.20558902621269226,456348000,45.61185475301025,0.0,0.0
2005-06-20,0.20872165262699127,606060000,51.58551160398091,0.0,0.0
2005-06-21,0.2107074111700058,428172000,51.654154129772145,0.0,0.0
2005-06-22,0.21047823131084442,700668000,43.120000094159984,0.0,0.0
2005-06-23,0.21376395225524902,836976000,47.46890047984994,0.0,0.0
2005-06-24,0.2069641500711441,475632000,43.22786843811726,0.0,0.0
2005-06-27,0.20528370141983032,354588000,46.29630159823336,0.0,0.0
2005-06-28,0.20658187568187714,262308000,49.07112774802333,0.0,0.0
2005-06-29,0.2046721875667572,283572000,36.44501655983576,0.0,0.0
2005-06-30,0.20413771271705627,593232000,38.15747829142775,0.0,0.0
2005-07-01,0.20505447685718536,315168000,31.743078462549747,0.0,0.0
2005-07-05,0.20826321840286255,388440000,54.930078421431645,0.0,0.0
2005-07-06,0.2138400673866272,703632000,63.810378783926836,0.0,0.0
2005-07-07,0.21231180429458618,465900000,59.624286465239145,0.0,0.0
2005-07-08,0.21498608589172363,408132000,63.51673313646979,0.0,0.0
2005-07-11,0.21819475293159485,399492000,63.59636755239741,0.0,0.0
2005-07-12,0.21697275340557098,564252000,59.19395942010457,0.0,0.0
2005-07-13,0.21727795898914337,594780000,59.955920903452544,0.0,0.0
2005-07-14,0.207651749253273,1871496000,42.452111749673314,0.0,0.0
2005-07-15,0.2054358571767807,1223352000,47.871775184518555,0.0,0.0
2005-07-18,0.20031754672527313,1044900000,43.68871061701863,0.0,0.0
2005-07-19,0.20306777954101562,517896000,45.693027316386235,0.0,0.0
2005-07-20,0.206123486161232,526500000,51.73012495618505,0.0,0.0
2005-07-21,0.20260943472385406,594528000,48.298918573520545,0.0,0.0
2005-07-22,0.19733792543411255,699264000,42.17004648235593,0.0,0.0
2005-07-25,0.1984839141368866,974952000,39.64344482964338,0.0,0.0
2005-07-26,0.20260943472385406,759492000,37.72924823225541,0.0,0.0
2005-07-27,0.20673500001430511,807828000,44.233958069904986,0.0,0.0
2005-07-28,0.20833931863307953,411240000,42.97219828770242,0.0,0.0
2005-07-29,0.20673500001430511,351660000,37.45780211128318,0.0,0.0
2005-08-01,0.2098676562309265,389040000,42.53594229712455,0.0,0.0
2005-08-02,0.21269404888153076,422652000,45.42674868215426,0.0,0.0
2005-08-03,0.21269404888153076,518256000,56.22650800264563,0.0,0.0
2005-08-04,0.21047823131084442,356424000,56.22661146423155,0.0,0.0
2005-08-05,0.21582677960395813,684096000,69.04343670380099,0.0,0.0
2005-08-08,0.21659041941165924,725544000,67.45573555086469,0.0,0.0
2005-08-09,0.21605587005615234,291900000,63.71385958768649,0.0,0.0
2005-08-10,0.21284720301628113,440556000,64.2557300980048,0.0,0.0
2005-08-11,0.21582677960395813,701556000,77.50040878836869,0.0,0.0
2005-08-12,0.22881396114826202,2295420000,83.36140640820298,0.0,0.0
2005-08-15,0.2346208244562149,882804000,83.9548790543191,0.0,0.0
2005-08-16,0.23064753413200378,637488000,75.44652091348712,0.0,0.0
2005-08-17,0.23064753413200378,607572000,74.57851103371559,0.0,0.0
2005-08-18,0.2246883511543274,822732000,68.04849614809439,0.0,0.0
2005-08-19,0.2230840027332306,422232000,63.707592926649504,0.0,0.0
2005-08-22,0.22125041484832764,547224000,59.06100133460102,0.0,0.0
2005-08-23,0.22270262241363525,254460000,60.2825959204905,0.0,0.0
2005-08-24,0.22285480797290802,514620000,63.27847871909925,0.0,0.0
2005-08-25,0.22438308596611023,296484000,59.99950668964616,0.0,0.0
2005-08-26,0.22094516456127167,323436000,54.78985562416425,0.0,0.0
2005-08-29,0.22132748365402222,343392000,55.81782035760095,0.0,0.0
2005-08-30,0.22927226126194,948852000,66.41134593444853,0.0,0.0
2005-08-31,0.23439164459705353,906804000,67.78871477415436,0.0,0.0
2005-09-01,0.23446770012378693,556884000,57.19845330815107,0.0,0.0
2005-09-02,0.23064753413200378,469800000,44.67152879200369,0.0,0.0
2005-09-06,0.232558012008667,423096000,52.712116374911055,0.0,0.0
2005-09-07,0.2399684637784958,588012000,60.93199501594841,0.0,0.0
2005-09-08,0.24279482662677765,646116000,72.92042048103798,0.0,0.0
2005-09-09,0.2459275871515274,454236000,77.83971387767974,0.0,0.0
2005-09-12,0.24508671462535858,556584000,79.76987895125812,0.0,0.0
2005-09-13,0.252498060464859,854724000,82.39099768340061,0.0,0.0
2005-09-14,0.24944157898426056,503448000,77.18611970435795,0.0,0.0
2005-09-15,0.25387322902679443,759756000,78.46480411989555,0.0,0.0
2005-09-16,0.2540256083011627,519828000,84.09264181852146,0.0,0.0
2005-09-19,0.25043532252311707,428316000,78.13793042887576,0.0,0.0
2005-09-20,0.2553246021270752,522192000,76.76537441610097,0.0,0.0
2005-09-21,0.2531086802482605,625656000,70.44927795759702,0.0,0.0
2005-09-22,0.24630993604660034,739152000,61.281058389903635,0.0,0.0
2005-09-23,0.24989989399909973,314640000,68.42083469502094,0.0,0.0
2005-09-26,0.25196269154548645,406776000,68.51261473302864,0.0,0.0
2005-09-27,0.25280341506004333,404160000,63.999842623060324,0.0,0.0
2005-09-28,0.25433170795440674,353556000,62.95069261189712,0.0,0.0
2005-09-29,0.25960320234298706,513372000,64.64816903398216,0.0,0.0
2005-09-30,0.261895090341568,458832000,67.46096297431009,0.0,0.0
2005-10-03,0.26907625794410706,549888000,67.30460369257598,0.0,0.0
2005-10-04,0.2655622363090515,514476000,66.66780802214284,0.0,0.0
2005-10-05,0.25677576661109924,599184000,52.75311542580658,0.0,0.0
2005-10-06,0.2558591067790985,685512000,51.71425083988846,0.0,0.0
2005-10-07,0.25257423520088196,551952000,52.01129018660247,0.0,0.0
2005-10-10,0.2461567223072052,459216000,41.6199234782516,0.0,0.0
2005-10-11,0.2431010603904724,540048000,40.99065193700621,0.0,0.0
2005-10-12,0.2460036724805832,657660000,49.703473101542066,0.0,0.0
2005-10-13,0.24470537900924683,509304000,44.737317275368284,0.0,0.0
2005-10-14,0.24470537900924683,311256000,42.3267338698336,0.0,0.0
2005-10-17,0.24707362055778503,243912000,44.13136320743259,0.0,0.0
2005-10-18,0.2430240660905838,299832000,38.98715000751267,0.0,0.0
2005-10-19,0.24096129834651947,635952000,30.633679548857202,0.0,0.0
2005-10-20,0.24264268577098846,359520000,29.74249984750668,0.0,0.0
2005-10-21,0.24401777982711792,298368000,19.96332727852422,0.0,0.0
2005-10-24,0.25066450238227844,291012000,33.39005335316804,0.0,0.0
2005-10-25,0.25226888060569763,334680000,44.01692954544285,0.0,0.0
2005-10-26,0.24539302289485931,415344000,38.00391403767362,0.0,0.0
2005-10-27,0.24027365446090698,227784000,36.470215261189445,0.0,0.0
2005-10-28,0.24768498539924622,464640000,51.6450019691053,0.0,0.0
2005-10-31,0.25631749629974365,432420000,62.70122624425816,0.0,0.0
2005-11-01,0.25318580865859985,400488000,56.871896049977536,0.0,0.0
2005-11-02,0.2678542733192444,523668000,67.63660243836244,0.0,0.0
2005-11-03,0.26472169160842896,465072000,64.55519899411343,0.0,0.0
2005-11-04,0.26021379232406616,570276000,59.26673359633133,0.0,0.0
2005-11-07,0.2590678632259369,370824000,61.79759431506184,0.0,0.0
2005-11-08,0.2542547285556793,538968000,59.39512362427803,0.0,0.0
2005-11-09,0.265714555978775,818880000,64.32593178335627,0.0,0.0
2005-11-10,0.2558591067790985,2503620000,56.65203760334289,0.0,0.0
2005-11-11,0.2600616216659546,545928000,55.42802812116771,0.0,0.0
2005-11-14,0.2655622363090515,493668000,57.3478638947872,0.0,0.0
2005-11-15,0.2661727964878082,496200000,62.34071367688675,0.0,0.0
2005-11-16,0.2652561068534851,455280000,65.61613044153341,0.0,0.0
2005-11-17,0.27702203392982483,703260000,67.3913392499885,0.0,0.0
2005-11-18,0.27648669481277466,465768000,63.22627876147149,0.0,0.0
2005-11-21,0.28137680888175964,454704000,68.06997286380269,0.0,0.0
2005-11-22,0.28886327147483826,731700000,64.8320228411713,0.0,0.0
2005-11-23,0.288023442029953,411948000,67.00104524056447,0.0,0.0
2005-11-25,0.2908499836921692,116676000,72.91447990107548,0.0,0.0
2005-11-28,0.2893986701965332,424524000,72.58290122521504,0.0,0.0
2005-11-29,0.2710629403591156,1043136000,60.41697941034212,0.0,0.0
2005-11-30,0.2761813998222351,575448000,57.04025767870808,0.0,0.0
2005-12-01,0.2794662415981293,562032000,67.41838528982638,0.0,0.0
2005-12-02,0.27954331040382385,334476000,65.30627437630312,0.0,0.0
2005-12-05,0.27434778213500977,387708000,56.935827237469915,0.0,0.0
2005-12-06,0.2754938006401062,375252000,57.29685924012084,0.0,0.0
2005-12-07,0.2759522497653961,352668000,58.43388483371736,0.0,0.0
2005-12-08,0.2737363576889038,386664000,46.94987699558159,0.0,0.0
2005-12-09,0.2776326835155487,262896000,51.00133070157846,0.0,0.0
2005-12-12,0.28168219327926636,281136000,50.27080493834588,0.0,0.0
2005-12-13,0.2853492796421051,443412000,46.65731406908887,0.0,0.0
2005-12-14,0.28267502784729004,287472000,45.08389694476365,0.0,0.0
2005-12-15,0.2790849506855011,332724000,39.33563612226341,0.0,0.0
2005-12-16,0.281529039144516,1065600000,42.99271879454619,0.0,0.0
2005-12-19,0.2768689692020416,292296000,56.83419464163849,0.0,0.0
2005-12-20,0.2767159044742584,304356000,50.71242078332169,0.0,0.0
2005-12-21,0.2761813998222351,289380000,45.27521352262782,0.0,0.0
2005-12-22,0.2845856845378876,318336000,55.8510765865494,0.0,0.0
2005-12-23,0.2868005633354187,214536000,65.5238443975223,0.0,0.0
2005-12-27,0.2885580360889435,367968000,66.04154103948918,0.0,0.0
2005-12-28,0.29123228788375854,264420000,67.79404807638667,0.0,0.0
2005-12-29,0.284737765789032,310464000,61.65046409217204,0.0,0.0
2005-12-30,0.2793140411376953,229608000,51.72474504887966,0.0,0.0
2006-01-03,0.2919960618019104,472812000,58.98821620703855,0.0,0.0
2006-01-04,0.3001708388328552,510072000,61.97565076643704,0.0,0.0
2006-01-05,0.3069697916507721,646092000,68.4032440904833,0.0,0.0
2006-01-06,0.3120121359825134,623388000,74.40533156466336,0.0,0.0
2006-01-09,0.3207216262817383,560484000,76.58047223515138,0.0,0.0
2006-01-10,0.32079845666885376,339660000,81.76797306045994,0.0,0.0
2006-01-11,0.3324105441570282,626304000,84.54994885606719,0.0,0.0
2006-01-12,0.3276744782924652,495504000,80.36086170893803,0.0,0.0
2006-01-13,0.32477104663848877,421296000,75.33726983192116,0.0,0.0
2006-01-17,0.32454174757003784,329232000,74.40731498505065,0.0,0.0
2006-01-18,0.32622230052948,459948000,74.38182785752466,0.0,0.0
2006-01-19,0.34432879090309143,914760000,78.6479675904362,0.0,0.0
2006-01-20,0.33470258116722107,461604000,76.07703880894783,0.0,0.0
2006-01-23,0.3366132378578186,334884000,81.04326845019759,0.0,0.0
2006-01-24,0.3382934629917145,388896000,78.47758160307447,0.0,0.0
2006-01-25,0.3353141248226166,400236000,73.09262280022537,0.0,0.0
2006-01-26,0.34677374362945557,448836000,74.64559090788904,0.0,0.0
2006-01-27,0.35334452986717224,385044000,75.1165707906624,0.0,0.0
2006-01-30,0.34937116503715515,315780000,68.47284500749089,0.0,0.0
2006-01-31,0.3434889316558838,384456000,63.611493140931195,0.0,0.0
2006-02-01,0.34371820092201233,450852000,57.856069711496964,0.0,0.0
2006-02-02,0.33325114846229553,473736000,53.588649137590544,0.0,0.0
2006-02-03,0.33630698919296265,504252000,57.40898362918558,0.0,0.0
2006-02-06,0.3457809388637543,363468000,62.19302507664894,0.0,0.0
2006-02-07,0.3334804177284241,399408000,53.71389285902777,0.0,0.0
2006-02-08,0.3431066572666168,393072000,49.31521081596184,0.0,0.0
2006-02-09,0.33730074763298035,437100000,51.520899061648905,0.0,0.0
2006-02-10,0.3353901505470276,414996000,49.28402395221158,0.0,0.0
2006-02-13,0.336536169052124,280740000,48.96483721682784,0.0,0.0
2006-02-14,0.33714759349823,342348000,51.111011741729676,0.0,0.0
2006-02-15,0.3436411917209625,493296000,47.98020992795201,0.0,0.0
2006-02-16,0.36060166358947754,1305888000,54.12634078471938,0.0,0.0
2006-02-17,0.3626643419265747,2356956000,57.72626355378666,0.0,0.0
2006-02-21,0.35494887828826904,684060000,56.521771418565734,0.0,0.0
2006-02-22,0.35433730483055115,939756000,56.01707112369868,0.0,0.0
2006-02-23,0.34891277551651,385128000,59.41215948138288,0.0,0.0
2006-02-24,0.3488365411758423,416412000,57.80956077856172,0.0,0.0
2006-02-27,0.362970769405365,666468000,60.1260116910503,0.0,0.0
2006-02-28,0.3600672483444214,563316000,67.61124500697382,0.0,0.0
2006-03-01,0.3737429082393646,703932000,69.2603398665245,0.0,0.0
2006-03-02,0.37427738308906555,545460000,74.89656533691583,0.0,0.0
2006-03-03,0.3755764067173004,595800000,77.28230472134362,0.0,0.0
2006-03-06,0.37481197714805603,529020000,76.12064393659337,0.0,0.0
2006-03-07,0.3683944642543793,606204000,69.75813073573093,0.0,0.0
2006-03-08,0.36656078696250916,670800000,65.40015157883283,0.0,0.0
2006-03-09,0.3684714138507843,536700000,56.62841368981497,0.0,0.0
2006-03-10,0.36205390095710754,521580000,49.52097495830305,0.0,0.0
2006-03-13,0.36640867590904236,372132000,59.49320957656928,0.0,0.0
2006-03-14,0.37656933069229126,627792000,65.90116279131036,0.0,0.0
2006-03-15,0.38260459899902344,510600000,73.8889319779763,0.0,0.0
2006-03-16,0.36961737275123596,568416000,62.454252023867504,0.0,0.0
2006-03-17,0.3725968897342682,618588000,56.659462887455646,0.0,0.0
2006-03-20,0.3697696328163147,293772000,56.71931367997318,0.0,0.0
2006-03-21,0.3880290389060974,1235472000,59.30311317409599,0.0,0.0
2006-03-22,0.3768746554851532,1158576000,51.48582392127183,0.0,0.0
2006-03-23,0.38390353322029114,661992000,54.470638174723874,0.0,0.0
2006-03-24,0.3968917727470398,687936000,60.47875862646285,0.0,0.0
2006-03-27,0.40758687257766724,651444000,67.87443572889944,0.0,0.0
2006-03-28,0.4138522744178772,795204000,70.73018896666439,0.0,0.0
2006-03-29,0.4360842704772949,987096000,75.15627706406686,0.0,0.0
2006-03-30,0.4390639066696167,1063308000,79.40485423206272,0.0,0.0
2006-03-31,0.43745946884155273,835560000,77.71147082419047,0.0,0.0
2006-04-03,0.4423486292362213,968916000,76.75566056735244,0.0,0.0
2006-04-04,0.46305257081985474,1200612000,79.2336912017781,0.0,0.0
2006-04-05,0.4667964577674866,1112976000,87.85668895528995,0.0,0.0
2006-04-06,0.46771344542503357,789312000,87.65836614432655,0.0,0.0
2006-04-07,0.46649038791656494,682674000,88.78618451138918,0.0,0.0
2006-04-10,0.45839235186576843,634230000,80.72011856084438,0.0,0.0
2006-04-11,0.44723790884017944,702072000,80.72007654932781,0.0,0.0
2006-04-12,0.46526819467544556,598308000,82.40983509061029,0.0,0.0
2006-04-13,0.4522801637649536,738360000,72.06279022475275,0.0,0.0
2006-04-17,0.45350325107574463,443868000,69.78259960750162,0.0,0.0
2006-04-18,0.44280701875686646,1165488000,62.0160828474502,0.0,0.0
2006-04-19,0.44555744528770447,517476000,54.68960630267468,0.0,0.0
2006-04-20,0.4449458420276642,552684000,52.981701722176666,0.0,0.0
2006-04-21,0.4289022386074066,770016000,46.21604644099535,0.0,0.0
2006-04-24,0.44204339385032654,676848000,49.87420156183197,0.0,0.0
2006-04-25,0.44173720479011536,719766000,39.44020342610996,0.0,0.0
2006-04-26,0.4386814832687378,330528000,35.976005378939774,0.0,0.0
2006-04-27,0.44571059942245483,462966000,39.65554646508208,0.0,0.0
2006-04-28,0.44647416472435,284736000,40.548705366947594,0.0,0.0
2006-05-01,0.47214415669441223,902472000,55.569174140946835,0.0,0.0
2006-05-02,0.4715324640274048,539700000,60.75734469040703,0.0,0.0
2006-05-03,0.4745892882347107,378114000,54.75821382960117,0.0,0.0
2006-05-04,0.4715324640274048,511128000,60.93680464012187,0.0,0.0
2006-05-05,0.4779501259326935,338184000,63.1137741565717,0.0,0.0
2006-05-08,0.47581133246421814,503622000,69.4938327007902,0.0,0.0
2006-05-09,0.4612959027290344,561648000,58.16155337208437,0.0,0.0
2006-05-10,0.4510580599308014,753264000,52.88190721253843,0.0,0.0
2006-05-11,0.4350143074989319,1201110000,52.88183290399166,0.0,0.0
2006-05-12,0.4023154675960541,1568172000,34.18502164454016,0.0,0.0
2006-05-15,0.4081224501132965,553380000,37.18002061659993,0.0,0.0
2006-05-16,0.39742621779441833,497532000,35.132542941733305,0.0,0.0
2006-05-17,0.3813825249671936,841074000,28.231964634040438,0.0,0.0
2006-05-18,0.36411669850349426,686730000,24.93081731550548,0.0,0.0
2006-05-19,0.37175625562667847,932808000,15.674643364879032,0.0,0.0
2006-05-22,0.3667139410972595,734886000,15.21368394411219,0.0,0.0
2006-05-23,0.36274147033691406,532314000,13.10508969108983,0.0,0.0
2006-05-24,0.3674774467945099,579522000,16.051754164350797,0.0,0.0
2006-05-25,0.3654918670654297,423666000,12.217519353093053,0.0,0.0
2006-05-26,0.366255521774292,294642000,12.849377026406529,0.0,0.0
2006-05-30,0.35097551345825195,448788000,12.78309150919685,0.0,0.0
2006-05-31,0.3511285185813904,598422000,13.827166657249919,0.0,0.0
2006-06-01,0.3694642186164856,537126000,26.65924702390248,0.0,0.0
2006-06-02,0.36411669850349426,673710000,33.10812858552636,0.0,0.0
2006-06-05,0.3488365411758423,581052000,25.809900556247584,0.0,0.0
2006-06-06,0.33951565623283386,824130000,26.10286618038269,0.0,0.0
2006-06-07,0.33340442180633545,565380000,28.43368100411152,0.0,0.0
2006-06-08,0.32729220390319824,730572000,31.60251804924468,0.0,0.0
2006-06-09,0.32622230052948,433824000,25.65305496426943,0.0,0.0
2006-06-12,0.30819272994995117,463230000,22.524704074897627,0.0,0.0
2006-06-13,0.3034559488296509,532548000,22.364201461952916,0.0,0.0
2006-06-14,0.312318354845047,480492000,25.24024573724148,0.0,0.0
2006-06-15,0.33966878056526184,837336000,40.55852187438138,0.0,0.0
2006-06-16,0.33095937967300415,503448000,37.80361300873218,0.0,0.0
2006-06-19,0.3210277557373047,388044000,39.254542514027584,0.0,0.0
2006-06-20,0.3159853219985962,535818000,37.81782314399511,0.0,0.0
2006-06-21,0.31949955224990845,441174000,30.696514458922863,0.0,0.0
2006-06-22,0.3101786673069,532338000,29.78215455523653,0.0,0.0
2006-06-23,0.3103316128253937,335202000,33.72089957601659,0.0,0.0
2006-06-26,0.3074282109737396,281736000,35.6557068147754,0.0,0.0
2006-06-27,0.2976497411727905,608514000,34.5237482119729,0.0,0.0
2006-06-28,0.31415191292762756,833376000,44.7816448530598,0.0,0.0
2006-06-29,0.3283620774745941,687666000,50.76945021553389,0.0,0.0
2006-06-30,0.32530543208122253,468240000,56.89627321335814,0.0,0.0
2006-07-03,0.3300425410270691,174696000,60.714145037057975,0.0,0.0
2006-07-05,0.31522083282470703,459708000,51.116060758031345,0.0,0.0
2006-07-06,0.3054423928260803,470634000,34.782807151721585,0.0,0.0
2006-07-07,0.29596832394599915,541230000,34.54789912939253,0.0,0.0
2006-07-10,0.2831333577632904,449922000,33.68415675946514,0.0,0.0
2006-07-11,0.2926073968410492,600582000,40.30437840943017,0.0,0.0
2006-07-12,0.2785494327545166,461034000,34.382456684962904,0.0,0.0
2006-07-13,0.2713681757450104,540582000,34.95289515485814,0.0,0.0
2006-07-14,0.26999327540397644,572148000,34.50733485194992,0.0,0.0
2006-07-17,0.27213194966316223,502806000,36.36373291364143,0.0,0.0
2006-07-18,0.28695347905158997,979332000,46.022614306261985,0.0,0.0
2006-07-19,0.29948335886001587,1055550000,44.37948686639916,0.0,0.0
2006-07-20,0.29352420568466187,505602000,35.7502509824302,0.0,0.0
2006-07-21,0.27152156829833984,633918000,30.952874938128673,0.0,0.0
2006-07-24,0.29887187480926514,983178000,40.485113529644146,0.0,0.0
2006-07-25,0.3094148337841034,574104000,48.180170410985795,0.0,0.0
2006-07-26,0.3094148337841034,495318000,51.326420676047896,0.0,0.0
2006-07-27,0.313845694065094,694338000,56.17742305156177,0.0,0.0
2006-07-28,0.346391499042511,815298000,69.23792204022814,0.0,0.0
2006-07-31,0.3382934629917145,594762000,64.01120588529278,0.0,0.0
2006-08-01,0.324694961309433,600966000,64.1921121162843,0.0,0.0
2006-08-02,0.34960025548934937,756774000,71.69514544169394,0.0,0.0
2006-08-03,0.3716030716896057,890568000,75.2853155350542,0.0,0.0
2006-08-04,0.36656078696250916,818232000,73.16361366542148,0.0,0.0
2006-08-07,0.36228305101394653,436146000,69.48652445511578,0.0,0.0
2006-08-08,0.3719092607498169,619806000,69.0211402271833,0.0,0.0
2006-08-09,0.37175625562667847,584706000,71.19231062640887,0.0,0.0
2006-08-10,0.36915889382362366,1072140000,79.5563988519815,0.0,0.0
2006-08-11,0.35754603147506714,1603272000,69.63215947652573,0.0,0.0
2006-08-14,0.3557124435901642,809412000,66.4497429194004,0.0,0.0
2006-08-15,0.3899388313293457,902172000,73.01332738160076,0.0,0.0
2006-08-16,0.4179006814956665,1029246000,76.21273041088821,0.0,0.0
2006-08-17,0.4113311767578125,814224000,68.82249599621503,0.0,0.0
2006-08-18,0.4180538058280945,665898000,73.30401089841416,0.0,0.0
2006-08-21,0.4026215672492981,500220000,72.52685242221081,0.0,0.0
2006-08-22,0.4020102322101593,473928000,67.62629484145398,0.0,0.0
2006-08-23,0.401704877614975,485412000,61.85367885193567,0.0,0.0
2006-08-24,0.40583035349845886,260802000,65.57628827491465,0.0,0.0
2006-08-25,0.4046073853969574,238314000,67.20489850911528,0.0,0.0
2006-08-28,0.418512225151062,764562000,68.30733998311415,0.0,0.0
2006-08-29,0.43745946884155273,727962000,72.48975009825045,0.0,0.0
2006-08-30,0.44647416472435,681564000,75.35076275069075,0.0,0.0
2006-08-31,0.44479385018348694,511278000,80.60071536750287,0.0,0.0
2006-09-01,0.42615193128585815,605742000,72.09979953668676,0.0,0.0
2006-09-05,0.43547284603118896,549354000,66.93200998585078,0.0,0.0
2006-09-06,0.41362303495407104,493572000,48.333585800013225,0.0,0.0
2006-09-07,0.4218740463256836,742836000,54.053985050906206,0.0,0.0
2006-09-08,0.4232492446899414,447978000,52.083447993170786,0.0,0.0
2006-09-11,0.4298189878463745,598266000,61.741154186254434,0.0,0.0
2006-09-12,0.44112664461135864,498432000,65.45892989768448,0.0,0.0
2006-09-13,0.44464051723480225,476286000,66.54862244665253,0.0,0.0
2006-09-14,0.4429601728916168,428814000,64.58581306286797,0.0,0.0
2006-09-15,0.45166951417922974,649764000,67.4605587957767,0.0,0.0
2006-09-18,0.4687823951244354,793896000,68.21712988983047,0.0,0.0
2006-09-19,0.4565589427947998,708054000,57.275919866165836,0.0,0.0
2006-09-20,0.47321420907974243,511884000,59.62621327028367,0.0,0.0
2006-09-21,0.4693937599658966,539106000,58.72139568773649,0.0,0.0
2006-09-22,0.45548900961875916,653334000,60.76236378925975,0.0,0.0
2006-09-25,0.47183895111083984,684486000,62.68669542412927,0.0,0.0
2006-09-26,0.46190640330314636,516120000,68.3717568335122,0.0,0.0
2006-09-27,0.46053123474121094,578142000,65.52115138888949,0.0,0.0
2006-09-28,0.45182180404663086,647346000,60.83402561162658,0.0,0.0
2006-09-29,0.45212796330451965,373890000,58.88086578198727,0.0,0.0
2006-10-02,0.44066813588142395,647442000,49.81768979592543,0.0,0.0
2006-10-03,0.4324171841144562,907692000,45.31638520922685,0.0,0.0
2006-10-04,0.4748944938182831,1460382000,59.32184444326982,0.0,0.0
2006-10-05,0.4614480435848236,662682000,52.7775990991283,0.0,0.0
2006-10-06,0.47260260581970215,593610000,51.12314935892752,0.0,0.0
2006-10-09,0.5030096173286438,932304000,62.33750329546814,0.0,0.0
2006-10-10,0.4915497601032257,624648000,55.00821992837944,0.0,0.0
2006-10-11,0.494299978017807,481944000,56.842957803013725,0.0,0.0
2006-10-12,0.4962857663631439,414720000,61.994439070328816,0.0,0.0
2006-10-13,0.5159967541694641,584190000,62.7309966853562,0.0,0.0
2006-10-16,0.51507967710495,478968000,66.17085232767221,0.0,0.0
2006-10-17,0.49536895751953125,526506000,59.5317104728939,0.0,0.0
2006-10-18,0.4822288751602173,822750000,58.12254028126475,0.0,0.0
2006-10-19,0.49139657616615295,473040000,60.01552940059277,0.0,0.0
2006-10-20,0.4857429265975952,359478000,61.84729346274439,0.0,0.0
2006-10-23,0.48253414034843445,280248000,63.53120689626346,0.0,0.0
2006-10-24,0.4965919852256775,519288000,56.92012936414789,0.0,0.0
2006-10-25,0.5011758208274841,389436000,63.429877656608404,0.0,0.0
2006-10-26,0.5170665979385376,366690000,64.56456726164514,0.0,0.0
2006-10-27,0.4947584867477417,566988000,47.145830399262316,0.0,0.0
2006-10-30,0.5007175803184509,479592000,53.29671218024556,0.0,0.0
2006-10-31,0.5328051447868347,996174000,61.433866228982595,0.0,0.0
2006-11-01,0.4917020797729492,1176540000,48.89549015805545,0.0,0.0
2006-11-02,0.4883410334587097,862944000,42.76593613600106,0.0,0.0
2006-11-03,0.49811944365501404,548070000,45.76016499227955,0.0,0.0
2006-11-06,0.5132467150688171,739602000,54.57401495447147,0.0,0.0
2006-11-07,0.5210390686988831,553254000,60.20893220865578,0.0,0.0
2006-11-08,0.5286794900894165,648324000,59.88662320171266,0.0,0.0
2006-11-09,0.5392225384712219,1207758000,63.823186396409646,0.0,0.0
2006-11-10,0.5262346863746643,1317192000,60.75198787219181,0.0,0.0
2006-11-13,0.5500709414482117,852282000,62.55379420341017,0.0,0.0
2006-11-14,0.5555714964866638,628530000,62.71426696157742,0.0,0.0
2006-11-15,0.5464038848876953,491892000,57.07970809750299,0.0,0.0
2006-11-16,0.5534327626228333,457182000,65.286647433035,0.0,0.0
2006-11-17,0.5549601316452026,361608000,64.4660873244438,0.0,0.0
2006-11-20,0.5601552724838257,608634000,58.515547145117445,0.0,0.0
2006-11-21,0.5514460802078247,387384000,73.30191940473661,0.0,0.0
2006-11-22,0.5609191060066223,240258000,77.01938216486042,0.0,0.0
2006-11-24,0.5650445818901062,144336000,76.0096393322278,0.0,0.0
2006-11-27,0.5395278930664062,585294000,59.450672585311764,0.0,0.0
2006-11-28,0.5496125817298889,480966000,60.10834296899786,0.0,0.0
2006-11-29,0.5577102899551392,579792000,60.23699434674559,0.0,0.0
2006-11-30,0.5651978850364685,583632000,59.36128644452456,0.0,0.0
2006-12-01,0.5430422425270081,785010000,55.681838556114315,0.0,0.0
2006-12-04,0.5650445818901062,621570000,55.12542928986351,0.0,0.0
2006-12-05,0.5592386722564697,663354000,51.25264036314287,0.0,0.0
2006-12-06,0.5584751963615417,478242000,54.37450983061616,0.0,0.0
2006-12-07,0.5450285077095032,486894000,47.08975228650611,0.0,0.0
2006-12-08,0.5431951284408569,564858000,45.93460125046087,0.0,0.0
2006-12-11,0.5525158047676086,515484000,47.43335796144638,0.0,0.0
2006-12-12,0.5468620657920837,568116000,48.427618413442865,0.0,0.0
2006-12-13,0.55327969789505,491952000,47.3234764192907,0.0,0.0
2006-12-14,0.5630589127540588,715380000,49.33081323609352,0.0,0.0
2006-12-15,0.5729904770851135,746094000,62.6007314758321,0.0,0.0
2006-12-18,0.5829219818115234,688356000,62.55753541794148,0.0,0.0
2006-12-19,0.5913262367248535,545622000,62.64387823018601,0.0,0.0
2006-12-20,0.5846035480499268,306594000,57.34124095025198,0.0,0.0
2006-12-21,0.5795611143112183,367920000,65.87010307062579,0.0,0.0
2006-12-22,0.5658094882965088,370170000,50.35807959533313,0.0,0.0
2006-12-26,0.5656560659408569,228192000,53.17213683882425,0.0,0.0
2006-12-27,0.573143482208252,264954000,56.798656395027365,0.0,0.0
2006-12-28,0.5690181851387024,213912000,62.17071514632131,0.0,0.0
2006-12-29,0.5655030608177185,386094000,61.127630249718656,0.0,0.0
2007-01-03,0.5512929558753967,1154820000,49.41838248463177,0.0,0.0
2007-01-04,0.5486955642700195,797298000,50.89815325163123,0.0,0.0
2007-01-05,0.5143163800239563,1243344000,35.01770372559015,0.0,0.0
2007-01-08,0.5181366801261902,657270000,31.89675022533693,0.0,0.0
2007-01-09,0.5080521702766418,764166000,23.862677323801364,0.0,0.0
2007-01-10,0.5331102609634399,1108746000,32.12735184106609,0.0,0.0
2007-01-11,0.5311234593391418,924504000,27.35620392631867,0.0,0.0
2007-01-12,0.5383056998252869,698190000,32.64619209207457,0.0,0.0
2007-01-16,0.5392225384712219,711864000,34.39734628482506,0.0,0.0
2007-01-17,0.527914822101593,707934000,35.060183810600975,0.0,0.0
2007-01-18,0.48421552777290344,1501638000,26.098961956705665,0.0,0.0
2007-01-19,0.4871179759502411,942606000,24.055151161252354,0.0,0.0
2007-01-22,0.4871179759502411,730644000,24.66899879294556,0.0,0.0
2007-01-23,0.4872710704803467,630354000,25.289646833324,0.0,0.0
2007-01-24,0.5023980140686035,685722000,34.6449780893073,0.0,0.0
2007-01-25,0.484825998544693,616284000,31.666638172684813,0.0,0.0
2007-01-26,0.48085373640060425,829584000,38.36345128269306,0.0,0.0
2007-01-29,0.46114280819892883,1258284000,32.1529578585163,0.0,0.0
2007-01-30,0.4700053632259369,636174000,37.994155094594205,0.0,0.0
2007-01-31,0.4683239758014679,467976000,26.018315839663416,0.0,0.0
2007-02-01,0.47428297996520996,650898000,29.560652660180224,0.0,0.0
2007-02-02,0.4866596460342407,586590000,32.09732060626847,0.0,0.0
2007-02-05,0.49460548162460327,579906000,35.25252127350245,0.0,0.0
2007-02-06,0.512177586555481,775386000,45.005143577539904,0.0,0.0
2007-02-07,0.5321937203407288,761058000,67.92218124762726,0.0,0.0
2007-02-08,0.5253175497055054,726276000,63.85798211925625,0.0,0.0
2007-02-09,0.49888405203819275,937956000,53.58156624267885,0.0,0.0
2007-02-12,0.5098855495452881,789360000,56.457326938739776,0.0,0.0
2007-02-13,0.5195116400718689,849732000,55.04510322051963,0.0,0.0
2007-02-14,0.5126358866691589,1081848000,58.75020182388333,0.0,0.0
2007-02-15,0.5156913995742798,488682000,61.02505037994846,0.0,0.0
2007-02-16,0.4999530613422394,915060000,62.59904478756189,0.0,0.0
2007-02-20,0.5043848156929016,625578000,61.49124050782751,0.0,0.0
2007-02-21,0.49689728021621704,655332000,59.19370740002059,0.0,0.0
2007-02-22,0.5001062750816345,655452000,58.45855706764353,0.0,0.0
2007-02-23,0.49888405203819275,403050000,54.31983395681952,0.0,0.0
2007-02-26,0.49124374985694885,494070000,48.80946142360133,0.0,0.0
2007-02-27,0.47642281651496887,714630000,37.08605189650001,0.0,0.0
2007-02-28,0.47367238998413086,780048000,25.851363474169034,0.0,0.0
2007-03-01,0.4678654670715332,837228000,26.081517997531606,0.0,0.0
2007-03-02,0.4548783600330353,682728000,29.369760645420115,0.0,0.0
2007-03-05,0.4394451677799225,663558000,18.2943999273448,0.0,0.0
2007-03-06,0.4654214084148407,805974000,28.7773613812779,0.0,0.0
2007-03-07,0.4522801637649536,811656000,27.428795153502975,0.0,0.0
2007-03-08,0.47092217206954956,770622000,35.00567022348757,0.0,0.0
2007-03-09,0.46618515253067017,555306000,37.7905418621858,0.0,0.0
2007-03-12,0.4634346663951874,428010000,35.01143151948031,0.0,0.0
2007-03-13,0.44387689232826233,617070000,32.16901251211864,0.0,0.0
2007-03-14,0.44173720479011536,971610000,30.228022736945704,0.0,0.0
2007-03-15,0.43730637431144714,655752000,29.584914427578482,0.0,0.0
2007-03-16,0.4331808388233185,525648000,30.29085115015731,0.0,0.0
2007-03-19,0.43531957268714905,461508000,34.73328420422504,0.0,0.0
2007-03-20,0.4331808388233185,656490000,34.89183060993773,0.0,0.0
2007-03-21,0.45793417096138,1268376000,46.753454022678646,0.0,0.0
2007-03-22,0.46801862120628357,810954000,54.37864376725771,0.0,0.0
2007-03-23,0.4628232717514038,524640000,58.36057832764127,0.0,0.0
2007-03-26,0.46374011039733887,447336000,49.26741518461613,0.0,0.0
2007-03-27,0.4550305902957916,469020000,51.2465576078007,0.0,0.0
2007-03-28,0.44632118940353394,459504000,37.74700731014975,0.0,0.0
2007-03-29,0.438528448343277,719016000,36.63195974390427,0.0,0.0
2007-03-30,0.43975138664245605,581244000,38.38096000299486,0.0,0.0
2007-04-02,0.4392930269241333,400830000,47.23250723119117,0.0,0.0
2007-04-03,0.4376116394996643,473724000,47.495342898500276,0.0,0.0
2007-04-04,0.43669477105140686,361692000,49.6121355586246,0.0,0.0
2007-04-05,0.47214415669441223,1332900000,67.6835763760858,0.0,0.0
2007-04-09,0.4635878801345825,640950000,62.12340730645484,0.0,0.0
2007-04-10,0.45885083079338074,794220000,60.769061673386716,0.0,0.0
2007-04-11,0.4505998194217682,810150000,46.42858790290753,0.0,0.0
2007-04-12,0.4634346663951874,743640000,47.826101498741444,0.0,0.0
2007-04-13,0.46725496649742126,638694000,52.129449898502095,0.0,0.0
2007-04-16,0.4648098647594452,671838000,50.506576842753766,0.0,0.0
2007-04-17,0.4692407250404358,1059108000,57.01342701306592,0.0,0.0
2007-04-18,0.4750477373600006,683802000,64.59619995643618,0.0,0.0
2007-04-19,0.48161739110946655,568056000,72.1694052932597,0.0,0.0
2007-04-20,0.4872710704803467,590052000,73.38294693381911,0.0,0.0
2007-04-23,0.47932538390159607,595272000,68.34677395952028,0.0,0.0
2007-04-24,0.4973556697368622,1028088000,73.81225720958025,0.0,0.0
2007-04-25,0.5059123039245605,509640000,76.00445716524801,0.0,0.0
2007-04-26,0.512177586555481,500070000,69.2646738144058,0.0,0.0
2007-04-27,0.5053015351295471,554058000,70.40316232336738,0.0,0.0
2007-04-30,0.5025509595870972,563388000,71.79839604680343,0.0,0.0
2007-05-01,0.5078988671302795,544554000,79.43426609532153,0.0,0.0
2007-05-02,0.5019394755363464,659658000,71.28314199373476,0.0,0.0
2007-05-03,0.511413037776947,500250000,72.97225921593827,0.0,0.0
2007-05-04,0.51507967710495,405246000,75.82355220438114,0.0,0.0
2007-05-07,0.5048432350158691,557100000,67.25950350964061,0.0,0.0
2007-05-08,0.5086625218391418,737100000,66.61611827529507,0.0,0.0
2007-05-09,0.5109545588493347,417870000,65.14199494568064,0.0,0.0
2007-05-10,0.5014814734458923,802584000,57.05630261566146,0.0,0.0
2007-05-11,0.5369306802749634,1530630000,72.46758928394459,0.0,0.0
2007-05-14,0.531582236289978,731568000,64.81482177035922,0.0,0.0
2007-05-15,0.5268459916114807,621360000,59.37097857316186,0.0,0.0
2007-05-16,0.5335688591003418,523104000,59.536747043170784,0.0,0.0
2007-05-17,0.5247061252593994,443664000,58.50045628907289,0.0,0.0
2007-05-18,0.5350968837738037,604266000,63.36273551998565,0.0,0.0
2007-05-21,0.5367776155471802,645768000,62.22520572435846,0.0,0.0
2007-05-22,0.5396810173988342,401736000,66.40145075327759,0.0,0.0
2007-05-23,0.5253175497055054,448248000,55.79617993426395,0.0,0.0
2007-05-24,0.5063706040382385,607800000,46.77979513129215,0.0,0.0
2007-05-25,0.5143163800239563,308976000,53.563068754649784,0.0,0.0
2007-05-29,0.519817054271698,316242000,54.14307593523582,0.0,0.0
2007-05-30,0.5210390686988831,331650000,53.77565340129301,0.0,0.0
2007-05-31,0.5292900204658508,481572000,60.50772501832567,0.0,0.0
2007-06-01,0.5329573750495911,429084000,48.02405751414062,0.0,0.0
2007-06-04,0.5358608365058899,322002000,52.180784762996154,0.0,0.0
2007-06-05,0.5517511963844299,698586000,61.398098776363,0.0,0.0
2007-06-06,0.5558769702911377,950736000,60.45812132105852,0.0,0.0
2007-06-07,0.5499178171157837,791862000,62.15010794939764,0.0,0.0
2007-06-08,0.5584751963615417,533268000,61.46923140834356,0.0,0.0
2007-06-11,0.5604608654975891,434634000,61.584171688539286,0.0,0.0
2007-06-12,0.5546548366546631,526770000,57.12190336997902,0.0,0.0
2007-06-13,0.5679481625556946,587232000,70.484670176038,0.0,0.0
2007-06-14,0.578032910823822,508548000,87.64065112748744,0.0,0.0
2007-06-15,0.6043140888214111,1081998000,89.63675303056813,0.0,0.0
2007-06-18,0.6046196818351746,685662000,89.13978620539994,0.0,0.0
2007-06-19,0.6084399223327637,491952000,89.39415362011613,0.0,0.0
2007-06-20,0.6090503931045532,822792000,88.60963257468345,0.0,0.0
2007-06-21,0.6567233800888062,1297326000,92.01256964183055,0.0,0.0
2007-06-22,0.6665022969245911,882618000,92.36877750426895,0.0,0.0
2007-06-25,0.6489304900169373,819702000,81.17652583661767,0.0,0.0
2007-06-26,0.6188296675682068,868482000,67.31102130318415,0.0,0.0
2007-06-27,0.6354849934577942,613140000,72.22240788734666,0.0,0.0
2007-06-28,0.6415960788726807,597534000,71.86491214292953,0.0,0.0
2007-06-29,0.6312063932418823,516570000,67.82162412134954,0.0,0.0
2007-07-02,0.6574878692626953,563850000,73.48239628157874,0.0,0.0
2007-07-03,0.6585569381713867,238770000,71.91439627791313,0.0,0.0
2007-07-05,0.6655856966972351,373290000,71.49299800641806,0.0,0.0
2007-07-06,0.6687942743301392,282720000,67.85117587754323,0.0,0.0
2007-07-09,0.688200056552887,536784000,70.92595400583893,0.0,0.0
2007-07-10,0.6949227452278137,552654000,71.34245352141686,0.0,0.0
2007-07-11,0.6918673515319824,582612000,70.19409393639552,0.0,0.0
2007-07-12,0.7051606178283691,438732000,64.19009381917972,0.0,0.0
2007-07-13,0.700882077217102,372630000,60.40724376129628,0.0,0.0
2007-07-16,0.7135637998580933,541710000,70.16234253317653,0.0,0.0
2007-07-17,0.7105082869529724,643812000,84.40436021257464,0.0,0.0
2007-07-18,0.6975202560424805,550656000,73.93896663479023,0.0,0.0
2007-07-19,0.6967565417289734,407376000,72.20232543259324,0.0,0.0
2007-07-20,0.6891168355941772,505650000,73.83689554051165,0.0,0.0
2007-07-23,0.6959927082061768,360474000,68.86258876490143,0.0,0.0
2007-07-24,0.6776571869850159,457560000,58.00290716901387,0.0,0.0
2007-07-25,0.6744484901428223,437196000,53.83626791866109,0.0,0.0
2007-07-26,0.6778092384338379,710268000,53.89700152566662,0.0,0.0
2007-07-27,0.6761287450790405,615480000,43.837382568230275,0.0,0.0
2007-07-30,0.6950758695602417,538158000,50.06949177337196,0.0,0.0
2007-07-31,0.6992015242576599,711492000,53.29670689350908,0.0,0.0
2007-08-01,0.6940062642097473,705828000,44.59243071531065,0.0,0.0
2007-08-02,0.690950334072113,468606000,45.127383434776355,0.0,0.0
2007-08-03,0.6500006318092346,623412000,25.586797432042346,0.0,0.0
2007-08-06,0.6555011868476868,524724000,29.26247897939473,0.0,0.0
2007-08-07,0.6658912301063538,565764000,37.8377012010598,0.0,0.0
2007-08-08,0.696603536605835,660744000,49.95217483712876,0.0,0.0
2007-08-09,0.7048543095588684,1251834000,54.899927699239136,0.0,0.0
2007-08-10,0.6721562743186951,1141014000,43.60647547531983,0.0,0.0
2007-08-13,0.664821982383728,700410000,46.34135860398698,0.0,0.0
2007-08-14,0.6906441450119019,1092174000,54.08933131848241,0.0,0.0
2007-08-15,0.661460280418396,695142000,46.34816869737598,0.0,0.0
2007-08-16,0.6504589319229126,780030000,44.4954003224205,0.0,0.0
2007-08-17,0.6888107657432556,728712000,48.75973516797326,0.0,0.0
2007-08-20,0.6860602498054504,519684000,47.38426266030492,0.0,0.0
2007-08-21,0.7231904864311218,715338000,55.153823670237095,0.0,0.0
2007-08-22,0.7396922707557678,566154000,58.21740152343793,0.0,0.0
2007-08-23,0.733427882194519,667986000,65.92778461271281,0.0,0.0
2007-08-24,0.7372480034828186,361644000,65.70774801849743,0.0,0.0
2007-08-27,0.7539026141166687,635946000,66.51392152448079,0.0,0.0
2007-08-28,0.7079108953475952,560022000,52.00658669008911,0.0,0.0
2007-08-29,0.7480962872505188,538560000,56.8924606699869,0.0,0.0
2007-08-30,0.7438176870346069,465660000,62.56023709437853,0.0,0.0
2007-08-31,0.7817122340202332,720834000,68.50517939540148,0.0,0.0
2007-09-04,0.8058539032936096,683268000,68.3367034189651,0.0,0.0
2007-09-05,0.7997416853904724,656274000,73.75324079921516,0.0,0.0
2007-09-06,0.8032565712928772,425496000,76.93964154476323,0.0,0.0
2007-09-07,0.7739192247390747,602304000,65.49804242248501,0.0,0.0
2007-09-10,0.7760580778121948,872112000,66.42497375616796,0.0,0.0
2007-09-11,0.7925604581832886,405424000,63.69115819419397,0.0,0.0
2007-09-12,0.7613897919654846,554452000,54.047930442669426,0.0,0.0
2007-09-13,0.761618971824646,452864000,55.38054711773221,0.0,0.0
2007-09-14,0.7391576766967773,487308000,50.34026517834067,0.0,0.0
2007-09-17,0.7375532388687134,374828000,46.92175177081775,0.0,0.0
2007-09-18,0.8021867871284485,844740000,66.58589164105501,0.0,0.0
2007-09-19,0.7875183820724487,521360000,57.619617785965225,0.0,0.0
2007-09-20,0.782934308052063,324172000,57.551657460826284,0.0,0.0
2007-09-21,0.7904976010322571,457532000,51.92103252305981,0.0,0.0
2007-09-24,0.8106668591499329,456360000,51.07101894977194,0.0,0.0
2007-09-25,0.8209808468818665,360748000,54.63956413481383,0.0,0.0
2007-09-26,0.8404625654220581,518032000,57.59744639271128,0.0,0.0
2007-09-27,0.8429837822914124,378280000,65.8374165624581,0.0,0.0
2007-09-28,0.830606997013092,404292000,61.94779284448395,0.0,0.0
2007-10-01,0.8656740784645081,398200000,64.80962096306993,0.0,0.0
2007-10-02,0.8574231266975403,284960000,71.44316508901791,0.0,0.0
2007-10-03,0.8209808468818665,467196000,61.40967138783056,0.0,0.0
2007-10-04,0.824647843837738,378976000,67.71126191249556,0.0,0.0
2007-10-05,0.8464214205741882,344840000,70.81504353811988,0.0,0.0
2007-10-08,0.8601733446121216,252484000,63.76492263531629,0.0,0.0
2007-10-09,0.8450462818145752,403008000,63.62637393678625,0.0,0.0
2007-10-10,0.845963180065155,389136000,65.19331131041471,0.0,0.0
2007-10-11,0.8083751201629639,529104000,53.76451249669247,0.0,0.0
2007-10-12,0.8280860185623169,409952000,53.675088748918256,0.0,0.0
2007-10-15,0.8340450525283813,355900000,52.807879251724465,0.0,0.0
2007-10-16,0.8416085243225098,276360000,50.25959685568107,0.0,0.0
2007-10-17,0.906241774559021,717944000,61.18310677105764,0.0,0.0
2007-10-18,0.9055541157722473,340620000,63.82078211496899,0.0,0.0
2007-10-19,0.8569644689559937,505768000,48.47018008285354,0.0,0.0
2007-10-22,0.8975323438644409,537656000,56.32679890197907,0.0,0.0
2007-10-23,0.9018867611885071,294292000,64.19945898418288,0.0,0.0
2007-10-24,0.8714040517807007,565500000,57.50003518347367,0.0,0.0
2007-10-25,0.7953106760978699,806192000,43.018157576175476,0.0,0.0
2007-10-26,0.788435161113739,616580000,40.01277738852365,0.0,0.0
2007-10-29,0.7698698043823242,813896000,39.63335054311336,0.0,0.0
2007-10-30,0.7980612516403198,525212000,43.856563000968166,0.0,0.0
2007-10-31,0.8108963370323181,455188000,50.34526643428151,0.0,0.0
2007-11-01,0.8108963370323181,587236000,47.51161661840058,0.0,0.0
2007-11-02,0.8420668840408325,491844000,51.082244070138884,0.0,0.0
2007-11-05,0.8420668840408325,436636000,50.06312486350525,0.0,0.0
2007-11-06,0.8686536550521851,554620000,44.21721769060251,0.0,0.0
2007-11-07,0.8273980617523193,546768000,39.310334551358494,0.0,0.0
2007-11-08,0.7755997180938721,996824000,38.968298770898656,0.0,0.0
2007-11-09,0.7645984292030334,871056000,30.40539097181758,0.0,0.0
2007-11-12,0.6882762908935547,715732000,24.024584504010846,0.0,0.0
2007-11-13,0.7490132451057434,726696000,36.13708325040536,0.0,0.0
2007-11-14,0.737324059009552,666720000,42.31004142326091,0.0,0.0
2007-11-15,0.7274687886238098,496436000,41.97827584012544,0.0,0.0
2007-11-16,0.7437416911125183,423592000,46.541295715464265,0.0,0.0
2007-11-19,0.6935474872589111,568412000,36.92657069420492,0.0,0.0
2007-11-20,0.6882762908935547,622628000,34.365844531749744,0.0,0.0
2007-11-21,0.6809421181678772,648452000,33.7349252744214,0.0,0.0
2007-11-23,0.6926308274269104,141976000,30.337708112479504,0.0,0.0
2007-11-26,0.676586925983429,385896000,29.108736000216453,0.0,0.0
2007-11-27,0.7056950330734253,458856000,29.557188750585794,0.0,0.0
2007-11-28,0.7529096007347107,574548000,40.79322931511538,0.0,0.0
2007-11-29,0.7590978145599365,489084000,47.70117581501992,0.0,0.0
2007-11-30,0.7228847742080688,652656000,44.57040727907258,0.0,0.0
2007-12-03,0.733427882194519,490688000,57.09142046960276,0.0,0.0
2007-12-04,0.7327402830123901,371712000,46.85003640043047,0.0,0.0
2007-12-05,0.7707867622375488,666704000,55.8776284977252,0.0,0.0
2007-12-06,0.7863723039627075,371152000,60.14207529688078,0.0,0.0
2007-12-07,0.7765167355537415,320292000,55.77077155101569,0.0,0.0
2007-12-10,0.7849972248077393,336360000,68.87423761649728,0.0,0.0
2007-12-11,0.7859135866165161,582436000,70.52014944041036,0.0,0.0
2007-12-12,0.8129591345787048,617504000,75.62270244502955,0.0,0.0
2007-12-13,0.7907269597053528,500364000,68.29054609142199,0.0,0.0
2007-12-14,0.8037911653518677,354016000,73.98441371249244,0.0,0.0
2007-12-17,0.7627650499343872,507408000,60.29776311580027,0.0,0.0
2007-12-18,0.7822465896606445,396896000,55.88231254406845,0.0,0.0
2007-12-19,0.7895808219909668,253536000,56.08413793612217,0.0,0.0
2007-12-20,0.8060829639434814,279940000,68.02378080225833,0.0,0.0
2007-12-21,0.8058539032936096,433408000,66.42409380030456,0.0,0.0
2007-12-24,0.8200640082359314,104008000,68.6581489524157,0.0,0.0
2007-12-26,0.8310654163360596,215340000,64.56255495957737,0.0,0.0
2007-12-27,0.8053953051567078,241368000,54.382185707141666,0.0,0.0
2007-12-28,0.7973735928535461,262064000,54.84557813467661,0.0,0.0
2007-12-31,0.7797254323959351,276236000,48.82526551376315,0.0,0.0
2008-01-02,0.7565767765045166,483964000,44.052105092281565,0.0,0.0
2008-01-03,0.750617504119873,475308000,36.17879089227915,0.0,0.0
2008-01-04,0.6875884532928467,736092000,30.636775350281127,0.0,0.0
2008-01-07,0.6165378093719482,1006800000,21.130695040962763,0.0,0.0
2008-01-08,0.6296021342277527,1106956000,27.532860653458556,0.0,0.0
2008-01-09,0.6621478796005249,741036000,30.592591807692358,0.0,0.0
2008-01-10,0.6483961343765259,554432000,27.648776305247978,0.0,0.0
2008-01-11,0.6199756860733032,572612000,21.608385725566265,0.0,0.0
2008-01-14,0.6612306833267212,539188000,30.39147354310721,0.0,0.0
2008-01-15,0.6126416325569153,725692000,24.275128137313004,0.0,0.0
2008-01-16,0.543424129486084,1464472000,18.827578115828686,0.0,0.0
2008-01-17,0.5340272188186646,1133900000,19.515931673611377,0.0,0.0
2008-01-18,0.5693232417106628,920428000,25.86117492150261,0.0,0.0
2008-01-22,0.5409031510353088,709092000,25.284588030047303,0.0,0.0
2008-01-23,0.5507585406303406,929880000,28.09750772415478,0.0,0.0
2008-01-24,0.5929304361343384,597092000,34.420237949818656,0.0,0.0
2008-01-25,0.5718443989753723,688012000,37.53082564781941,0.0,0.0
2008-01-28,0.5649685859680176,577608000,43.55297478833509,0.0,0.0
2008-01-29,0.5823874473571777,414484000,44.16093994879185,0.0,0.0
2008-01-30,0.5773453712463379,530476000,38.74691745843607,0.0,0.0
2008-01-31,0.5635935664176941,588708000,38.746911329149555,0.0,0.0
2008-02-01,0.6156208515167236,593104000,49.4561928385299,0.0,0.0
2008-02-04,0.5963684320449829,565128000,41.42943128916272,0.0,0.0
2008-02-05,0.5590096116065979,494928000,42.69658508658494,0.0,0.0
2008-02-06,0.5571761131286621,557380000,52.29362387733793,0.0,0.0
2008-02-07,0.5626768469810486,664128000,54.84124849323478,0.0,0.0
2008-02-08,0.5727614760398865,393932000,50.63510941859869,0.0,0.0
2008-02-11,0.5745947957038879,503732000,56.901403605040464,0.0,0.0
2008-02-12,0.5959099531173706,609688000,58.83407954435255,0.0,0.0
2008-02-13,0.6192881464958191,742312000,55.5663636524683,0.0,0.0
2008-02-14,0.5182126760482788,2184296000,41.53400801829863,0.0,0.0
2008-02-15,0.510420024394989,817364000,41.41413333449778,0.0,0.0
2008-02-19,0.5028565526008606,558608000,37.081149712499105,0.0,0.0
2008-02-20,0.4991893470287323,759016000,37.24752050671916,0.0,0.0
2008-02-21,0.4879588186740875,644272000,37.55652727502065,0.0,0.0
2008-02-22,0.5115658044815063,723052000,31.114760901862127,0.0,0.0
2008-02-25,0.5113368034362793,671784000,33.42267158224513,0.0,0.0
2008-02-26,0.5156913995742798,565420000,40.3076236747596,0.0,0.0
2008-02-27,0.5237134099006653,537816000,42.71453538432232,0.0,0.0
2008-02-28,0.5040024518966675,503608000,37.96985969014731,0.0,0.0
2008-02-29,0.4902506470680237,540576000,33.333255195879616,0.0,0.0
2008-03-03,0.48452091217041016,449028000,32.08752107226495,0.0,0.0
2008-03-04,0.4797075688838959,778888000,25.268294419730722,0.0,0.0
2008-03-05,0.48520833253860474,644656000,19.11293942027072,0.0,0.0
2008-03-06,0.45472532510757446,1075284000,28.32545895991747,0.0,0.0
2008-03-07,0.44807854294776917,767500000,28.54882440625566,0.0,0.0
2008-03-10,0.4224086105823517,776100000,25.385633220183507,0.0,0.0
2008-03-11,0.4363895058631897,857940000,31.926055975411387,0.0,0.0
2008-03-12,0.42447128891944885,743320000,31.800179181860926,0.0,0.0
2008-03-13,0.4515165090560913,1220528000,33.118586181751596,0.0,0.0
2008-03-14,0.4198874533176422,1154972000,28.1489616467712,0.0,0.0
2008-03-17,0.4093443751335144,800952000,25.319193145563887,0.0,0.0
2008-03-18,0.43478521704673767,1075256000,30.905519753138307,0.0,0.0
2008-03-19,0.40476053953170776,880476000,29.594744559468182,0.0,0.0
2008-03-20,0.42447128891944885,633460000,36.79851777040446,0.0,0.0
2008-03-24,0.4590800404548645,887440000,45.42455343050522,0.0,0.0
2008-03-25,0.465726763010025,735388000,47.50207532960318,0.0,0.0
2008-03-26,0.45082899928092957,721652000,44.05706874765647,0.0,0.0
2008-03-27,0.4444115161895752,601308000,48.05531794616474,0.0,0.0
2008-03-28,0.4510580599308014,561788000,50.56178889592814,0.0,0.0
2008-03-31,0.45357924699783325,569992000,56.43938101988393,0.0,0.0
2008-04-01,0.4813120365142822,676872000,58.781369355447026,0.0,0.0
2008-04-02,0.46664345264434814,616536000,58.156033149785856,0.0,0.0
2008-04-03,0.45793417096138,841984000,51.33591050628834,0.0,0.0
2008-04-04,0.43043050169944763,1535528000,52.23301117055199,0.0,0.0
2008-04-07,0.4407443404197693,729496000,56.65696351417309,0.0,0.0
2008-04-08,0.43822309374809265,639476000,50.80730071896479,0.0,0.0
2008-04-09,0.44693267345428467,675232000,61.00477926417384,0.0,0.0
2008-04-10,0.4556420147418976,1092184000,58.62944043011981,0.0,0.0
2008-04-11,0.42470067739486694,1106280000,40.28498443274379,0.0,0.0
2008-04-14,0.4104904234409332,780004000,35.03103488250467,0.0,0.0
2008-04-15,0.415303498506546,439916000,39.815996929853576,0.0,0.0
2008-04-16,0.4318055510520935,646836000,46.58379723301318,0.0,0.0
2008-04-17,0.42584654688835144,596968000,43.142155948467405,0.0,0.0
2008-04-18,0.43593108654022217,573540000,45.38919874764498,0.0,0.0
2008-04-21,0.455412894487381,679892000,42.9286594791263,0.0,0.0
2008-04-22,0.44693267345428467,587668000,44.43006802120772,0.0,0.0
2008-04-23,0.46847695112228394,1020496000,52.7777123765731,0.0,0.0
2008-04-24,0.4572465121746063,655764000,57.72790705467864,0.0,0.0
2008-04-25,0.46183037757873535,552208000,56.28416597533387,0.0,0.0
2008-04-28,0.45357924699783325,535700000,54.425376401843735,0.0,0.0
2008-04-29,0.46297648549079895,573408000,54.60529512623183,0.0,0.0
2008-04-30,0.47099819779396057,1068320000,54.425384230212835,0.0,0.0
2008-05-01,0.4927719831466675,1014624000,70.71133581614346,0.0,0.0
2008-05-02,0.5161495804786682,1131016000,80.44918729468479,0.0,0.0
2008-05-05,0.5033146739006042,943392000,74.24248145199539,0.0,0.0
2008-05-06,0.516379177570343,729036000,73.74528793492917,0.0,0.0
2008-05-07,0.5044608116149902,715632000,71.35741392469038,0.0,0.0
2008-05-08,0.5030854344367981,1360000000,69.1502669288952,0.0,0.0
2008-05-09,0.516379177570343,2030352000,68.02166312715282,0.0,0.0
2008-05-12,0.5017104148864746,1006652000,65.62081236414197,0.0,0.0
2008-05-13,0.49139657616615295,854108000,56.98320340375796,0.0,0.0
2008-05-14,0.5058358907699585,751148000,64.52039856048343,0.0,0.0
2008-05-15,0.5450285077095032,1165464000,70.60145556313591,0.0,0.0
2008-05-16,0.5594678521156311,1091556000,75.44039704154554,0.0,0.0
2008-05-19,0.5477789640426636,1158532000,70.15241153366767,0.0,0.0
2008-05-20,0.5335688591003418,771404000,64.44441367677857,0.0,0.0
2008-05-21,0.5292139649391174,1066660000,59.14835367331091,0.0,0.0
2008-05-22,0.542048990726471,693108000,56.865142693199424,0.0,0.0
2008-05-23,0.5296723246574402,802672000,57.003622311145705,0.0,0.0
2008-05-27,0.5354021191596985,832856000,55.25969623645644,0.0,0.0
2008-05-28,0.5404446721076965,751736000,60.34250759845199,0.0,0.0
2008-05-29,0.5390695333480835,693460000,60.342590299745694,0.0,0.0
2008-05-30,0.5661144852638245,830244000,63.2477726340562,0.0,0.0
2008-06-02,0.5684066414833069,734660000,69.019618929522,0.0,0.0
2008-06-03,0.5491542220115662,840696000,65.67168145806849,0.0,0.0
2008-06-04,0.5555714964866638,831724000,64.10924021080584,0.0,0.0
2008-06-05,0.5695527195930481,827860000,58.11842061921954,0.0,0.0
2008-06-06,0.5514460802078247,784876000,47.40743879074199,0.0,0.0
2008-06-09,0.5429655909538269,637916000,48.41141653486451,0.0,0.0
2008-06-10,0.510878324508667,1225208000,43.30174264999559,0.0,0.0
2008-06-11,0.4870418310165405,999428000,38.834964817377646,0.0,0.0
2008-06-12,0.490021675825119,825992000,35.4674640248916,0.0,0.0
2008-06-13,0.48841720819473267,705748000,37.73852692009587,0.0,0.0
2008-06-16,0.48177024722099304,630496000,34.14645165722423,0.0,0.0
2008-06-17,0.4700813591480255,687912000,29.98702012116891,0.0,0.0
2008-06-18,0.4563296139240265,1065272000,28.01467648930081,0.0,0.0
2008-06-19,0.45518362522125244,784928000,15.819438335156732,0.0,0.0
2008-06-20,0.45289161801338196,741008000,14.406910868941509,0.0,0.0
2008-06-23,0.443494588136673,776616000,15.338475859392332,0.0,0.0
2008-06-24,0.45816320180892944,1078928000,19.686400644630666,0.0,0.0
2008-06-25,0.4606843590736389,900976000,13.517820092981935,0.0,0.0
2008-06-26,0.43707719445228577,845532000,13.0372046918407,0.0,0.0
2008-06-27,0.44189032912254333,584140000,16.540401186867413,0.0,0.0
2008-06-30,0.42905527353286743,653940000,18.956690409934282,0.0,0.0
2008-07-01,0.42974284291267395,881464000,23.628870083773663,0.0,0.0
2008-07-02,0.41324082016944885,763196000,18.57411346344084,0.0,0.0
2008-07-03,0.28626611828804016,2987520000,9.166681498938757,0.0,0.0
2008-07-07,0.27732741832733154,2202692000,9.082591664535471,0.0,0.0
2008-07-08,0.27572304010391235,1805288000,9.464646219580956,0.0,0.0
2008-07-09,0.2709098756313324,1413168000,9.831198416720966,0.0,0.0
2008-07-10,0.27022233605384827,1056992000,9.85076540563955,0.0,0.0
2008-07-11,0.2674719989299774,807760000,9.831203494568541,0.0,0.0
2008-07-14,0.2553246021270752,882316000,9.71542825606906,0.0,0.0
2008-07-15,0.2580747902393341,1122484000,4.86031978160446,0.0,0.0
2008-07-16,0.25945010781288147,1034392000,4.365891639918843,0.0,0.0
2008-07-17,0.2603669762611389,862080000,5.330268293023707,0.0,0.0
2008-07-18,0.26495081186294556,899720000,5.2203933065224675,0.0,0.0
2008-07-21,0.26655513048171997,571636000,6.396013216566999,0.0,0.0
2008-07-22,0.2608252465724945,555924000,5.8682237303606115,0.0,0.0
2008-07-23,0.2686179578304291,594876000,10.41402897263508,0.0,0.0
2008-07-24,0.25280341506004333,705628000,26.602507867699444,0.0,0.0
2008-07-25,0.26495081186294556,1039600000,41.71776670986762,0.0,0.0
2008-07-28,0.2642633020877838,734808000,42.23604818505435,0.0,0.0
2008-07-29,0.2670136094093323,764636000,47.28437431068224,0.0,0.0
2008-07-30,0.26311734318733215,588492000,45.25997245847886,0.0,0.0
2008-07-31,0.26220059394836426,487236000,46.39503447651551,0.0,0.0
2008-08-01,0.24844864010810852,881060000,45.39870674995385,0.0,0.0
2008-08-04,0.24248957633972168,522052000,40.00007695062043,0.0,0.0
2008-08-05,0.2564704120159149,685844000,48.35433806279734,0.0,0.0
2008-08-06,0.26334643363952637,814864000,51.54389046921268,0.0,0.0
2008-08-07,0.2592209279537201,819232000,47.016706181491315,0.0,0.0
2008-08-08,0.25211575627326965,853764000,42.88937811214959,0.0,0.0
2008-08-11,0.2573874592781067,1196436000,48.299393670772446,0.0,0.0
2008-08-12,0.25372016429901123,1410868000,42.31678399157388,0.0,0.0
2008-08-13,0.28099459409713745,2095260000,63.002078654781265,0.0,0.0
2008-08-14,0.2979549765586853,1635304000,64.57481684412835,0.0,0.0
2008-08-15,0.2970382273197174,777652000,64.4443384227346,0.0,0.0
2008-08-18,0.302997350692749,893968000,65.42231151423118,0.0,0.0
2008-08-19,0.30758136510849,1014140000,68.9451989692555,0.0,0.0
2008-08-20,0.32270824909210205,1143692000,72.99636409930937,0.0,0.0
2008-08-21,0.31216520071029663,1021560000,74.82135817353432,0.0,0.0
2008-08-22,0.31193602085113525,459264000,78.31765929914818,0.0,0.0
2008-08-25,0.30735209584236145,471600000,72.4695815894882,0.0,0.0
2008-08-26,0.3000178933143616,613112000,66.12901142924335,0.0,0.0
2008-08-27,0.3023098409175873,454620000,69.26224513395047,0.0,0.0
2008-08-28,0.3011637330055237,365192000,73.16008258611129,0.0,0.0
2008-08-29,0.28970393538475037,516004000,64.41706725594966,0.0,0.0
2008-09-02,0.28236979246139526,693928000,62.37629024373685,0.0,0.0
2008-09-03,0.26724275946617126,714856000,43.36278653828089,0.0,0.0
2008-09-04,0.2635756731033325,716128000,30.964519498218166,0.0,0.0
2008-09-05,0.2674719989299774,791100000,34.152366783847114,0.0,0.0
2008-09-08,0.2564704120159149,1314840000,26.340293692997918,0.0,0.0
2008-09-09,0.24776102602481842,1098296000,20.805288875300377,0.0,0.0
2008-09-10,0.24799039959907532,644284000,7.330000638793123,0.0,0.0
2008-09-11,0.23607207834720612,1066976000,7.216642616235134,0.0,0.0
2008-09-12,0.23355093598365784,1209200000,7.03532050434174,0.0,0.0
2008-09-15,0.2131524682044983,863984000,5.99584328741571,0.0,0.0
2008-09-16,0.21979916095733643,1240840000,12.284584840650595,0.0,0.0
2008-09-17,0.22919617593288422,1392580000,17.777843882230115,0.0,0.0
2008-09-18,0.24959467351436615,1611060000,30.57001658142319,0.0,0.0
2008-09-19,0.2615129053592682,1107344000,39.41486115259662,0.0,0.0
2008-09-22,0.2560121417045593,700072000,39.965096616701324,0.0,0.0
2008-09-23,0.2486778348684311,821468000,42.486094537466755,0.0,0.0
2008-09-24,0.2578456997871399,866036000,47.779728549542945,0.0,0.0
2008-09-25,0.26288795471191406,588328000,48.23939153142316,0.0,0.0
2008-09-26,0.26793041825294495,646852000,54.61260255881113,0.0,0.0
2008-09-29,0.23148824274539948,975240000,44.64561205510769,0.0,0.0
2008-09-30,0.24546915292739868,659044000,49.23925109266512,0.0,0.0
2008-10-01,0.23859325051307678,557208000,50.7845926114289,0.0,0.0
2008-10-02,0.2138400673866272,787728000,44.61153145131403,0.0,0.0
2008-10-03,0.2069641500711441,915828000,48.17319895945696,0.0,0.0
2008-10-06,0.17991897463798523,1677440000,39.49274974246209,0.0,0.0
2008-10-07,0.16593807935714722,1059984000,33.7264405295914,0.0,0.0
2008-10-08,0.16937607526779175,1219456000,27.390222148714585,0.0,0.0
2008-10-09,0.1586037576198578,909636000,20.806266143956734,0.0,0.0
2008-10-10,0.15608260035514832,1200252000,21.164052124312335,0.0,0.0
2008-10-13,0.18450294435024261,916536000,33.490590603947965,0.0,0.0
2008-10-14,0.18037746846675873,1209012000,29.539983236757493,0.0,0.0
2008-10-15,0.16089574992656708,854064000,24.971928197788316,0.0,0.0
2008-10-16,0.17648112773895264,1019820000,28.66310805357385,0.0,0.0
2008-10-17,0.1753350794315338,839416000,34.31496814401724,0.0,0.0
2008-10-20,0.17877301573753357,595764000,30.20409435851515,0.0,0.0
2008-10-21,0.16502127051353455,659116000,29.01962892233506,0.0,0.0
2008-10-22,0.15883296728134155,600996000,32.45615679614164,0.0,0.0
2008-10-23,0.14989428222179413,832192000,32.03464846165224,0.0,0.0
2008-10-24,0.1514986753463745,798336000,39.34710235564031,0.0,0.0
2008-10-27,0.15974977612495422,698936000,47.57630010753918,0.0,0.0
2008-10-28,0.1838153451681137,849920000,54.8685810802647,0.0,0.0
2008-10-29,0.18977445363998413,977284000,60.862607598269314,0.0,0.0
2008-10-30,0.19779632985591888,657176000,63.99998678403775,0.0,0.0
2008-10-31,0.2007758915424347,608672000,56.58626345222299,0.0,0.0
2008-11-03,0.19344152510166168,723924000,55.153639093977795,0.0,0.0
2008-11-04,0.20581822097301483,619560000,68.77388982892337,0.0,0.0
2008-11-05,0.19504593312740326,787620000,58.08376060188613,0.0,0.0
2008-11-06,0.1746474951505661,797936000,49.743586715334914,0.0,0.0
2008-11-07,0.19985908269882202,1132068000,56.76469296578743,0.0,0.0
2008-11-10,0.1870240718126297,576396000,57.100559439435415,0.0,0.0
2008-11-11,0.17877301573753357,576484000,56.350339515221535,0.0,0.0
2008-11-12,0.16823001205921173,646092000,55.780342168608854,0.0,0.0
2008-11-13,0.18198175728321075,797228000,58.92615347672065,0.0,0.0
2008-11-14,0.16433370113372803,741024000,51.272259867733425,0.0,0.0
2008-11-17,0.16089574992656708,388224000,42.81610451662605,0.0,0.0
2008-11-18,0.15562428534030914,564488000,39.24966553245618,0.0,0.0
2008-11-19,0.14278918504714966,500220000,33.193281625714675,0.0,0.0
2008-11-20,0.1352257877588272,847036000,30.517728833126583,0.0,0.0
2008-11-21,0.146227166056633,599064000,36.2666824603581,0.0,0.0
2008-11-24,0.1558534801006317,600308000,35.230358077796524,0.0,0.0
2008-11-25,0.16020815074443817,528256000,39.295775136341085,0.0,0.0
2008-11-26,0.17441827058792114,600792000,49.92677996391978,0.0,0.0
2008-11-28,0.17120957374572754,175248000,39.352626242263206,0.0,0.0
2008-12-01,0.15654098987579346,547112000,38.823513599368766,0.0,0.0
2008-12-02,0.1652504950761795,479988000,45.05863679533253,0.0,0.0
2008-12-03,0.17373068630695343,584632000,52.04080099167869,0.0,0.0
2008-12-04,0.16227087378501892,466292000,42.56053617461606,0.0,0.0
2008-12-05,0.16868843138217926,438484000,51.79583692501461,0.0,0.0
2008-12-08,0.16318771243095398,707992000,50.92936278644607,0.0,0.0
2008-12-09,0.17900219559669495,829760000,58.73283574143595,0.0,0.0
2008-12-10,0.1959627866744995,961124000,69.26913894550722,0.0,0.0
2008-12-11,0.18771173059940338,582700000,68.92562053132511,0.0,0.0
2008-12-12,0.19710879027843475,679268000,68.56188615969168,0.0,0.0
2008-12-15,0.1906912624835968,476996000,63.01367770403219,0.0,0.0
2008-12-16,0.20352627336978912,521940000,65.2173912620782,0.0,0.0
2008-12-17,0.21361088752746582,674180000,64.17911181581096,0.0,0.0
2008-12-18,0.19389992952346802,550808000,57.33329501160324,0.0,0.0
2008-12-19,0.195275217294693,593120000,63.69528728149129,0.0,0.0
2008-12-22,0.1838153451681137,522464000,56.4387568538775,0.0,0.0
2008-12-23,0.18129421770572662,377452000,52.7363263152269,0.0,0.0
2008-12-24,0.17693942785263062,146616000,55.59438034299325,0.0,0.0
2008-12-26,0.17212635278701782,226156000,51.327416470384236,0.0,0.0
2008-12-29,0.1776270717382431,460168000,55.57520099450178,0.0,0.0
2008-12-30,0.1838153451681137,409860000,52.00764850323414,0.0,0.0
2008-12-31,0.18496130406856537,441580000,44.71363210845501,0.0,0.0
2009-01-02,0.19962985813617706,497124000,55.39413728516794,0.0,0.0
2009-01-05,0.20329704880714417,705736000,52.9540141658648,0.0,0.0
2009-01-06,0.21017293632030487,657904000,59.259226716558764,0.0,0.0
2009-01-07,0.19756712019443512,870096000,47.161548157811005,0.0,0.0
2009-01-08,0.19252479076385498,1014496000,39.44954382901899,0.0,0.0
2009-01-09,0.18175256252288818,761352000,43.324963733441734,0.0,0.0
2009-01-12,0.17441827058792114,645532000,39.243458886649364,0.0,0.0
2009-01-13,0.1753350794315338,1824424000,45.092831942274756,0.0,0.0
2009-01-14,0.16754241287708282,974908000,42.499984570403456,0.0,0.0
2009-01-15,0.17350156605243683,998204000,48.15728641880251,0.0,0.0
2009-01-16,0.183127760887146,831324000,55.60745819387857,0.0,0.0
2009-01-20,0.1652504950761795,705788000,44.3983454244774,0.0,0.0
2009-01-21,0.17327231168746948,648472000,45.3061141474866,0.0,0.0
2009-01-22,0.17006364464759827,547656000,43.48700765949767,0.0,0.0
2009-01-23,0.17671026289463043,633616000,39.22413409609779,0.0,0.0
2009-01-26,0.18266938626766205,581748000,40.506310351373614,0.0,0.0
2009-01-27,0.19344152510166168,725300000,42.566132564924,0.0,0.0
2009-01-28,0.2014634758234024,723752000,51.804676181064934,0.0,0.0
2009-01-29,0.18977445363998413,413128000,48.799999967651694,0.0,0.0
2009-01-30,0.18221096694469452,506760000,50.205760677064966,0.0,0.0
2009-02-02,0.19206641614437103,577992000,57.746498675928315,0.0,0.0
2009-02-03,0.19435842335224152,396948000,58.250524840196796,0.0,0.0
2009-02-04,0.19985908269882202,779232000,64.30021929541374,0.0,0.0
2009-02-05,0.21452763676643372,919192000,66.854994306979,0.0,0.0
2009-02-06,0.22621670365333557,1157880000,67.40744000434948,0.0,0.0
2009-02-09,0.223237082362175,716128000,76.6315487779685,0.0,0.0
2009-02-10,0.21361088752746582,1129664000,68.25727436474884,0.0,0.0
2009-02-11,0.18679490685462952,1983400000,56.23928335236414,0.0,0.0
2009-02-12,0.1906912624835968,1024020000,55.32286054839108,0.0,0.0
2009-02-13,0.19046206772327423,764304000,53.10218403517092,0.0,0.0
2009-02-17,0.17946062982082367,779576000,44.44448028991832,0.0,0.0
2009-02-18,0.18427373468875885,646252000,42.99064827504849,0.0,0.0
2009-02-19,0.17006364464759827,743988000,42.12456798752588,0.0,0.0
2009-02-20,0.17441827058792114,770056000,46.80449448736672,0.0,0.0
2009-02-23,0.16639642417430878,679548000,39.31295906722562,0.0,0.0
2009-02-24,0.18129421770572662,659524000,45.07770433920158,0.0,0.0
2009-02-25,0.18335697054862976,702360000,43.61702023170644,0.0,0.0
2009-02-26,0.18931609392166138,1117556000,39.543736823697756,0.0,0.0
2009-02-27,0.18977445363998413,755444000,33.333288174883975,0.0,0.0
2009-03-02,0.17373068630695343,700064000,29.775246986841893,0.0,0.0
2009-03-03,0.18060657382011414,1041372000,36.20685580895708,0.0,0.0
2009-03-04,0.19389992952346802,1108668000,53.34770166903775,0.0,0.0
2009-03-05,0.18931609392166138,955252000,49.35621922126549,0.0,0.0
2009-03-06,0.1922955960035324,974756000,50.8367970265006,0.0,0.0
2009-03-09,0.19023287296295166,682768000,55.353097628315744,0.0,0.0
2009-03-10,0.20742252469062805,1254800000,60.243425976983815,0.0,0.0
2009-03-11,0.2131524682044983,864916000,70.61405489443521,0.0,0.0
2009-03-12,0.22575825452804565,1604604000,72.76427490400516,0.0,0.0
2009-03-13,0.224612295627594,1195156000,77.48923730191632,0.0,0.0
2009-03-16,0.21590277552604675,699344000,67.35630928856781,0.0,0.0
2009-03-17,0.22667504847049713,1005384000,69.97886866764688,0.0,0.0
2009-03-18,0.2337801605463028,1359560000,70.29289961546347,0.0,0.0
2009-03-19,0.23102977871894836,822648000,68.44262617772935,0.0,0.0
2009-03-20,0.218423992395401,1093672000,70.61313656820687,0.0,0.0
2009-03-23,0.23423847556114197,816048000,72.85157741936719,0.0,0.0
2009-03-24,0.22415389120578766,1114868000,63.25305124135294,0.0,0.0
2009-03-25,0.2278210073709488,1243852000,67.00403409047149,0.0,0.0
2009-03-26,0.24203118681907654,1333664000,69.98158800490998,0.0,0.0
2009-03-27,0.23973916471004486,731892000,69.85288772493954,0.0,0.0
2009-03-30,0.22438308596611023,780052000,56.902992348902075,0.0,0.0
2009-03-31,0.2259874790906906,805272000,55.40540684361397,0.0,0.0
2009-04-01,0.2317173331975937,887920000,52.66391781493813,0.0,0.0
2009-04-02,0.24248957633972168,1002860000,57.35847201249823,0.0,0.0
2009-04-03,0.25945010781288147,1003208000,66.78446733225171,0.0,0.0
2009-04-06,0.26013776659965515,887288000,63.984696333228335,0.0,0.0
2009-04-07,0.25119900703430176,607804000,57.169772999836816,0.0,0.0
2009-04-08,0.2615129053592682,731652000,61.8117168835485,0.0,0.0
2009-04-09,0.2759522497653961,904412000,71.9789612038092,0.0,0.0
2009-04-13,0.2670136094093323,767628000,63.216273141753405,0.0,0.0
2009-04-14,0.2686179578304291,711960000,69.24599445719696,0.0,0.0
2009-04-15,0.2610544264316559,1045368000,63.91549632253134,0.0,0.0
2009-04-16,0.26770105957984924,1038772000,61.475337056552654,0.0,0.0
2009-04-17,0.26953476667404175,695764000,63.3744884215807,0.0,0.0
2009-04-20,0.2532617151737213,590660000,62.85704176436036,0.0,0.0
2009-04-21,0.25257423520088196,932184000,61.9341120127206,0.0,0.0
2009-04-22,0.26013776659965515,916404000,62.550597395151954,0.0,0.0
2009-04-23,0.2560121417045593,753952000,56.344043500671035,0.0,0.0
2009-04-24,0.2619713842868805,759508000,51.31899041848903,0.0,0.0
2009-04-27,0.25257423520088196,787024000,46.37361625396589,0.0,0.0
2009-04-28,0.2532617151737213,634392000,51.07394312774348,0.0,0.0
2009-04-29,0.24936552345752716,859668000,43.22252724113954,0.0,0.0
2009-04-30,0.26311734318733215,1110276000,42.783568554058576,0.0,0.0
2009-05-01,0.2674719989299774,840548000,50.271728289601526,0.0,0.0
2009-05-04,0.2819112241268158,927704000,56.83954668105318,0.0,0.0
2009-05-05,0.2704515755176544,837076000,54.64857423544775,0.0,0.0
2009-05-06,0.26495081186294556,935088000,48.62390016293589,0.0,0.0
2009-05-07,0.2459275871515274,1289196000,39.921715175241616,0.0,0.0
2009-05-08,0.21200649440288544,2930564000,34.69388252171245,0.0,0.0
2009-05-11,0.2161320447921753,1038596000,36.81590830055816,0.0,0.0
2009-05-12,0.20581822097301483,1201384000,30.73166460858522,0.0,0.0
2009-05-13,0.19252479076385498,1305608000,28.854927984276088,0.0,0.0
2009-05-14,0.195275217294693,1017864000,27.301021085350072,0.0,0.0
2009-05-15,0.20031754672527313,780308000,31.671990364750258,0.0,0.0
2009-05-18,0.2124648541212082,938320000,36.75593868840806,0.0,0.0
2009-05-19,0.21659041941165924,859768000,39.375897385490674,0.0,0.0
2009-05-20,0.22300787270069122,1309436000,36.34937957838459,0.0,0.0
2009-05-21,0.22163265943527222,965600000,34.076377647409686,0.0,0.0
2009-05-22,0.22507064044475555,718260000,28.620716751891834,0.0,0.0
2009-05-26,0.23721812665462494,865540000,37.564343094881764,0.0,0.0
2009-05-27,0.2376764565706253,814152000,39.3939442354347,0.0,0.0
2009-05-28,0.24088512361049652,995288000,47.76415897074992,0.0,0.0
2009-05-29,0.23905159533023834,834232000,66.76131448126952,0.0,0.0
2009-06-01,0.25074073672294617,1022764000,69.61038334719765,0.0,0.0
2009-06-02,0.2486778348684311,907984000,76.79067407944889,0.0,0.0
2009-06-03,0.24088512361049652,735688000,82.46135831073329,0.0,0.0
2009-06-04,0.24959467351436615,673180000,83.76051672829651,0.0,0.0
2009-06-05,0.24821938574314117,559992000,81.19374519746756,0.0,0.0
2009-06-08,0.24684427678585052,473948000,76.04147934915062,0.0,0.0
2009-06-09,0.2603669762611389,725032000,79.0271994988636,0.0,0.0
2009-06-10,0.2686179578304291,833320000,79.52505580427707,0.0,0.0
2009-06-11,0.2651800513267517,835156000,77.45656844729248,0.0,0.0
2009-06-12,0.26380476355552673,595000000,75.07399582367302,0.0,0.0
2009-06-15,0.25945010781288147,445164000,66.00647999800054,0.0,0.0
2009-06-16,0.2523449659347534,594912000,59.63845748163823,0.0,0.0
2009-06-17,0.2585332989692688,799016000,61.159375322465536,0.0,0.0
2009-06-18,0.25349095463752747,566376000,58.77429682237796,0.0,0.0
2009-06-19,0.2562413215637207,747564000,53.74988002819444,0.0,0.0
2009-06-22,0.24180194735527039,574864000,45.98931375570187,0.0,0.0
2009-06-23,0.2406560182571411,589764000,49.855121591496605,0.0,0.0
2009-06-24,0.2486778348684311,515096000,49.415162501399934,0.0,0.0
2009-06-25,0.26174208521842957,870444000,57.506413548645185,0.0,0.0
2009-06-26,0.2651800513267517,513956000,59.95026269922832,0.0,0.0
2009-06-29,0.2651800513267517,510056000,53.06118409387515,0.0,0.0
2009-06-30,0.25876250863075256,589844000,43.58208913683308,0.0,0.0
2009-07-01,0.259908527135849,696420000,46.46153440720228,0.0,0.0
2009-07-02,0.24982380867004395,552312000,41.5978211157388,0.0,0.0
2009-07-06,0.24180194735527039,752456000,39.84168721194136,0.0,0.0
2009-07-07,0.23125894367694855,1072996000,38.32491150702979,0.0,0.0
2009-07-08,0.2317173331975937,1205860000,34.146364173513575,0.0,0.0
2009-07-09,0.23675967752933502,714564000,40.10844286150638,0.0,0.0
2009-07-10,0.2376764565706253,520008000,38.781195785699914,0.0,0.0
2009-07-13,0.24042686820030212,556012000,49.03232025076238,0.0,0.0
2009-07-14,0.24546915292739868,452568000,53.21099905221419,0.0,0.0
2009-07-15,0.2555537521839142,1022808000,54.464281859747274,0.0,0.0
2009-07-16,0.26884719729423523,952076000,54.59940138327799,0.0,0.0
2009-07-17,0.276639848947525,850356000,57.022437092068564,0.0,0.0
2009-07-20,0.28007763624191284,782756000,58.759994461221424,0.0,0.0
2009-07-21,0.27434778213500977,941296000,59.23908603583086,0.0,0.0
2009-07-22,0.28122377395629883,600908000,61.83204956403642,0.0,0.0
2009-07-23,0.2979549765586853,1046120000,74.88153707272153,0.0,0.0
2009-07-24,0.2970382273197174,650592000,80.81847505486293,0.0,0.0
2009-07-27,0.2984135150909424,677484000,91.73797419183978,0.0,0.0
2009-07-28,0.29887187480926514,563180000,91.73797113112622,0.0,0.0
2009-07-29,0.2929128408432007,373972000,84.50717603114711,0.0,0.0
2009-07-30,0.29520484805107117,468444000,84.76468449474008,0.0,0.0
2009-07-31,0.2963508367538452,541560000,84.46341115999503,0.0,0.0
2009-08-03,0.3043724000453949,471900000,85.01370636982413,0.0,0.0
2009-08-04,0.30643537640571594,695380000,83.43386940975502,0.0,0.0
2009-08-05,0.30712300539016724,610768000,80.14454595778756,0.0,0.0
2009-08-06,0.3007054626941681,957588000,69.37274962013686,0.0,0.0
2009-08-07,0.31422799825668335,1401872000,73.65089468883843,0.0,0.0
2009-08-10,0.3039141893386841,693312000,69.25379472334915,0.0,0.0
2009-08-11,0.29680919647216797,481884000,60.11912145989746,0.0,0.0
2009-08-12,0.3078104257583618,634940000,56.91321135751365,0.0,0.0
2009-08-13,0.31697845458984375,564028000,62.5361266239783,0.0,0.0
2009-08-14,0.30758136510849,427148000,55.23560413305045,0.0,0.0
2009-08-17,0.29474636912345886,465032000,47.935783566305,0.0,0.0
2009-08-18,0.30551859736442566,636200000,56.01748422360456,0.0,0.0
2009-08-19,0.30208054184913635,552996000,53.246654827041446,0.0,0.0
2009-08-20,0.31399887800216675,819840000,57.56380593729577,0.0,0.0
2009-08-21,0.3192703425884247,607324000,56.539288580234086,0.0,0.0
2009-08-24,0.3103316128253937,461456000,51.6128526720042,0.0,0.0
2009-08-25,0.3130819797515869,444088000,52.42531076624207,0.0,0.0
2009-08-26,0.31674912571907043,434308000,56.679342073979896,0.0,0.0
2009-08-27,0.32110387086868286,551072000,53.09915364161222,0.0,0.0
2009-08-28,0.33760616183280945,883992000,64.38355569057339,0.0,0.0
2009-08-31,0.33279284834861755,431796000,65.66848987926923,0.0,0.0
2009-09-01,0.32156217098236084,736856000,55.97602647626205,0.0,0.0
2009-09-02,0.32614630460739136,404656000,54.14933390381286,0.0,0.0
2009-09-03,0.333938866853714,534020000,62.10513241861524,0.0,0.0
2009-09-04,0.3463154137134552,513048000,73.78412509017298,0.0,0.0
2009-09-08,0.35594168305397034,549712000,73.50404852589284,0.0,0.0
2009-09-09,0.36579713225364685,571684000,78.02402791513119,0.0,0.0
2009-09-10,0.37748607993125916,607952000,77.97959497844425,0.0,0.0
2009-09-11,0.3740481436252594,712732000,74.53781336073222,0.0,0.0
2009-09-14,0.36785992980003357,490516000,76.42097727809212,0.0,0.0
2009-09-15,0.37542346119880676,546136000,77.41928779934099,0.0,0.0
2009-09-16,0.3653387725353241,707064000,70.22893750486628,0.0,0.0
2009-09-17,0.3492949903011322,923096000,60.695597863611255,0.0,0.0
2009-09-18,0.3488365411758423,604740000,54.851359612526416,0.0,0.0
2009-09-21,0.34723228216171265,588776000,56.415497701743924,0.0,0.0
2009-09-22,0.34791991114616394,361388000,62.92141519041367,0.0,0.0
2009-09-23,0.3424191474914551,478936000,57.90641351040691,0.0,0.0
2009-09-24,0.33783525228500366,552876000,51.95404049991303,0.0,0.0
2009-09-25,0.3323344886302948,377556000,42.46916213744204,0.0,0.0
2009-09-28,0.3398979902267456,467708000,41.161643726129455,0.0,0.0
2009-09-29,0.3337097465991974,470928000,31.57899992314026,0.0,0.0
2009-09-30,0.3444819152355194,875956000,30.851122096228067,0.0,0.0
2009-10-01,0.3199578821659088,999960000,24.786364770949632,0.0,0.0
2009-10-02,0.3174366354942322,612476000,25.663714618888974,0.0,0.0
2009-10-05,0.3158324360847473,754276000,19.483571801676476,0.0,0.0
2009-10-06,0.32110387086868286,761272000,26.17279322618714,0.0,0.0
2009-10-07,0.3185827136039734,459608000,30.635807325821062,0.0,0.0
2009-10-08,0.3206455111503601,1241524000,32.57792580264129,0.0,0.0
2009-10-09,0.32477104663848877,618540000,36.53844304144956,0.0,0.0
2009-10-12,0.32110387086868286,499008000,34.48269475632816,0.0,0.0
2009-10-13,0.3199578821659088,602124000,36.312803601327985,0.0,0.0
2009-10-14,0.31949955224990845,1101948000,38.23526475190809,0.0,0.0
2009-10-15,0.3101024031639099,1092196000,36.41451297033163,0.0,0.0
2009-10-16,0.302997350692749,1018832000,27.323868799506045,0.0,0.0
2009-10-19,0.31399887800216675,695588000,38.56382950068818,0.0,0.0
2009-10-20,0.31422799825668335,660180000,29.999982626114743,0.0,0.0
2009-10-21,0.30666446685791016,503956000,38.67183898739256,0.0,0.0
2009-10-22,0.30872729420661926,379328000,42.51977195945367,0.0,0.0
2009-10-23,0.30139297246932983,429528000,38.70962534578343,0.0,0.0
2009-10-26,0.2974967360496521,481652000,31.13563984140137,0.0,0.0
2009-10-27,0.28741204738616943,591836000,27.777861940774073,0.0,0.0
2009-10-28,0.2754938006401062,773632000,21.77655439815844,0.0,0.0
2009-10-29,0.28764116764068604,637100000,28.90624487279237,0.0,0.0
2009-10-30,0.274118572473526,604144000,25.995323137962416,0.0,0.0
2009-11-02,0.276639848947525,593136000,28.175609490449602,0.0,0.0
2009-11-03,0.2752646505832672,876472000,27.917686707332876,0.0,0.0
2009-11-04,0.2745771110057831,916840000,30.576553463847958,0.0,0.0
2009-11-05,0.28122377395629883,955156000,38.03532545747665,0.0,0.0
2009-11-06,0.30162230134010315,1641112000,43.835631878740024,0.0,0.0
2009-11-09,0.3084980547428131,818124000,47.32331997192817,0.0,0.0
2009-11-10,0.30093467235565186,781472000,47.32338585456531,0.0,0.0
2009-11-11,0.3094148337841034,871512000,50.30300292148565,0.0,0.0
2009-11-12,0.3084980547428131,505864000,53.319057400232715,0.0,0.0
2009-11-13,0.31078988313674927,388524000,56.30424473191839,0.0,0.0
2009-11-16,0.31514474749565125,402820000,63.908039820381795,0.0,0.0
2009-11-17,0.31468644738197327,350124000,72.2079111983223,0.0,0.0
2009-11-18,0.3098732829093933,455516000,63.73945579552,0.0,0.0
2009-11-19,0.2974967360496521,833840000,64.65530955874895,0.0,0.0
2009-11-20,0.29566311836242676,426748000,62.02902008049839,0.0,0.0
2009-11-23,0.2979549765586853,390924000,64.18339515648444,0.0,0.0
2009-11-24,0.2961215078830719,418504000,63.276885214168786,0.0,0.0
2009-11-25,0.2995593249797821,441760000,61.7646981603658,0.0,0.0
2009-11-27,0.2931419014930725,279932000,43.368976032246366,0.0,0.0
2009-11-30,0.29933029413223267,509836000,42.75362021281332,0.0,0.0
2009-12-01,0.30528929829597473,461936000,53.53153532316853,0.0,0.0
2009-12-02,0.31445714831352234,602292000,54.04413327959239,0.0,0.0
2009-12-03,0.31697845458984375,660036000,56.63095262697543,0.0,0.0
2009-12-04,0.3268337547779083,824564000,61.218080062009996,0.0,0.0
2009-12-07,0.3687766194343567,2732184000,74.57991194685908,0.0,0.0
2009-12-08,0.3508993983268738,1075512000,64.31162067095156,0.0,0.0
2009-12-09,0.35960903763771057,671588000,69.0686505173824,0.0,0.0
2009-12-10,0.3531913757324219,417012000,72.37568762581496,0.0,0.0
2009-12-11,0.3486074209213257,416744000,70.8108163148283,0.0,0.0
2009-12-14,0.35915032029151917,405488000,72.58883470132847,0.0,0.0
2009-12-15,0.3586920499801636,446152000,73.33334790352366,0.0,0.0
2009-12-16,0.3875707685947418,1683400000,77.58624067333916,0.0,0.0
2009-12-17,0.38573724031448364,1016132000,79.8816772443347,0.0,0.0
2009-12-18,0.38550809025764465,812828000,78.92310911545846,0.0,0.0
2009-12-21,0.3992597162723541,427792000,79.97078555420119,0.0,0.0
2009-12-22,0.4098028242588043,793044000,80.14496299255175,0.0,0.0
2009-12-23,0.4155327081680298,442196000,80.53978735766233,0.0,0.0
2009-12-24,0.41461601853370667,136812000,78.79707289540657,0.0,0.0
2009-12-28,0.4079691767692566,465760000,66.73190261145788,0.0,0.0
2009-12-29,0.4130115211009979,475848000,79.78017339452703,0.0,0.0
2009-12-30,0.427909255027771,704008000,80.91278363863256,0.0,0.0
2009-12-31,0.4281384348869324,700340000,85.93412518315945,0.0,0.0
2010-01-04,0.4237837493419647,800204000,86.1234684690836,0.0,0.0
2010-01-05,0.42997217178344727,728648000,85.51740109493309,0.0,0.0
2010-01-06,0.43272244930267334,649168000,86.2921784720785,0.0,0.0
2010-01-07,0.42424216866493225,547792000,72.47192886759973,0.0,0.0
2010-01-08,0.4251590073108673,478168000,74.43181806872468,0.0,0.0
2010-01-11,0.41919979453086853,556612000,69.49589505255538,0.0,0.0
2010-01-12,0.40498965978622437,627432000,53.29815621241681,0.0,0.0
2010-01-13,0.4104904234409332,508868000,50.42016464357032,0.0,0.0
2010-01-14,0.4040728211402893,608524000,43.05553320046686,0.0,0.0
2010-01-15,0.3921546936035156,818192000,37.99018921913039,0.0,0.0
2010-01-19,0.3994889259338379,545328000,45.498790702670036,0.0,0.0
2010-01-20,0.39788463711738586,719728000,41.66670402059583,0.0,0.0
2010-01-21,0.390779584646225,608632000,27.624393637423623,0.0,0.0
2010-01-22,0.37725695967674255,1067916000,23.571505858915188,0.0,0.0
2010-01-25,0.3836745321750641,643676000,29.603839562895033,0.0,0.0
2010-01-26,0.37152695655822754,714636000,21.978014944962624,0.0,0.0
2010-01-27,0.381611704826355,812504000,27.10482679614607,0.0,0.0
2010-01-28,0.3687766194343567,687764000,26.08704387230138,0.0,0.0
2010-01-29,0.35273292660713196,774700000,22.37769168240348,0.0,0.0
2010-02-01,0.3797779977321625,949832000,37.04819797462675,0.0,0.0
2010-02-02,0.3836745321750641,849812000,42.487949195062995,0.0,0.0
2010-02-03,0.38688305020332336,562296000,41.54346540498677,0.0,0.0
2010-02-04,0.36442193388938904,783480000,37.26069360350285,0.0,0.0
2010-02-05,0.37175625562667847,604856000,43.247354555068654,0.0,0.0
2010-02-08,0.37106865644454956,445160000,40.15876014022936,0.0,0.0
2010-02-09,0.3680889308452606,930144000,39.77983361825511,0.0,0.0
2010-02-10,0.37519410252571106,535828000,44.654056630431356,0.0,0.0
2010-02-11,0.39238396286964417,695980000,55.061339885500985,0.0,0.0
2010-02-12,0.39765533804893494,780212000,54.713990573866255,0.0,0.0
2010-02-16,0.40498965978622437,457024000,61.66132999643298,0.0,0.0
2010-02-17,0.40888601541519165,876560000,59.93318606327983,0.0,0.0
2010-02-18,0.3820700943470001,1515508000,54.39396316570615,0.0,0.0
2010-02-19,0.38000738620758057,510548000,59.93325111412702,0.0,0.0
2010-02-22,0.3806948959827423,458084000,50.41326762298282,0.0,0.0
2010-02-23,0.37152695655822754,489764000,44.7730926510353,0.0,0.0
2010-02-24,0.3793196976184845,445868000,46.86912226979239,0.0,0.0
2010-02-25,0.3758818507194519,576972000,55.63065971658497,0.0,0.0
2010-02-26,0.3712978661060333,393396000,49.76851364138482,0.0,0.0
2010-03-01,0.3861955404281616,555868000,56.68011358730159,0.0,0.0
2010-03-02,0.3859664797782898,538648000,58.09139715214823,0.0,0.0
2010-03-03,0.3811533451080322,399300000,52.75430020830464,0.0,0.0
2010-03-04,0.38184088468551636,557396000,44.24994131183531,0.0,0.0
2010-03-05,0.3935298025608063,632832000,47.89718062396321,0.0,0.0
2010-03-08,0.38779985904693604,439312000,41.09255637357161,0.0,0.0
2010-03-09,0.4022393226623535,830832000,46.89506046549091,0.0,0.0
2010-03-10,0.4031561315059662,418520000,62.99436037259123,0.0,0.0
2010-03-11,0.3939882218837738,540660000,57.921999254420086,0.0,0.0
2010-03-12,0.3953634798526764,520352000,58.24741972936846,0.0,0.0
2010-03-15,0.3933006823062897,358904000,63.305358228691716,0.0,0.0
2010-03-16,0.40705254673957825,664988000,65.79638547828682,0.0,0.0
2010-03-17,0.4148450493812561,651168000,71.14418636924611,0.0,0.0
2010-03-18,0.40017661452293396,740964000,64.12559202310644,0.0,0.0
2010-03-19,0.3953634798526764,584612000,54.975171141242214,0.0,0.0
2010-03-22,0.40178096294403076,435336000,58.04192010359601,0.0,0.0
2010-03-23,0.4100320041179657,493612000,64.18915166605683,0.0,0.0
2010-03-24,0.3962802290916443,436252000,56.287409117628194,0.0,0.0
2010-03-25,0.39742621779441833,495184000,51.868160768650974,0.0,0.0
2010-03-26,0.39742621779441833,344676000,54.88376840869716,0.0,0.0
2010-03-29,0.4024685025215149,394456000,50.12851772433979,0.0,0.0
2010-03-30,0.4040728211402893,324104000,50.51014391599383,0.0,0.0
2010-03-31,0.3988015353679657,389840000,52.80011706078308,0.0,0.0
2010-04-01,0.3946758508682251,339664000,49.61237104713679,0.0,0.0
2010-04-05,0.40063509345054626,413636000,53.96046914181435,0.0,0.0
2010-04-06,0.390779584646225,809260000,40.82682370442233,0.0,0.0
2010-04-07,0.3933006823062897,817468000,37.08793010443406,0.0,0.0
2010-04-08,0.38688305020332336,1037600000,41.158420627018245,0.0,0.0
2010-04-09,0.38940438628196716,817572000,45.91196221150382,0.0,0.0
2010-04-12,0.3965094983577728,546460000,46.417485233923706,0.0,0.0
2010-04-13,0.40476053953170776,648696000,46.417485233923706,0.0,0.0
2010-04-14,0.4098028242588043,900720000,60.42398308017743,0.0,0.0
2010-04-15,0.4127822816371918,957596000,61.51192029871649,0.0,0.0
2010-04-16,0.39100873470306396,1917736000,46.373059692576525,0.0,0.0
2010-04-19,0.38917505741119385,1094492000,42.204277607834236,0.0,0.0
2010-04-20,0.390550434589386,678188000,42.048668078105564,0.0,0.0
2010-04-21,0.3804657459259033,895908000,39.79594838307551,0.0,0.0
2010-04-22,0.3820700943470001,656932000,42.78221461399323,0.0,0.0
2010-04-23,0.3767985999584198,752916000,36.24339895131432,0.0,0.0
2010-04-26,0.3804657459259033,491092000,43.58975975104984,0.0,0.0
2010-04-27,0.36969348788261414,606704000,36.69257932720174,0.0,0.0
2010-04-28,0.37038108706474304,672164000,40.05538137116226,0.0,0.0
2010-04-29,0.381611704826355,987128000,45.749995045352215,0.0,0.0
2010-04-30,0.3600672483444214,1068048000,32.829368530435374,0.0,0.0
2010-05-03,0.3561708927154541,1078972000,26.12614258346626,0.0,0.0
2010-05-04,0.33806437253952026,1311376000,18.762522131891174,0.0,0.0
2010-05-05,0.3323344886302948,1330840000,15.789595870349572,0.0,0.0
2010-05-06,0.3254586160182953,1002888000,18.08047576376319,0.0,0.0
2010-05-07,0.3199578821659088,1153712000,17.457027063578806,0.0,0.0
2010-05-10,0.3337097465991974,979156000,26.061802112943056,0.0,0.0
2010-05-11,0.3300425410270691,829124000,27.551042427179738,0.0,0.0
2010-05-12,0.33646002411842346,901236000,30.528399522559354,0.0,0.0
2010-05-13,0.33577239513397217,1252000000,31.77189957989839,0.0,0.0
2010-05-14,0.2970382273197174,2493068000,21.739150319485304,0.0,0.0
2010-05-17,0.2977258861064911,856060000,23.83339519930813,0.0,0.0
2010-05-18,0.2878703474998474,674112000,21.87504172092561,0.0,0.0
2010-05-19,0.292454332113266,826520000,18.167027733657406,0.0,0.0
2010-05-20,0.2855783700942993,1129136000,20.292584786945596,0.0,0.0
2010-05-21,0.2917667627334595,1069600000,24.775702895217336,0.0,0.0
2010-05-24,0.2832863926887512,664564000,26.796214418054845,0.0,0.0
2010-05-25,0.2908499836921692,966652000,32.69610538565743,0.0,0.0
2010-05-26,0.292225182056427,995028000,35.47105540267984,0.0,0.0
2010-05-27,0.3094148337841034,713560000,45.81819366564113,0.0,0.0
2010-05-28,0.3011637330055237,545116000,36.50191541858704,0.0,0.0
2010-06-01,0.28832879662513733,527492000,33.9223202489992,0.0,0.0
2010-06-02,0.29153749346733093,649088000,32.246424281307156,0.0,0.0
2010-06-03,0.2910791039466858,586360000,32.304958530919464,0.0,0.0
2010-06-04,0.27732741832733154,671456000,40.27156125976179,0.0,0.0
2010-06-07,0.2635756731033325,577248000,35.07018940908459,0.0,0.0
2010-06-08,0.2562413215637207,967636000,35.86071272992902,0.0,0.0
2010-06-09,0.25005313754081726,697152000,31.31319511063792,0.0,0.0
2010-06-10,0.26013776659965515,611768000,39.096342700499754,0.0,0.0
2010-06-11,0.2660968601703644,442104000,38.97639976952133,0.0,0.0
2010-06-14,0.2603669762611389,375080000,39.91942370712479,0.0,0.0
2010-06-15,0.27320194244384766,528632000,42.58189139322187,0.0,0.0
2010-06-16,0.2697639465332031,366480000,40.71966725888926,0.0,0.0
2010-06-17,0.28007763624191284,859068000,37.14851259061017,0.0,0.0
2010-06-18,0.2819112241268158,932832000,41.06378000821531,0.0,0.0
2010-06-21,0.2752646505832672,579836000,43.56657567502056,0.0,0.0
2010-06-22,0.26495081186294556,818164000,37.763700632085765,0.0,0.0
2010-06-23,0.26793041825294495,614060000,39.58765207243173,0.0,0.0
2010-06-24,0.2546369731426239,725028000,39.75152201698886,0.0,0.0
2010-06-25,0.25394943356513977,507220000,45.070406614691336,0.0,0.0
2010-06-28,0.25440773367881775,372008000,48.989877336945796,0.0,0.0
2010-06-29,0.24019764363765717,660808000,45.011549259720304,0.0,0.0
2010-06-30,0.23400931060314178,623072000,36.231790632547835,0.0,0.0
2010-07-01,0.23790566623210907,737008000,34.81473476841363,0.0,0.0
2010-07-02,0.23492611944675446,737096000,35.877776070653795,0.0,0.0
2010-07-06,0.2324049323797226,712020000,24.425168558354542,0.0,0.0
2010-07-07,0.24363553524017334,608412000,35.07846007631976,0.0,0.0
2010-07-08,0.23630130290985107,783272000,24.119271913023482,0.0,0.0
2010-07-09,0.23721812665462494,571516000,23.287719796602175,0.0,0.0
2010-07-12,0.2415728121995926,565396000,29.2957551622181,0.0,0.0
2010-07-13,0.2502822279930115,723316000,40.804560475149565,0.0,0.0
2010-07-14,0.25280341506004333,1355664000,40.46236966179593,0.0,0.0
2010-07-15,0.24569828808307648,953088000,43.887102706195826,0.0,0.0
2010-07-16,0.23034217953681946,1288604000,36.55347026492058,0.0,0.0
2010-07-19,0.23973916471004486,798440000,42.417040101769764,0.0,0.0
2010-07-20,0.24569828808307648,1160988000,53.10876419219956,0.0,0.0
2010-07-21,0.2376764565706253,624940000,52.03045456596825,0.0,0.0
2010-07-22,0.2415728121995926,462612000,52.03045456596825,0.0,0.0
2010-07-23,0.23744724690914154,817604000,51.3784222411493,0.0,0.0
2010-07-26,0.24180194735527039,683548000,55.03683700394602,0.0,0.0
2010-07-27,0.23973916471004486,683472000,47.68389264773826,0.0,0.0
2010-07-28,0.23217575252056122,1320808000,47.55432596224591,0.0,0.0
2010-07-29,0.209256112575531,2664476000,36.85339248039845,0.0,0.0
2010-07-30,0.2106313556432724,984288000,35.033268167390716,0.0,0.0
2010-08-02,0.21040213108062744,917020000,28.985538246997365,0.0,0.0
2010-08-03,0.20490141212940216,955444000,25.526940128459074,0.0,0.0
2010-08-04,0.21361088752746582,855496000,33.87099945926509,0.0,0.0
2010-08-05,0.21636122465133667,800504000,41.95251078827929,0.0,0.0
2010-08-06,0.21888236701488495,739904000,36.96279239385745,0.0,0.0
2010-08-09,0.22094516456127167,466456000,33.73499583967167,0.0,0.0
2010-08-10,0.21177731454372406,772560000,33.234461138615515,0.0,0.0
2010-08-11,0.20352627336978912,796148000,26.68543115560425,0.0,0.0
2010-08-12,0.2053597867488861,1343584000,29.768784184532123,0.0,0.0
2010-08-13,0.21521525084972382,1797392000,34.32436458129523,0.0,0.0
2010-08-16,0.20971454679965973,814008000,32.98706069513905,0.0,0.0
2010-08-17,0.2124648541212082,481224000,38.18679765178257,0.0,0.0
2010-08-18,0.21361088752746582,352920000,53.531620319842034,0.0,0.0
2010-08-19,0.22644580900669098,1615100000,60.81498605396427,0.0,0.0
2010-08-20,0.22850863635540009,1305308000,62.079506585652084,0.0,0.0
2010-08-23,0.22507064044475555,748620000,63.83643653673843,0.0,0.0
2010-08-24,0.22277872264385223,641332000,56.89653471501265,0.0,0.0
2010-08-25,0.22736266255378723,757532000,58.05369562850281,0.0,0.0
2010-08-26,0.224612295627594,657596000,54.18060715524656,0.0,0.0
2010-08-27,0.23194654285907745,1060416000,57.45338330351707,0.0,0.0
2010-08-30,0.22094516456127167,602804000,56.06060404198146,0.0,0.0
2010-08-31,0.2138400673866272,931488000,56.923047450970316,0.0,0.0
2010-09-01,0.21544446051120758,851440000,56.79013801895683,0.0,0.0
2010-09-02,0.2193407416343689,596292000,53.0200959791198,0.0,0.0
2010-09-03,0.22690419852733612,566484000,62.214938430129955,0.0,0.0
2010-09-07,0.22896708548069,899820000,61.84215136847738,0.0,0.0
2010-09-08,0.23653048276901245,1224156000,65.0602188484367,0.0,0.0
2010-09-09,0.23332172632217407,697748000,55.1724222717884,0.0,0.0
2010-09-10,0.2308005839586258,609292000,51.71230803683062,0.0,0.0
2010-09-13,0.24386478960514069,1015792000,62.275487600384565,0.0,0.0
2010-09-14,0.2415728121995926,698536000,62.27543911137601,0.0,0.0
2010-09-15,0.24203118681907654,555572000,60.12655346728068,0.0,0.0
2010-09-16,0.24226045608520508,365280000,62.62297210462418,0.0,0.0
2010-09-17,0.24180194735527039,416884000,57.81812237999194,0.0,0.0
2010-09-20,0.24546915292739868,443168000,72.01632917666257,0.0,0.0
2010-09-21,0.25876250863075256,1779624000,86.29612641026583,0.0,0.0
2010-09-22,0.2610544264316559,999996000,86.44670397697922,0.0,0.0
2010-09-23,0.26632604002952576,1240872000,86.73820405787814,0.0,0.0
2010-09-24,0.28099459409713745,1086976000,88.06437977506079,0.0,0.0
2010-09-27,0.27503547072410583,999504000,80.73379562307278,0.0,0.0
2010-09-28,0.27434778213500977,723192000,77.77753558089249,0.0,0.0
2010-09-29,0.2722851037979126,974904000,79.10944881345468,0.0,0.0
2010-09-30,0.26770105957984924,787632000,76.74391027429981,0.0,0.0
2010-10-01,0.26013776659965515,999120000,62.815855626964975,0.0,0.0
2010-10-04,0.25761663913726807,749500000,62.589945599393715,0.0,0.0
2010-10-05,0.25945010781288147,753588000,63.38024935734495,0.0,0.0
2010-10-06,0.24707362055778503,1057604000,53.11574817436859,0.0,0.0
2010-10-07,0.24523992836475372,761488000,52.18660510331533,0.0,0.0
2010-10-08,0.24890707433223724,706932000,52.18656885159153,0.0,0.0
2010-10-11,0.24776102602481842,442680000,41.72407835217823,0.0,0.0
2010-10-12,0.25257423520088196,605208000,43.853871617716436,0.0,0.0
2010-10-13,0.259908527135849,968732000,45.48385036914308,0.0,0.0
2010-10-14,0.2557829022407532,599172000,29.166612716897916,0.0,0.0
2010-10-15,0.25876250863075256,639940000,35.85657664037299,0.0,0.0
2010-10-18,0.2603669762611389,448156000,38.03937704728447,0.0,0.0
2010-10-19,0.25876250863075256,866136000,38.33996257906618,0.0,0.0
2010-10-20,0.25876250863075256,763532000,41.631018632866926,0.0,0.0
2010-10-21,0.2541784644126892,1014428000,44.09075822390366,0.0,0.0
2010-10-22,0.2704515755176544,1322676000,59.99983366336763,0.0,0.0
2010-10-25,0.2729727625846863,673136000,60.423938027234726,0.0,0.0
2010-10-26,0.27205580472946167,675248000,73.38985071131638,0.0,0.0
2010-10-27,0.2759522497653961,496796000,77.68539594533021,0.0,0.0
2010-10-28,0.2761813998222351,704448000,76.21087077689177,0.0,0.0
2010-10-29,0.2754938006401062,554664000,76.88837102287258,0.0,0.0
2010-11-01,0.2759522497653961,473920000,74.75674523546775,0.0,0.0
2010-11-02,0.28168219327926636,581036000,73.86882530808155,0.0,0.0
2010-11-03,0.2837448716163635,671748000,82.10466334596094,0.0,0.0
2010-11-04,0.28420332074165344,700016000,81.00497295358977,0.0,0.0
2010-11-05,0.289016455411911,735116000,82.38279250616328,0.0,0.0
2010-11-08,0.2901622951030731,605156000,85.8633190175255,0.0,0.0
2010-11-09,0.2885580360889435,633964000,82.82799127531334,0.0,0.0
2010-11-10,0.2919960618019104,521016000,92.74598759233716,0.0,0.0
2010-11-11,0.289016455411911,1089980000,79.99971337732876,0.0,0.0
2010-11-12,0.3039141893386841,2142560000,85.71403196020749,0.0,0.0
2010-11-15,0.3002469837665558,733548000,80.59698560463072,0.0,0.0
2010-11-16,0.2913084626197815,739356000,65.02251588781127,0.0,0.0
2010-11-17,0.2961215078830719,551764000,67.90131196836288,0.0,0.0
2010-11-18,0.30528929829597473,993120000,73.21435515752216,0.0,0.0
2010-11-19,0.31514474749565125,716484000,76.63557174410565,0.0,0.0
2010-11-22,0.3153740465641022,462668000,74.74755312802998,0.0,0.0
2010-11-23,0.30803975462913513,457832000,66.56257580094527,0.0,0.0
2010-11-24,0.31560319662094116,397784000,69.51570913421,0.0,0.0
2010-11-26,0.3117069602012634,143104000,64.26522949245626,0.0,0.0
2010-11-29,0.31514474749565125,468192000,65.26620127976605,0.0,0.0
2010-11-30,0.31193602085113525,720936000,64.0110046686033,0.0,0.0
2010-12-01,0.3256877064704895,626536000,67.9706265204581,0.0,0.0
2010-12-02,0.3295840919017792,529316000,71.42861033956798,0.0,0.0
2010-12-03,0.33898118138313293,606044000,69.6658647376349,0.0,0.0
2010-12-06,0.3325636684894562,438424000,67.5811273314506,0.0,0.0
2010-12-07,0.34333592653274536,1026812000,77.75063329282051,0.0,0.0
2010-12-08,0.3463154137134552,613252000,77.30675737562974,0.0,0.0
2010-12-09,0.3405855596065521,942408000,69.94825313047923,0.0,0.0
2010-12-10,0.34264829754829407,451900000,67.04550335882973,0.0,0.0
2010-12-13,0.333938866853714,609108000,60.41130749698673,0.0,0.0
2010-12-14,0.3343971371650696,755160000,66.0166957048479,0.0,0.0
2010-12-15,0.3270629346370697,624176000,56.98323557356722,0.0,0.0
2010-12-16,0.32752135396003723,631872000,60.05826419044151,0.0,0.0
2010-12-17,0.32935500144958496,593156000,59.226263673090806,0.0,0.0
2010-12-20,0.3279796838760376,344088000,60.670681007166955,0.0,0.0
2010-12-21,0.3408147990703583,466952000,60.1852485297458,0.0,0.0
2010-12-22,0.3444819152355194,477988000,60.061943916257015,0.0,0.0
2010-12-23,0.34196069836616516,273784000,52.21839082434374,0.0,0.0
2010-12-27,0.34379422664642334,255500000,58.974295706551196,0.0,0.0
2010-12-28,0.3424191474914551,194260000,49.13792196232558,0.0,0.0
2010-12-29,0.3424191474914551,177660000,46.118775021181676,0.0,0.0
2010-12-30,0.3435651659965515,174488000,53.26637244096872,0.0,0.0
2010-12-31,0.3529622554779053,391252000,59.74034190209665,0.0,0.0
2011-01-03,0.36258843541145325,817448000,76.59571888517577,0.0,0.0
2011-01-04,0.3614423871040344,651384000,74.78985820634358,0.0,0.0
2011-01-05,0.38917505741119385,1428216000,91.4371002630092,0.0,0.0
2011-01-06,0.4430362284183502,3493312000,94.99987121809832,0.0,0.0
2011-01-07,0.455412894487381,2579984000,95.37941779733332,0.0,0.0
2011-01-10,0.47283175587654114,1750348000,96.74553807985433,0.0,0.0
2011-01-11,0.4654974043369293,2711088000,91.7177193182808,0.0,0.0
2011-01-12,0.5351731181144714,3431896000,94.25527055397897,0.0,0.0
2011-01-13,0.5360901355743408,2695192000,95.39119241386214,0.0,0.0
2011-01-14,0.5406736135482788,1595352000,95.44970835646343,0.0,0.0
2011-01-18,0.5280680060386658,1813348000,90.74447404265737,0.0,0.0
2011-01-19,0.5136289000511169,1197896000,85.33594966800037,0.0,0.0
2011-01-20,0.5140870809555054,1111408000,85.29419615890907,0.0,0.0
2011-01-21,0.5092739462852478,739244000,82.97878887129762,0.0,0.0
2011-01-24,0.5668025016784668,2056900000,85.84078752659372,0.0,0.0
2011-01-25,0.5493835806846619,1086856000,81.2025214573222,0.0,0.0
2011-01-26,0.5624475479125977,1074660000,80.24007926484339,0.0,0.0
2011-01-27,0.5608430504798889,657396000,75.1468104416987,0.0,0.0
2011-01-28,0.5445702075958252,1094796000,68.71996561373611,0.0,0.0
2011-01-31,0.548237144947052,750160000,66.80287764087035,0.0,0.0
2011-02-01,0.5608430504798889,654104000,70.75855032735525,0.0,0.0
2011-02-02,0.586283802986145,1606616000,63.78248548488916,0.0,0.0
2011-02-03,0.5752823352813721,1030776000,60.02340422403442,0.0,0.0
2011-02-04,0.5883467793464661,872900000,61.68549339674357,0.0,0.0
2011-02-07,0.5638224482536316,934236000,58.280204224081025,0.0,0.0
2011-02-08,0.5470913648605347,1076584000,57.66801379922115,0.0,0.0
2011-02-09,0.5337980389595032,1277520000,54.26588075879817,0.0,0.0
2011-02-10,0.5230258107185364,1042352000,52.901365580272,0.0,0.0
2011-02-11,0.5379236340522766,1359276000,42.57071971741424,0.0,0.0
2011-02-14,0.5296723246574402,1287828000,44.678122189708134,0.0,0.0
2011-02-15,0.5168377161026001,886980000,37.67045352511498,0.0,0.0
2011-02-16,0.5358608365058899,1318364000,43.82789702986022,0.0,0.0
2011-02-17,0.588575541973114,3470096000,59.212993335026674,0.0,0.0
2011-02-18,0.5874298810958862,1394412000,58.292973487265684,0.0,0.0
2011-02-22,0.5319641828536987,1396648000,44.82755009106561,0.0,0.0
2011-02-23,0.5067528486251831,1491604000,35.74362043035815,0.0,0.0
2011-02-24,0.5191294550895691,1246120000,39.98365440555179,0.0,0.0
2011-02-25,0.5299016237258911,775652000,39.48880887507649,0.0,0.0
2011-02-28,0.5193585157394409,903696000,41.57984399375666,0.0,0.0
2011-03-01,0.49620965123176575,988448000,40.59315599611407,0.0,0.0
2011-03-02,0.47558221220970154,1718140000,39.52140939013143,0.0,0.0
2011-03-03,0.47833251953125,1593704000,41.71618354792055,0.0,0.0
2011-03-04,0.47581133246421814,959760000,37.93402055823164,0.0,0.0
2011-03-07,0.4691646099090576,1019140000,38.17199093285061,0.0,0.0
2011-03-08,0.44807854294776917,1947184000,36.979054477893406,0.0,0.0
2011-03-09,0.4386814832687378,1318976000,30.900802846603696,0.0,0.0
2011-03-10,0.4107195734977722,1722736000,11.277428570094614,0.0,0.0
2011-03-11,0.41369903087615967,1486832000,12.47518092042526,0.0,0.0
2011-03-14,0.41713711619377136,1003360000,18.007670529095705,0.0,0.0
2011-03-15,0.40476053953170776,1256280000,19.394757042639256,0.0,0.0
2011-03-16,0.40178096294403076,1476520000,12.682187480668901,0.0,0.0
2011-03-17,0.4093443751335144,1238516000,10.863060215978464,0.0,0.0
2011-03-18,0.4038437604904175,886960000,11.230746508839943,0.0,0.0
2011-03-21,0.40705254673957825,751832000,15.45294386094261,0.0,0.0
2011-03-22,0.3999473750591278,718332000,17.261877177423244,0.0,0.0
2011-03-23,0.40819844603538513,782396000,21.022734775344773,0.0,0.0
2011-03-24,0.4407443404197693,1780592000,38.39151590399172,0.0,0.0
2011-03-25,0.42699259519577026,1196392000,36.66669482884668,0.0,0.0
2011-03-28,0.44280701875686646,1204284000,48.27585294229707,0.0,0.0
2011-03-29,0.4393691122531891,715764000,50.23401852955189,0.0,0.0
2011-03-30,0.422867089509964,1176320000,54.48397021357221,0.0,0.0
2011-03-31,0.4230961203575134,655112000,53.54060616190808,0.0,0.0
2011-04-01,0.41713711619377136,850072000,49.999994823452,0.0,0.0
2011-04-04,0.4022393226623535,924328000,49.084829208674435,0.0,0.0
2011-04-05,0.4029269516468048,821076000,50.42301087681107,0.0,0.0
2011-04-06,0.40017661452293396,856984000,46.491245700205965,0.0,0.0
2011-04-07,0.4148450493812561,1021208000,53.934386932114016,0.0,0.0
2011-04-08,0.4022393226623535,746552000,48.387051641885925,0.0,0.0
2011-04-11,0.3969678282737732,546208000,48.989105762926506,0.0,0.0
2011-04-12,0.39811378717422485,840756000,46.40519760272437,0.0,0.0
2011-04-13,0.40705254673957825,749588000,35.559863494978686,0.0,0.0
2011-04-14,0.42424216866493225,1254704000,48.85491976694095,0.0,0.0
2011-04-15,0.4288262128829956,969720000,43.57899092368126,0.0,0.0
2011-04-18,0.41461601853370667,743584000,39.65517636308777,0.0,0.0
2011-04-19,0.4130115211009979,659860000,45.295329713164016,0.0,0.0
2011-04-20,0.42561739683151245,650516000,51.07636428197507,0.0,0.0
2011-04-21,0.42447128891944885,421300000,53.265242618316236,0.0,0.0
2011-04-25,0.4311181306838989,619612000,63.87662521958484,0.0,0.0
2011-04-26,0.4423486292362213,676000000,67.1999177257204,0.0,0.0
2011-04-27,0.4423486292362213,450004000,68.8523595418315,0.0,0.0
2011-04-28,0.44716182351112366,684000000,65.8426627707464,0.0,0.0
2011-04-29,0.45839235186576843,836000000,77.90416273945601,0.0,0.0
2011-05-02,0.452204167842865,613824000,77.2008149675065,0.0,0.0
2011-05-03,0.4306597411632538,808000000,63.345852380678586,0.0,0.0
2011-05-04,0.427450954914093,639356000,58.77706538035012,0.0,0.0
2011-05-05,0.4276801347732544,544000000,51.73209889614007,0.0,0.0
2011-05-06,0.44280701875686646,841080000,56.3673383103127,0.0,0.0
2011-05-09,0.4526624083518982,706328000,68.043359781859,0.0,0.0
2011-05-10,0.45335009694099426,690976000,69.29823583099997,0.0,0.0
2011-05-11,0.455412894487381,616000000,65.85363325500761,0.0,0.0
2011-05-12,0.4698522388935089,1224000000,71.15389991553569,0.0,0.0
2011-05-13,0.418512225151062,2025192000,45.85214062141428,0.0,0.0
2011-05-16,0.40567731857299805,728188000,38.05971438865508,0.0,0.0
2011-05-17,0.4040728211402893,1420364000,37.66615665796839,0.0,0.0
2011-05-18,0.41347000002861023,658844000,39.454812062432666,0.0,0.0
2011-05-19,0.40751081705093384,650884000,33.53118485829421,0.0,0.0
2011-05-20,0.41461601853370667,575820000,37.905645516828606,0.0,0.0
2011-05-23,0.41415753960609436,588000000,43.85664821948998,0.0,0.0
2011-05-24,0.41576188802719116,720372000,45.59584359586887,0.0,0.0
2011-05-25,0.4208042621612549,545312000,47.500010334352304,0.0,0.0
2011-05-26,0.43134722113609314,706436000,45.68967335922232,0.0,0.0
2011-05-27,0.44693267345428467,658824000,47.93395157297526,0.0,0.0
2011-05-31,0.4593092203140259,1200716000,51.98170226533717,0.0,0.0
2011-06-01,0.4386814832687378,762208000,45.047478118369746,0.0,0.0
2011-06-02,0.43661874532699585,607592000,39.385089568510395,0.0,0.0
2011-06-03,0.4230961203575134,549300000,51.93047399996439,0.0,0.0
2011-06-06,0.41415753960609436,435988000,53.692572064845145,0.0,0.0
2011-06-07,0.4139283001422882,433956000,54.343426257722165,0.0,0.0
2011-06-08,0.4026976525783539,569288000,45.32798878765966,0.0,0.0
2011-06-09,0.39811378717422485,741632000,45.87526240029145,0.0,0.0
2011-06-10,0.39238396286964417,493548000,40.12219109541034,0.0,0.0
2011-06-13,0.3896335959434509,574760000,39.321374974418504,0.0,0.0
2011-06-14,0.39284226298332214,534576000,40.15746943993888,0.0,0.0
2011-06-15,0.3843618929386139,935916000,34.79915966797802,0.0,0.0
2011-06-16,0.37106865644454956,1024908000,25.420558481306784,0.0,0.0
2011-06-17,0.36235910654067993,1467884000,13.465244614328697,0.0,0.0
2011-06-20,0.3580043911933899,745960000,2.9786503793946224,0.0,0.0
2011-06-21,0.36579713225364685,704276000,11.594198456755066,0.0,0.0
2011-06-22,0.36075493693351746,651720000,11.241224035288838,0.0,0.0
2011-06-23,0.37152695655822754,744024000,22.891437942798973,0.0,0.0
2011-06-24,0.36075493693351746,529052000,22.45853148883775,0.0,0.0
2011-06-27,0.3531913757324219,1142152000,20.8790138131763,0.0,0.0
2011-06-28,0.3552541434764862,692200000,25.06015497991274,0.0,0.0
2011-06-29,0.36075493693351746,960544000,30.548912524793494,0.0,0.0
2011-06-30,0.3653387725353241,652300000,35.74870839945724,0.0,0.0
2011-07-01,0.37015199661254883,540804000,39.95272228136412,0.0,0.0
2011-07-05,0.3639635145664215,535296000,35.550435540048454,0.0,0.0
2011-07-06,0.35915032029151917,529580000,36.904752114702426,0.0,0.0
2011-07-07,0.3605257272720337,986136000,43.7500722396964,0.0,0.0
2011-07-08,0.35364973545074463,619516000,44.722286069811005,0.0,0.0
2011-07-11,0.34127312898635864,714388000,40.759555455569085,0.0,0.0
2011-07-12,0.33668917417526245,867604000,33.33336211767259,0.0,0.0
2011-07-13,0.3360016345977783,634368000,35.08286611537213,0.0,0.0
2011-07-14,0.32270824909210205,1088996000,21.44796019393553,0.0,0.0
2011-07-15,0.3231666088104248,827736000,25.000144004868588,0.0,0.0
2011-07-18,0.31629079580307007,818200000,25.23096625632924,0.0,0.0
2011-07-19,0.3259170949459076,602224000,32.12308013684108,0.0,0.0
2011-07-20,0.32179149985313416,662956000,25.852404037510965,0.0,0.0
2011-07-21,0.33691835403442383,1143420000,34.422161827700904,0.0,0.0
2011-07-22,0.34379422664642334,737192000,35.87219555748081,0.0,0.0
2011-07-25,0.3382934629917145,566920000,36.13862241879022,0.0,0.0
2011-07-26,0.3300425410270691,698276000,34.8449603103206,0.0,0.0
2011-07-27,0.3176659345626831,652212000,29.978523061004196,0.0,0.0
2011-07-28,0.31697845458984375,648176000,31.81818277415229,0.0,0.0
2011-07-29,0.31697845458984375,677656000,36.26944909722999,0.0,0.0
2011-08-01,0.333938866853714,1019620000,48.63637448146052,0.0,0.0
2011-08-02,0.330500990152359,1356432000,47.345146075241864,0.0,0.0
2011-08-03,0.3394395411014557,765236000,58.429584167394815,0.0,0.0
2011-08-04,0.30712300539016724,979732000,43.881133907264854,0.0,0.0
2011-08-05,0.29680919647216797,1270588000,42.75978813987858,0.0,0.0
2011-08-08,0.27343103289604187,1084180000,32.3028293974632,0.0,0.0
2011-08-09,0.2963508367538452,1329832000,42.38684490025749,0.0,0.0
2011-08-10,0.28282803297042847,1140052000,33.65649592233359,0.0,0.0
2011-08-11,0.30735209584236145,1078792000,40.0500787234748,0.0,0.0
2011-08-12,0.29520484805107117,3195784000,38.64740076034772,0.0,0.0
2011-08-15,0.30643537640571594,864152000,43.87634200728008,0.0,0.0
2011-08-16,0.2977258861064911,716868000,44.727272166705625,0.0,0.0
2011-08-17,0.29360029101371765,553328000,43.92853124869574,0.0,0.0
2011-08-18,0.2736603021621704,802564000,39.805805596797704,0.0,0.0
2011-08-19,0.26884719729423523,761332000,33.75287756056261,0.0,0.0
2011-08-22,0.2736603021621704,611876000,35.909090229981416,0.0,0.0
2011-08-23,0.3032265305519104,938312000,41.855670618244666,0.0,0.0
2011-08-24,0.29887187480926514,687500000,47.87733999751023,0.0,0.0
2011-08-25,0.2860369086265564,690968000,47.26424343313454,0.0,0.0
2011-08-26,0.29818421602249146,732660000,56.66666185826544,0.0,0.0
2011-08-29,0.306206077337265,601528000,52.88584807798089,0.0,0.0
2011-08-30,0.31354042887687683,684760000,59.331524647176074,0.0,0.0
2011-08-31,0.30506014823913574,705808000,49.22839305341594,0.0,0.0
2011-09-01,0.3043724000453949,762312000,53.34437099926397,0.0,0.0
2011-09-02,0.2961215078830719,471356000,46.15382081712292,0.0,0.0
2011-09-06,0.30208054184913635,696248000,51.65791155258449,0.0,0.0
2011-09-07,0.32660460472106934,1606620000,60.876168704036274,0.0,0.0
2011-09-08,0.3250003159046173,880164000,69.2440468188051,0.0,0.0
2011-09-09,0.3181244134902954,869828000,68.18955072922122,0.0,0.0
2011-09-12,0.3256877064704895,916480000,68.82255815448059,0.0,0.0
2011-09-13,0.33302217721939087,853836000,62.8459208321739,0.0,0.0
2011-09-14,0.35021185874938965,1547192000,69.92885079283046,0.0,0.0
2011-09-15,0.3552541434764862,752908000,78.59850024255192,0.0,0.0
2011-09-16,0.35433730483055115,1391588000,75.57410961483009,0.0,0.0
2011-09-19,0.34700313210487366,968204000,68.69754558515898,0.0,0.0
2011-09-20,0.33806437253952026,792436000,61.076579830773014,0.0,0.0
2011-09-21,0.3316468596458435,715252000,62.236263273537595,0.0,0.0
2011-09-22,0.30964407324790955,1314632000,52.028279017122024,0.0,0.0
2011-09-23,0.3160615563392639,1011440000,57.78174498572791,0.0,0.0
2011-09-26,0.31674912571907043,972124000,55.97015663432044,0.0,0.0
2011-09-27,0.3172075152397156,781388000,45.24358395807466,0.0,0.0
2011-09-28,0.30758136510849,1236532000,41.845459275552436,0.0,0.0
2011-09-29,0.3000178933143616,866416000,41.577798226915355,0.0,0.0
2011-09-30,0.2867244482040405,677784000,32.79357469223861,0.0,0.0
2011-10-03,0.27068060636520386,949896000,24.43600545755605,0.0,0.0
2011-10-04,0.29566311836242676,1361548000,28.975271956737572,0.0,0.0
2011-10-05,0.306206077337265,856708000,31.864392125080087,0.0,0.0
2011-10-06,0.318353533744812,773192000,37.715198973362426,0.0,0.0
2011-10-07,0.3243125379085541,806976000,42.180039897401514,0.0,0.0
2011-10-10,0.3387521505355835,534376000,50.22836827926036,0.0,0.0
2011-10-11,0.33508482575416565,816080000,51.16279007189977,0.0,0.0
2011-10-12,0.33485573530197144,612064000,59.999993336417845,0.0,0.0
2011-10-13,0.35433730483055115,854832000,63.75613544095029,0.0,0.0
2011-10-14,0.36029642820358276,702452000,65.0793312500142,0.0,0.0
2011-10-17,0.3424191474914551,611780000,57.790363167599274,0.0,0.0
2011-10-18,0.35479575395584106,590916000,64.34535262108768,0.0,0.0
2011-10-19,0.3476905822753906,557568000,64.52505147392233,0.0,0.0
2011-10-20,0.3302716016769409,990308000,62.9426968211742,0.0,0.0
2011-10-21,0.33187615871429443,628428000,69.8956485679299,0.0,0.0
2011-10-24,0.34425270557403564,535256000,67.2077312640285,0.0,0.0
2011-10-25,0.331188440322876,577996000,58.69213672202793,0.0,0.0
2011-10-26,0.33508482575416565,503116000,56.175930079643436,0.0,0.0
2011-10-27,0.3495241701602936,577732000,58.75793424205062,0.0,0.0
2011-10-28,0.35754603147506714,490156000,56.83323284271174,0.0,0.0
2011-10-31,0.3392103612422943,519984000,51.35541666751675,0.0,0.0
2011-11-01,0.3222498893737793,790824000,46.268641821802,0.0,0.0
2011-11-02,0.31674912571907043,961608000,37.869849452526566,0.0,0.0
2011-11-03,0.33577239513397217,749372000,42.70122812038486,0.0,0.0
2011-11-04,0.33966878056526184,654840000,49.10713683856618,0.0,0.0
2011-11-07,0.33783525228500366,613536000,44.08947420109571,0.0,0.0
2011-11-08,0.3456278145313263,549728000,49.284574140316906,0.0,0.0
2011-11-09,0.32820895314216614,532244000,49.284614893620294,0.0,0.0
2011-11-10,0.3316468596458435,990484000,49.921466963385754,0.0,0.0
2011-11-11,0.34333592653274536,1751560000,49.68453967612511,0.0,0.0
2011-11-14,0.33668917417526245,500292000,51.980202765316264,0.0,0.0
2011-11-15,0.3410438895225525,505660000,52.13814122472304,0.0,0.0
2011-11-16,0.33416813611984253,512420000,44.17393969565739,0.0,0.0
2011-11-17,0.3222498893737793,657504000,36.99324736611999,0.0,0.0
2011-11-18,0.3192703425884247,501352000,41.714289918744846,0.0,0.0
2011-11-21,0.3353141248226166,1330788000,55.47026845348441,0.0,0.0
2011-11-22,0.3456278145313263,1287480000,61.62362186202068,0.0,0.0
2011-11-23,0.33095937967300415,825340000,47.99238352853593,0.0,0.0
2011-11-25,0.32179149985313416,406620000,42.857124453944664,0.0,0.0
2011-11-28,0.3398979902267456,690616000,50.72932251364148,0.0,0.0
2011-11-29,0.34173160791397095,623440000,48.56180001648133,0.0,0.0
2011-11-30,0.35823363065719604,730324000,61.15843906191586,0.0,0.0
2011-12-01,0.36258843541145325,529760000,61.42135890395074,0.0,0.0
2011-12-02,0.36029642820358276,546464000,56.727268490414716,0.0,0.0
2011-12-05,0.35479575395584106,644696000,57.247747285398226,0.0,0.0
2011-12-06,0.34975335001945496,573832000,53.467153776540826,0.0,0.0
2011-12-07,0.3476905822753906,510016000,55.59766417241292,0.0,0.0
2011-12-08,0.33668917417526245,491488000,56.02291053066661,0.0,0.0
2011-12-09,0.34150227904319763,555840000,59.13367122021998,0.0,0.0
2011-12-12,0.33302217721939087,573208000,48.995981596186446,0.0,0.0
2011-12-13,0.3238542377948761,516596000,40.36512822786359,0.0,0.0
2011-12-14,0.3112485706806183,636020000,41.11572054801523,0.0,0.0
2011-12-15,0.3084980547428131,435148000,43.640317266524086,0.0,0.0
2011-12-16,0.30964407324790955,619116000,32.72251810396541,0.0,0.0
2011-12-19,0.30162230134010315,463276000,28.606359303096923,0.0,0.0
2011-12-20,0.3185827136039734,445208000,28.953771528035816,0.0,0.0
2011-12-21,0.31445714831352234,548424000,24.390172198355387,0.0,0.0
2011-12-22,0.3279796838760376,576560000,34.640455497810365,0.0,0.0
2011-12-23,0.32477104663848877,248948000,35.41198482175558,0.0,0.0
2011-12-27,0.3222498893737793,195712000,36.30136093703611,0.0,0.0
2011-12-28,0.31422799825668335,233960000,34.26721971574986,0.0,0.0
2011-12-29,0.3201870024204254,211112000,41.85514345779918,0.0,0.0
2011-12-30,0.3176659345626831,186956000,37.962930561215245,0.0,0.0
2012-01-03,0.32179149985313416,468044000,44.0677388638165,0.0,0.0
2012-01-04,0.3254586160182953,347372000,50.8997416405324,0.0,0.0
2012-01-05,0.33714759349823,563548000,64.6752807277393,0.0,0.0
2012-01-06,0.33325114846229553,533252000,63.84614487220834,0.0,0.0
2012-01-09,0.33325114846229553,508244000,63.37659691685627,0.0,0.0
2012-01-10,0.33187615871429443,546328000,68.53939862452256,0.0,0.0
2012-01-11,0.3252294659614563,484272000,54.66243697984138,0.0,0.0
2012-01-12,0.3231666088104248,652364000,56.29141156384348,0.0,0.0
2012-01-13,0.31468644738197327,504300000,39.6428997438261,0.0,0.0
2012-01-17,0.3098732829093933,627176000,38.67590401848881,0.0,0.0
2012-01-18,0.32041630148887634,632676000,48.75773854794493,0.0,0.0
2012-01-19,0.3288964331150055,608312000,59.87649996379727,0.0,0.0
2012-01-20,0.3259170949459076,546272000,54.019441304636544,0.0,0.0
2012-01-23,0.33485573530197144,562792000,61.06204995292299,0.0,0.0
2012-01-24,0.3424191474914551,730920000,62.71192704930058,0.0,0.0
2012-01-25,0.34035632014274597,1274152000,59.366003116272985,0.0,0.0
2012-01-26,0.33714759349823,799672000,49.99999014784142,0.0,0.0
2012-01-27,0.34173160791397095,449996000,55.91070755106462,0.0,0.0
2012-01-30,0.3392103612422943,399076000,54.012429387103786,0.0,0.0
2012-01-31,0.33852270245552063,357900000,54.51702982139256,0.0,0.0
2012-02-01,0.34219005703926086,428020000,62.01300500683025,0.0,0.0
2012-02-02,0.35502511262893677,696236000,69.57757136796158,0.0,0.0
2012-02-03,0.36258843541145325,495232000,79.77203781534016,0.0,0.0
2012-02-06,0.35983794927597046,278868000,81.87120900838926,0.0,0.0
2012-02-07,0.36075493693351746,410296000,79.33324667569859,0.0,0.0
2012-02-08,0.3738189935684204,847612000,80.62491273845652,0.0,0.0
2012-02-09,0.37358981370925903,561944000,83.76589449432194,0.0,0.0
2012-02-10,0.36442193388938904,440268000,70.87352195751184,0.0,0.0
2012-02-13,0.37015199661254883,610668000,70.09949840636199,0.0,0.0
2012-02-14,0.372214674949646,453756000,73.08952729035451,0.0,0.0
2012-02-15,0.37061020731925964,1110856000,74.82960984353232,0.0,0.0
2012-02-16,0.3770277798175812,1888588000,75.49636352760525,0.0,0.0
2012-02-17,0.36327600479125977,1020360000,64.9571551825657,0.0,0.0
2012-02-21,0.3651095926761627,518176000,66.2920799554457,0.0,0.0
2012-02-22,0.36258843541145325,492432000,62.677936307338484,0.0,0.0
2012-02-23,0.3646512031555176,323968000,56.90774232118321,0.0,0.0
2012-02-24,0.36190080642700195,366668000,49.46992719814197,0.0,0.0
2012-02-27,0.3545665144920349,745268000,46.20468975208253,0.0,0.0
2012-02-28,0.35135775804519653,699884000,43.450396958664605,0.0,0.0
2012-02-29,0.34723228216171265,689196000,28.832246493344243,0.0,0.0
2012-03-01,0.3495241701602936,449944000,31.448790395363346,0.0,0.0
2012-03-02,0.35250380635261536,684076000,39.84385398283695,0.0,0.0
2012-03-05,0.3405855596065521,514848000,27.208437675491936,0.0,0.0
2012-03-06,0.3373768627643585,471400000,23.611198282689685,0.0,0.0
2012-03-07,0.3394395411014557,441984000,26.551741737285965,0.0,0.0
2012-03-08,0.3405855596065521,430852000,20.224688756082074,0.0,0.0
2012-03-09,0.33966878056526184,367836000,25.59238307497033,0.0,0.0
2012-03-12,0.3343971371650696,299948000,20.3538703850451,0.0,0.0
2012-03-13,0.33898118138313293,553288000,28.08514358361954,0.0,0.0
2012-03-14,0.32935500144958496,735708000,21.268732974275736,0.0,0.0
2012-03-15,0.33416813611984253,382380000,28.15893582927393,0.0,0.0
2012-03-16,0.3346264660358429,428340000,32.38868899334592,0.0,0.0
2012-03-19,0.3355432152748108,405400000,35.44302467284746,0.0,0.0
2012-03-20,0.3300425410270691,449616000,34.56787536912596,0.0,0.0
2012-03-21,0.33141762018203735,467840000,33.47274858165464,0.0,0.0
2012-03-22,0.33095937967300415,425372000,29.385878246911446,0.0,0.0
2012-03-23,0.3334804177284241,315456000,41.711068698572895,0.0,0.0
2012-03-26,0.3373768627643585,288600000,49.99998392543174,0.0,0.0
2012-03-27,0.33966878056526184,419968000,50.26181464407566,0.0,0.0
2012-03-28,0.34746137261390686,892448000,56.81813649011817,0.0,0.0
2012-03-29,0.3490659296512604,372700000,59.192934407357896,0.0,0.0
2012-03-30,0.3529622554779053,527240000,68.6639029171786,0.0,0.0
2012-04-02,0.35135775804519653,407776000,63.23533048739224,0.0,0.0
2012-04-03,0.3456278145313263,430476000,68.98387110039339,0.0,0.0
2012-04-04,0.33577239513397217,495896000,51.674513522075095,0.0,0.0
2012-04-05,0.3353141248226166,369424000,50.71776562587478,0.0,0.0
2012-04-09,0.33095937967300415,365504000,45.53577028357236,0.0,0.0
2012-04-10,0.32454174757003784,470360000,44.73674607479597,0.0,0.0
2012-04-11,0.32866740226745605,372960000,47.50012064889277,0.0,0.0
2012-04-12,0.33646002411842346,384868000,54.411680076457955,0.0,0.0
2012-04-13,0.32454174757003784,311324000,43.7699891068722,0.0,0.0
2012-04-16,0.3206455111503601,463468000,38.338675882794675,0.0,0.0
2012-04-17,0.321333110332489,460696000,36.92817788516709,0.0,0.0
2012-04-18,0.3178950548171997,400764000,27.526300035197877,0.0,0.0
2012-04-19,0.3130819797515869,667188000,23.920266954300317,0.0,0.0
2012-04-20,0.30689382553100586,509592000,17.684962363490342,0.0,0.0
2012-04-23,0.3032265305519104,706244000,17.187566559175778,0.0,0.0
2012-04-24,0.29382961988449097,730440000,16.369149799400034,0.0,0.0
2012-04-25,0.29978856444358826,727112000,25.3917867834554,0.0,0.0
2012-04-26,0.3000178933143616,539208000,25.786193029448057,0.0,0.0
2012-04-27,0.2974967360496521,475356000,26.45164855370237,0.0,0.0
2012-04-30,0.2979549765586853,262268000,29.57739587551083,0.0,0.0
2012-05-01,0.3032265305519104,408680000,30.795697543980836,0.0,0.0
2012-05-02,0.2945171594619751,684008000,18.77122308893931,0.0,0.0
2012-05-03,0.2894747257232666,419536000,20.91242198240181,0.0,0.0
2012-05-04,0.28099459409713745,545092000,19.434515676415785,0.0,0.0
2012-05-07,0.28580760955810547,604440000,24.252276659573667,0.0,0.0
2012-05-08,0.2855783700942993,462312000,25.435348061428286,0.0,0.0
2012-05-09,0.2867244482040405,520608000,28.782198828102366,0.0,0.0
2012-05-10,0.2846616208553314,597092000,30.829846003021217,0.0,0.0
2012-05-11,0.3027682602405548,1435140000,49.683618429740676,0.0,0.0
2012-05-14,0.30093467235565186,437472000,55.47699482500819,0.0,0.0
2012-05-15,0.2979549765586853,599940000,48.51850058578079,0.0,0.0
2012-05-16,0.2919960618019104,470484000,44.067814380411996,0.0,0.0
2012-05-17,0.2899331748485565,335364000,44.36853781499191,0.0,0.0
2012-05-18,0.2768689692020416,567288000,36.78168004561584,0.0,0.0
2012-05-21,0.28168219327926636,416260000,36.41630779363123,0.0,0.0
2012-05-22,0.2782441973686218,410140000,39.009333767123344,0.0,0.0
2012-05-23,0.2851200997829437,496000000,47.12998303341772,0.0,0.0
2012-05-24,0.2775566577911377,520420000,47.70643280661502,0.0,0.0
2012-05-25,0.28420332074165344,391752000,48.955277868626084,0.0,0.0
2012-05-29,0.29153749346733093,310000000,53.55189877746033,0.0,0.0
2012-05-30,0.2880997359752655,379792000,50.797926906484165,0.0,0.0
2012-05-31,0.28489089012145996,358192000,50.131267121906305,0.0,0.0
2012-06-01,0.2745771110057831,440984000,32.27663917592608,0.0,0.0
2012-06-04,0.26884719729423523,432856000,30.769217362185216,0.0,0.0
2012-06-05,0.276639848947525,365224000,37.922114451950485,0.0,0.0
2012-06-06,0.2839740812778473,368968000,45.524224157557285,0.0,0.0
2012-06-07,0.2725142538547516,526780000,41.20368004090973,0.0,0.0
2012-06-08,0.2777857482433319,370308000,50.50250267765134,0.0,0.0
2012-06-11,0.28099459409713745,839080000,49.61635381603846,0.0,0.0
2012-06-12,0.2867244482040405,496128000,54.613468123047234,0.0,0.0
2012-06-13,0.27916091680526733,494276000,46.78211816566683,0.0,0.0
2012-06-14,0.27572304010391235,589884000,48.96369227678626,0.0,0.0
2012-06-15,0.28168219327926636,385288000,48.56397501742085,0.0,0.0
2012-06-18,0.28420332074165344,304424000,45.58015936505549,0.0,0.0
2012-06-19,0.3034559488296509,960476000,57.772632101535834,0.0,0.0
2012-06-20,0.3082689046859741,972720000,61.64383555979192,0.0,0.0
2012-06-21,0.294287770986557,516376000,59.47124143356373,0.0,0.0
2012-06-22,0.2979549765586853,865360000,64.26955718056395,0.0,0.0
2012-06-25,0.2885580360889435,494616000,55.75219059855517,0.0,0.0
2012-06-26,0.2917667627334595,437152000,53.9170425504665,0.0,0.0
2012-06-27,0.3011637330055237,506064000,64.7058406581801,0.0,0.0
2012-06-28,0.3034559488296509,545896000,63.59229574174697,0.0,0.0
2012-06-29,0.31674912571907043,616508000,67.10521327196014,0.0,0.0
2012-07-02,0.3082689046859741,581684000,60.04272969944925,0.0,0.0
2012-07-03,0.31629079580307007,219284000,67.23407631472026,0.0,0.0
2012-07-05,0.3130819797515869,280076000,67.37734756006846,0.0,0.0
2012-07-06,0.30712300539016724,382760000,61.8337002131142,0.0,0.0
2012-07-09,0.302997350692749,306336000,58.61340164412276,0.0,0.0
2012-07-10,0.29382961988449097,512028000,45.13883066836904,0.0,0.0
2012-07-11,0.289016455411911,485216000,40.27779423921089,0.0,0.0
2012-07-12,0.28420332074165344,472160000,44.38784431320856,0.0,0.0
2012-07-13,0.2878703474998474,324260000,44.38773363074209,0.0,0.0
2012-07-16,0.28878727555274963,334460000,50.140863062800165,0.0,0.0
2012-07-17,0.28351572155952454,447476000,45.05495319642336,0.0,0.0
2012-07-18,0.29933029413223267,616008000,48.979658669590755,0.0,0.0
2012-07-19,0.3023098409175873,403036000,49.36701013517256,0.0,0.0
2012-07-20,0.29360029101371765,451000000,36.533346430369185,0.0,0.0
2012-07-23,0.2974967360496521,451584000,43.38033417195405,0.0,0.0
2012-07-24,0.294287770986557,351164000,35.62871210447125,0.0,0.0
2012-07-25,0.3000178933143616,415044000,41.73925544951154,0.0,0.0
2012-07-26,0.30139297246932983,338440000,46.1537882378625,0.0,0.0
2012-07-27,0.30895647406578064,376516000,53.82350388222174,0.0,0.0
2012-07-30,0.30551859736442566,363552000,58.09513247808053,0.0,0.0
2012-07-31,0.3103316128253937,387788000,64.76172512214427,0.0,0.0
2012-08-01,0.30689382553100586,335912000,66.01938358906389,0.0,0.0
2012-08-02,0.30803975462913513,367912000,64.76510335593092,0.0,0.0
2012-08-03,0.31445714831352234,326548000,67.39118446421774,0.0,0.0
2012-08-06,0.32110387086868286,360324000,74.99991665740427,0.0,0.0
2012-08-07,0.3243125379085541,407340000,69.96322834300327,0.0,0.0
2012-08-08,0.32614630460739136,517064000,69.40294137628769,0.0,0.0
2012-08-09,0.33714759349823,822300000,84.17265347077907,0.0,0.0
2012-08-10,0.33508482575416565,1278744000,80.37032632459366,0.0,0.0
2012-08-13,0.3394395411014557,447244000,85.81843958113853,0.0,0.0
2012-08-14,0.3343971371650696,388828000,77.5735622569141,0.0,0.0
2012-08-15,0.33187615871429443,594404000,74.00747758686049,0.0,0.0
2012-08-16,0.3387521505355835,371008000,73.72291855655067,0.0,0.0
2012-08-17,0.33577239513397217,309864000,74.26467971394901,0.0,0.0
2012-08-20,0.33577239513397217,314392000,72.11156987798492,0.0,0.0
2012-08-21,0.33485573530197144,340248000,75.41664521469679,0.0,0.0
2012-08-22,0.3355432152748108,313556000,75.21003649536357,0.0,0.0
2012-08-23,0.3279796838760376,379040000,62.139854510799516,0.0,0.0
2012-08-24,0.3346264660358429,347724000,62.13989502877271,0.0,0.0
2012-08-27,0.3288964331150055,340944000,53.936948547651845,0.0,0.0
2012-08-28,0.32752135396003723,310764000,51.19035259856334,0.0,0.0
2012-08-29,0.32820895314216614,250412000,40.57974277893131,0.0,0.0
2012-08-30,0.32202062010765076,307488000,37.3333501671361,0.0,0.0
2012-08-31,0.32156217098236084,485064000,31.250025987000726,0.0,0.0
2012-09-04,0.3043724000453949,694452000,24.904278211193997,0.0,0.0
2012-09-05,0.30528929829597473,480256000,27.165468120065526,0.0,0.0
2012-09-06,0.31468644738197327,657296000,30.188760237773835,0.0,0.0
2012-09-07,0.30712300539016724,781064000,28.070370329263653,0.0,0.0
2012-09-10,0.3043724000453949,371108000,26.936119718539615,0.0,0.0
2012-09-11,0.30803975462913513,382808000,31.068172778907808,0.0,0.0
2012-09-12,0.31147754192352295,322608000,33.64498969692508,0.0,0.0
2012-09-13,0.31354042887687683,433836000,39.394148867694064,0.0,0.0
2012-09-14,0.3172075152397156,339468000,36.6198348904175,0.0,0.0
2012-09-17,0.3084980547428131,493348000,35.01702784989246,0.0,0.0
2012-09-18,0.3105608820915222,359952000,37.666834824490266,0.0,0.0
2012-09-19,0.31422799825668335,451936000,40.25569521740792,0.0,0.0
2012-09-20,0.31193602085113525,320596000,42.56766415234352,0.0,0.0
2012-09-21,0.3133111596107483,340136000,44.00008466176118,0.0,0.0
2012-09-24,0.3130819797515869,357832000,58.407091354420444,0.0,0.0
2012-09-25,0.30735209584236145,481544000,51.82186359935103,0.0,0.0
2012-09-26,0.30208054184913635,436812000,37.991231942551714,0.0,0.0
2012-09-27,0.3043724000453949,558888000,47.08711740428155,0.0,0.0
2012-09-28,0.3057478368282318,485508000,51.50025733176453,0.0,0.0
2012-10-01,0.3007054626941681,504236000,42.23300760389776,0.0,0.0
2012-10-02,0.301851361989975,295492000,39.28582287849338,0.0,0.0
2012-10-03,0.29887187480926514,430872000,34.00000651974227,0.0,0.0
2012-10-04,0.31216520071029663,502608000,45.454538866067715,0.0,0.0
2012-10-05,0.3048309087753296,483068000,46.610154159112476,0.0,0.0
2012-10-08,0.301851361989975,240596000,42.08326144540072,0.0,0.0
2012-10-09,0.295433908700943,366360000,33.730139702004934,0.0,0.0
2012-10-10,0.29039156436920166,326568000,32.1969443369552,0.0,0.0
2012-10-11,0.2919960618019104,320516000,32.452985650058395,0.0,0.0
2012-10-12,0.2894747257232666,260696000,31.27278360008981,0.0,0.0
2012-10-15,0.2931419014930725,249580000,38.34590620934388,0.0,0.0
2012-10-16,0.30162230134010315,367696000,49.64296738582685,0.0,0.0
2012-10-17,0.29933029413223267,391752000,46.07162169027718,0.0,0.0
2012-10-18,0.29474636912345886,254772000,41.83673502773053,0.0,0.0
2012-10-19,0.2775566577911377,709412000,35.44674529691979,0.0,0.0
2012-10-22,0.27434778213500977,480840000,33.146149347388985,0.0,0.0
2012-10-23,0.28259894251823425,573948000,40.63331215775675,0.0,0.0
2012-10-24,0.2789316773414612,332916000,28.486836129635293,0.0,0.0
2012-10-25,0.27916091680526733,307356000,31.69956253999578,0.0,0.0
2012-10-26,0.2761813998222351,389376000,31.69957601004117,0.0,0.0
2012-10-31,0.2745771110057831,347112000,34.03532567315577,0.0,0.0
2012-11-01,0.28764116764068604,473220000,48.12497913151951,0.0,0.0
2012-11-02,0.28626611828804016,256700000,46.08149204506419,0.0,0.0
2012-11-05,0.2984135150909424,444840000,55.40172012435796,0.0,0.0
2012-11-06,0.29818421602249146,350804000,53.1791678949714,0.0,0.0
2012-11-07,0.289016455411911,324620000,42.120309885334365,0.0,0.0
2012-11-08,0.2906207740306854,839024000,44.508620519953475,0.0,0.0
2012-11-09,0.2793901562690735,846280000,41.066618830204014,0.0,0.0
2012-11-12,0.27320194244384766,643624000,47.09479692535,0.0,0.0
2012-11-13,0.27113908529281616,492120000,47.82610773149766,0.0,0.0
2012-11-14,0.26449236273765564,619300000,37.46022003677595,0.0,0.0
2012-11-15,0.26563841104507446,466688000,40.46056405449744,0.0,0.0
2012-11-16,0.2608252465724945,624552000,37.654288372228436,0.0,0.0
2012-11-19,0.2681596577167511,404092000,44.89802468619844,0.0,0.0
2012-11-20,0.2650454342365265,336976000,44.05192422078983,0.0,0.0
2012-11-21,0.27265769243240356,422312000,39.967177854035334,0.0,0.0
2012-11-23,0.2745031416416168,276932000,42.17290435079397,0.0,0.0
2012-11-26,0.27934733033180237,364600000,35.94757808916425,0.0,0.0
2012-11-27,0.2805005609989166,451404000,37.14167072357689,0.0,0.0
2012-11-28,0.2828074097633362,398332000,44.984812451870454,0.0,0.0
2012-11-29,0.27773261070251465,488688000,40.142590973344305,0.0,0.0
2012-11-30,0.27611783146858215,460504000,47.065546434788644,0.0,0.0
2012-12-03,0.27104294300079346,391380000,48.02446924640313,0.0,0.0
2012-12-04,0.27911660075187683,528068000,56.57616274041641,0.0,0.0
2012-12-05,0.27588704228401184,633024000,59.95384283221874,0.0,0.0
2012-12-06,0.2763485312461853,412896000,59.46909418501694,0.0,0.0
2012-12-07,0.27588704228401184,338288000,64.42663882223758,0.0,0.0
2012-12-10,0.285114049911499,513644000,65.67125311769155,0.0,0.0
2012-12-11,0.2918037176132202,816724000,73.1997418239215,0.0,0.0
2012-12-12,0.2888048589229584,399404000,65.21710544885215,0.0,0.0
2012-12-13,0.2890355587005615,377556000,64.12526302468491,0.0,0.0
2012-12-14,0.2904197573661804,338660000,61.538285912472745,0.0,0.0
2012-12-17,0.28926631808280945,445232000,59.13452287895651,0.0,0.0
2012-12-18,0.2897275984287262,416436000,57.49978391599798,0.0,0.0
2012-12-19,0.2918037176132202,458544000,66.30971662437024,0.0,0.0
2012-12-20,0.2915729880332947,334332000,68.50777966442931,0.0,0.0
2012-12-21,0.28488343954086304,462172000,65.95711115865555,0.0,0.0
2012-12-24,0.28257670998573303,127376000,54.60108899008826,0.0,0.0
2012-12-26,0.2823460102081299,196740000,59.33321688189432,0.0,0.0
2012-12-27,0.2805005609989166,299804000,55.76894310403928,0.0,0.0
2012-12-28,0.27911660075187683,220600000,54.375080308009196,0.0,0.0
2012-12-31,0.2828074097633362,326460000,46.32372946554303,0.0,0.0
2013-01-02,0.29341837763786316,478836000,52.28745499258863,0.0,0.0
2013-01-03,0.2936491370201111,298888000,57.44689295723444,0.0,0.0
2013-01-04,0.303337424993515,524968000,67.0329119165211,0.0,0.0
2013-01-07,0.29457181692123413,610732000,54.20550577719468,0.0,0.0
2013-01-08,0.288112998008728,466424000,48.94518137813641,0.0,0.0
2013-01-09,0.2816539704799652,695020000,43.34599405289727,0.0,0.0
2013-01-10,0.28211545944213867,506368000,41.796954591340544,0.0,0.0
2013-01-11,0.2816539704799652,513172000,41.634261536406335,0.0,0.0
2013-01-14,0.28142333030700684,305684000,46.724903329083446,0.0,0.0
2013-01-15,0.2763485312461853,375888000,44.3983837885071,0.0,0.0
2013-01-16,0.27888599038124084,337376000,47.012038847042085,0.0,0.0
2013-01-17,0.28257670998573303,580736000,51.73750124491469,0.0,0.0
2013-01-18,0.280731201171875,397088000,51.34087612607169,0.0,0.0
2013-01-22,0.27934733033180237,308224000,47.011981222584005,0.0,0.0
2013-01-23,0.2798086702823639,421808000,35.74893254632531,0.0,0.0
2013-01-24,0.2811926603317261,396980000,37.2640994559985,0.0,0.0
2013-01-25,0.28626754879951477,393920000,30.729261392167246,0.0,0.0
2013-01-28,0.29088103771209717,422492000,45.402318005834694,0.0,0.0
2013-01-29,0.2846527397632599,388872000,45.66458227581971,0.0,0.0
2013-01-30,0.2841915190219879,287592000,53.74165915588989,0.0,0.0
2013-01-31,0.2828074097633362,470544000,50.99325272836143,0.0,0.0
2013-02-01,0.28534483909606934,288816000,55.00010429671894,0.0,0.0
2013-02-04,0.2805005609989166,511744000,48.88878627381154,0.0,0.0
2013-02-05,0.28695955872535706,367296000,62.36553071637835,0.0,0.0
2013-02-06,0.2846527397632599,530688000,56.75657770394014,0.0,0.0
2013-02-07,0.28349947929382324,440000000,51.14949236511805,0.0,0.0
2013-02-08,0.28534483909606934,307232000,55.74729304584206,0.0,0.0
2013-02-11,0.2885742485523224,408308000,60.988883000739264,0.0,0.0
2013-02-12,0.2867288887500763,277804000,57.97866667112632,0.0,0.0
2013-02-13,0.28534483909606934,856396000,54.787241943487096,0.0,0.0
2013-02-14,0.2936491370201111,882096000,57.92075726233931,0.0,0.0
2013-02-15,0.2936491370201111,733860000,53.29668162352681,0.0,0.0
2013-02-19,0.2897275984287262,433552000,56.395335051649816,0.0,0.0
2013-02-20,0.2855754494667053,713012000,51.59558436811466,0.0,0.0
2013-02-21,0.28349947929382324,580408000,50.78537481970594,0.0,0.0
2013-02-22,0.2888048589229584,370148000,53.694465216129366,0.0,0.0
2013-02-25,0.28373000025749207,644444000,53.4313634826232,0.0,0.0
2013-02-26,0.28709542751312256,487504000,50.15450723016465,0.0,0.0
2013-02-27,0.2924335300922394,476980000,58.278271124462236,0.0,0.0
2013-02-28,0.29382604360580444,591392000,60.93116854615709,0.0,0.0
2013-03-01,0.29498645663261414,389396000,60.35629492208943,0.0,0.0
2013-03-04,0.29382604360580444,353680000,55.90346625108672,0.0,0.0
2013-03-05,0.2970753312110901,366168000,61.27444748921982,0.0,0.0
2013-03-06,0.2968432307243347,342928000,62.85238530387959,0.0,0.0
2013-03-07,0.2961469292640686,314824000,53.36405922146782,0.0,0.0
2013-03-08,0.29753944277763367,246464000,55.050099340809716,0.0,0.0
2013-03-11,0.29475435614585876,299748000,56.72374581899206,0.0,0.0
2013-03-12,0.29568275809288025,310856000,64.7954426417338,0.0,0.0
2013-03-13,0.29568275809288025,485840000,68.98839762801445,0.0,0.0
2013-03-14,0.29591473937034607,383304000,63.16280445600464,0.0,0.0
2013-03-15,0.2933618426322937,355776000,69.66847080665835,0.0,0.0
2013-03-18,0.29127299785614014,298312000,58.999913046484174,0.0,0.0
2013-03-19,0.2894164025783539,355480000,42.35290223315393,0.0,0.0
2013-03-20,0.2928975522518158,340588000,47.87196237217808,0.0,0.0
2013-03-21,0.28825587034225464,339032000,36.69698205322655,0.0,0.0
2013-03-22,0.2896483540534973,232476000,41.81783838795478,0.0,0.0
2013-03-25,0.28802379965782166,362076000,31.067360764155538,0.0,0.0
2013-03-26,0.29011255502700806,232540000,36.9364124283035,0.0,0.0
2013-03-27,0.29359397292137146,254944000,45.528381180587935,0.0,0.0
2013-03-28,0.2977716624736786,349276000,50.37056205752584,0.0,0.0
2013-04-01,0.28802379965782166,442828000,41.21205331916522,0.0,0.0
2013-04-02,0.285006582736969,371524000,36.7813792885516,0.0,0.0
2013-04-03,0.281525194644928,353156000,33.86215847742743,0.0,0.0
2013-04-04,0.28431031107902527,294676000,37.499972638477395,0.0,0.0
2013-04-05,0.2891841232776642,551352000,45.71414155309955,0.0,0.0
2013-04-08,0.2884879410266876,326660000,47.058805911604374,0.0,0.0
2013-04-09,0.2931297719478607,380584000,53.703640266323106,0.0,0.0
2013-04-10,0.2977716624736786,384688000,54.751331601795584,0.0,0.0
2013-04-11,0.2963789701461792,969220000,58.453990653238,0.0,0.0
2013-04-12,0.3038058280944824,770548000,63.09002561690858,0.0,0.0
2013-04-15,0.29753944277763367,430420000,58.10266768660582,0.0,0.0
2013-04-16,0.3007887005805969,468844000,58.91466282246365,0.0,0.0
2013-04-17,0.2968432307243347,532948000,52.692282360733216,0.0,0.0
2013-04-18,0.29104092717170715,402548000,44.56919798542895,0.0,0.0
2013-04-19,0.2917371690273285,303028000,53.508682680696,0.0,0.0
2013-04-22,0.2922013998031616,245568000,57.14284971185562,0.0,0.0
2013-04-23,0.2998603880405426,376948000,66.80853604029792,0.0,0.0
2013-04-24,0.31007227301597595,556556000,70.78647870641147,0.0,0.0
2013-04-25,0.3126254379749298,353224000,69.64989466608583,0.0,0.0
2013-04-26,0.3112327456474304,324332000,68.84597166580257,0.0,0.0
2013-04-29,0.3149462640285492,269712000,68.35921938761406,0.0,0.0
2013-04-30,0.31958794593811035,276712000,68.35910829212429,0.0,0.0
2013-05-01,0.3168030083179474,341316000,66.79396511052198,0.0,0.0
2013-05-02,0.32051628828048706,323480000,64.63413940452514,0.0,0.0
2013-05-03,0.3219088315963745,293864000,73.33327943071527,0.0,0.0
2013-05-06,0.3209805488586426,217116000,70.2326092713461,0.0,0.0
2013-05-07,0.3168030083179474,448068000,69.90748448845832,0.0,0.0
2013-05-08,0.3226052522659302,334032000,81.48167450278767,0.0,0.0
2013-05-09,0.3228372633457184,566800000,81.30858625392848,0.0,0.0
2013-05-10,0.33745884895324707,861136000,85.4546667927291,0.0,0.0
2013-05-13,0.3304963707923889,289812000,74.26501467181373,0.0,0.0
2013-05-14,0.33537015318870544,454140000,71.88784614208957,0.0,0.0
2013-05-15,0.34117236733436584,313172000,73.38423469249958,0.0,0.0
2013-05-16,0.3395477533340454,308368000,73.10646102996986,0.0,0.0
2013-05-17,0.3451180160045624,312116000,73.89747044705423,0.0,0.0
2013-05-20,0.34442174434661865,236380000,70.98083746557917,0.0,0.0
2013-05-21,0.34803739190101624,357784000,76.02310196446527,0.0,0.0
2013-05-22,0.3359072506427765,480404000,61.24582119684563,0.0,0.0
2013-05-23,0.3412724733352661,393884000,63.37224398194336,0.0,0.0
2013-05-24,0.3391730785369873,283304000,62.363510193562206,0.0,0.0
2013-05-28,0.3389398753643036,279300000,65.89626832310121,0.0,0.0
2013-05-29,0.3368404805660248,335052000,60.79631929061462,0.0,0.0
2013-05-30,0.3412724733352661,284504000,63.14429615124494,0.0,0.0
2013-05-31,0.3375402092933655,577508000,50.06866188364351,0.0,0.0
2013-06-03,0.3370737135410309,444468000,56.23550867506942,0.0,0.0
2013-06-04,0.3375402092933655,363676000,52.24485740741579,0.0,0.0
2013-06-05,0.3303089439868927,464520000,39.084754580882766,0.0,0.0
2013-06-06,0.3324081599712372,341044000,42.89411464075562,0.0,0.0
2013-06-07,0.3370737135410309,274584000,41.846850917545915,0.0,0.0
2013-06-10,0.3368404805660248,224148000,42.243349696624094,0.0,0.0
2013-06-11,0.3305421769618988,296336000,33.031536800144764,0.0,0.0
2013-06-12,0.32774296402931213,312588000,40.331529426472706,0.0,0.0
2013-06-13,0.3352075219154358,236256000,43.15784783672484,0.0,0.0
2013-06-14,0.3347410261631012,236012000,44.808731144284636,0.0,0.0
2013-06-17,0.3380068838596344,255336000,48.9796606466341,0.0,0.0
2013-06-18,0.3359072506427765,486772000,48.979405233027684,0.0,0.0
2013-06-19,0.3461713492870331,1159588000,54.75131489322317,0.0,0.0
2013-06-20,0.3368404805660248,628696000,49.38781558304524,0.0,0.0
2013-06-21,0.336373895406723,714228000,49.38773832132486,0.0,0.0
2013-06-24,0.3293759524822235,580772000,43.589897200175685,0.0,0.0
2013-06-25,0.3317084312438965,457360000,51.190351135617526,0.0,0.0
2013-06-26,0.32984235882759094,579752000,47.808902355336045,0.0,0.0
2013-06-27,0.32680973410606384,808036000,40.983522657536696,0.0,0.0
2013-06-28,0.3275096118450165,431536000,41.86987555030751,0.0,0.0
2013-07-01,0.328909307718277,199524000,48.44445877758122,0.0,0.0
2013-07-02,0.3286760747432709,256392000,50.93459137814309,0.0,0.0
2013-07-03,0.32960909605026245,140388000,43.54847496804619,0.0,0.0
2013-07-05,0.3321751058101654,184684000,47.17954892725167,0.0,0.0
2013-07-08,0.3305421769618988,262084000,41.4893325526636,0.0,0.0
2013-07-09,0.3321751058101654,157364000,45.69912638768024,0.0,0.0
2013-07-10,0.33660706877708435,208468000,37.26670557136855,0.0,0.0
2013-07-11,0.3412724733352661,239832000,56.737417983831854,0.0,0.0
2013-07-12,0.3415057957172394,216360000,57.857128483667545,0.0,0.0
2013-07-15,0.3408060371875763,201332000,71.68125879266395,0.0,0.0
2013-07-16,0.342672199010849,162560000,71.17125608315251,0.0,0.0
2013-07-17,0.3408060371875763,166100000,71.17101033410574,0.0,0.0
2013-07-18,0.33940643072128296,344488000,75.96174149703604,0.0,0.0
2013-07-19,0.3321751058101654,480532000,57.57591324073462,0.0,0.0
2013-07-22,0.3319419026374817,292384000,55.11827271189036,0.0,0.0
2013-07-23,0.33147525787353516,246792000,54.68739793961565,0.0,0.0
2013-07-24,0.33147525787353516,284252000,53.22579066095141,0.0,0.0
2013-07-25,0.3326416313648224,243320000,50.84740790918429,0.0,0.0
2013-07-26,0.3312419056892395,227360000,51.28187658235008,0.0,0.0
2013-07-29,0.3305421769618988,179540000,46.90254090789139,0.0,0.0
2013-07-30,0.33614063262939453,266076000,49.15270638731938,0.0,0.0
2013-07-31,0.3368404805660248,270160000,40.59434463004698,0.0,0.0
2013-08-01,0.3415057957172394,277648000,49.999974993142885,0.0,0.0
2013-08-02,0.3443049192428589,209628000,55.81367877363869,0.0,0.0
2013-08-05,0.3459378480911255,185188000,55.468526707201626,0.0,0.0
2013-08-06,0.3408060371875763,206608000,49.99997886735243,0.0,0.0
2013-08-07,0.34057265520095825,244380000,51.82460558221658,0.0,0.0
2013-08-08,0.3429054617881775,345696000,69.8274124083873,0.0,0.0
2013-08-09,0.3380068838596344,906224000,59.55873577067868,0.0,0.0
2013-08-12,0.3352075219154358,257568000,55.47934414025267,0.0,0.0
2013-08-13,0.336373895406723,197468000,56.95356539630725,0.0,0.0
2013-08-14,0.35060325264930725,828508000,68.59887558037947,0.0,0.0
2013-08-15,0.35293594002723694,723616000,72.03791256730693,0.0,0.0
2013-08-16,0.3543354868888855,660456000,73.83162220262406,0.0,0.0
2013-08-19,0.34873709082603455,393432000,62.616749631812056,0.0,0.0
2013-08-20,0.3504955470561981,234192000,63.3930474787244,0.0,0.0
2013-08-21,0.3488543927669525,261540000,57.662120502380375,0.0,0.0
2013-08-22,0.3507297933101654,129016000,56.83056062879185,0.0,0.0
2013-08-23,0.3507297933101654,245120000,55.27776820731198,0.0,0.0
2013-08-26,0.35143327713012695,300152000,62.969838617667286,0.0,0.0
2013-08-27,0.3469788432121277,277464000,57.08803593831889,0.0,0.0
2013-08-28,0.3469788432121277,318824000,54.752250811495095,0.0,0.0
2013-08-29,0.34627553820610046,276216000,60.69350601912796,0.0,0.0
2013-08-30,0.34580668807029724,378120000,64.58674170100261,0.0,0.0
2013-09-03,0.34604090452194214,284680000,63.654217153572255,0.0,0.0
2013-09-04,0.34932321310043335,222080000,47.382544801742775,0.0,0.0
2013-09-05,0.35026106238365173,174904000,44.19949802986938,0.0,0.0
2013-09-06,0.3488543927669525,226756000,38.11788873181818,0.0,0.0
2013-09-09,0.3547154366970062,246408000,62.814087223341055,0.0,0.0
2013-09-10,0.36221781373023987,292132000,70.16134582194985,0.0,0.0
2013-09-11,0.3683133125305176,396164000,79.0210945944837,0.0,0.0
2013-09-12,0.3680788576602936,303808000,77.20608350159,0.0,0.0
2013-09-13,0.3704233169555664,159696000,78.76731708893328,0.0,0.0
2013-09-16,0.37065771222114563,231412000,78.47229205750332,0.0,0.0
2013-09-17,0.3718299865722656,168608000,90.76934251982352,0.0,0.0
2013-09-18,0.3751122057437897,268168000,91.66676842538247,0.0,0.0
2013-09-19,0.37347114086151123,227572000,89.1893296281829,0.0,0.0
2013-09-20,0.3701888620853424,356036000,82.49990564970108,0.0,0.0
2013-09-23,0.36667221784591675,271244000,75.28745140488532,0.0,0.0
2013-09-24,0.3680788576602936,229732000,74.09641655108493,0.0,0.0
2013-09-25,0.3685477375984192,233156000,73.78046519364125,0.0,0.0
2013-09-26,0.36737555265426636,148816000,74.23318393189813,0.0,0.0
2013-09-27,0.3652656078338623,151920000,65.30635181650803,0.0,0.0
2013-09-30,0.36479663848876953,226640000,54.70072556204144,0.0,0.0
2013-10-01,0.36456218361854553,226976000,41.30426995226342,0.0,0.0
2013-10-02,0.36432769894599915,162036000,41.30421288107803,0.0,0.0
2013-10-03,0.3605765402317047,436768000,28.57120732713625,0.0,0.0
2013-10-04,0.3655000925064087,246228000,40.67833442768825,0.0,0.0
2013-10-07,0.3655000925064087,169952000,38.0533918194262,0.0,0.0
2013-10-08,0.3624522387981415,290712000,25.893212204567604,0.0,0.0
2013-10-09,0.35682547092437744,275860000,22.48085800880368,0.0,0.0
2013-10-10,0.3608109951019287,223484000,34.848517234013485,0.0,0.0
2013-10-11,0.3577633798122406,213704000,35.38480372275609,0.0,0.0
2013-10-14,0.3631556034088135,166628000,42.85729839690328,0.0,0.0
2013-10-15,0.36127999424934387,208820000,39.86941047372036,0.0,0.0
2013-10-16,0.36573442816734314,210072000,47.904177222208304,0.0,0.0
2013-10-17,0.36643779277801514,213324000,51.55270774412807,0.0,0.0
2013-10-18,0.37065771222114563,255068000,57.062032289713315,0.0,0.0
2013-10-21,0.3715955317020416,195008000,58.33326690050132,0.0,0.0
2013-10-22,0.36972010135650635,179452000,56.14989753907474,0.0,0.0
2013-10-23,0.3633899390697479,252216000,53.030339564921476,0.0,0.0
2013-10-24,0.3608109951019287,236436000,44.68061388185228,0.0,0.0
2013-10-25,0.3572944700717926,330492000,41.379222596378206,0.0,0.0
2013-10-28,0.356591135263443,394024000,43.523296111606236,0.0,0.0
2013-10-29,0.3570599853992462,387952000,50.29246921771339,0.0,0.0
2013-10-30,0.35682547092437744,204032000,44.51613357544244,0.0,0.0
2013-10-31,0.3561221957206726,293368000,47.586077260213486,0.0,0.0
2013-11-01,0.3577633798122406,206136000,41.085259937883414,0.0,0.0
2013-11-04,0.3474476933479309,410264000,32.12115006899283,0.0,0.0
2013-11-05,0.3469788432121277,422368000,22.972985756843713,0.0,0.0
2013-11-06,0.34932321310043335,198044000,26.451401650197568,0.0,0.0
2013-11-07,0.3411175608634949,553076000,13.372040685525121,0.0,0.0
2013-11-08,0.36479663848876953,734532000,44.609677834994,0.0,0.0
2013-11-11,0.36784443259239197,297624000,48.54005735051835,0.0,0.0
2013-11-12,0.3685477375984192,316032000,54.39998578559977,0.0,0.0
2013-11-13,0.3786289095878601,332792000,63.475214695679036,0.0,0.0
2013-11-14,0.38027000427246094,307980000,67.88307362001801,0.0,0.0
2013-11-15,0.3790978491306305,450332000,67.39124170721354,0.0,0.0
2013-11-18,0.3699544370174408,316948000,58.78588443562888,0.0,0.0
2013-11-19,0.3639437258243561,206716000,54.49623729279659,0.0,0.0
2013-11-20,0.35852229595184326,204776000,51.430736353717,0.0,0.0
2013-11-21,0.36135080456733704,213568000,52.10867293988578,0.0,0.0
2013-11-22,0.3578150272369385,158668000,56.62166561643063,0.0,0.0
2013-11-25,0.365593820810318,248208000,60.874081670951114,0.0,0.0
2013-11-26,0.36865806579589844,753176000,61.20040247745436,0.0,0.0
2013-11-27,0.37007230520248413,181272000,68.20554612537804,0.0,0.0
2013-11-29,0.3677152097225189,116964000,52.50736245373265,0.0,0.0
2013-12-02,0.37125083804130554,373872000,52.90213989877374,0.0,0.0
2013-12-03,0.37101510167121887,290560000,52.11898790680785,0.0,0.0
2013-12-04,0.37620094418525696,493176000,47.72340008537397,0.0,0.0
2013-12-05,0.37007230520248413,271812000,41.180314752770826,0.0,0.0
2013-12-06,0.36465078592300415,281000000,38.3606940026641,0.0,0.0
2013-12-09,0.35852229595184326,385220000,40.319390503942934,0.0,0.0
2013-12-10,0.3667723536491394,524268000,52.30771552064608,0.0,0.0
2013-12-11,0.36323657631874084,414156000,53.9682133752344,0.0,0.0
2013-12-12,0.3561650514602661,258724000,45.92591790453869,0.0,0.0
2013-12-13,0.354043573141098,184588000,46.96969003080955,0.0,0.0
2013-12-16,0.35451507568359375,237620000,39.914058595532346,0.0,0.0
2013-12-17,0.3561650514602661,274104000,38.32591368672646,0.0,0.0
2013-12-18,0.36111512780189514,426232000,42.14878668717789,0.0,0.0
2013-12-19,0.3625294268131256,258544000,45.378123865466726,0.0,0.0
2013-12-20,0.369836688041687,382080000,48.81901438726268,0.0,0.0
2013-12-23,0.37195801734924316,168568000,50.76338687100883,0.0,0.0
2013-12-24,0.37290090322494507,79600000,47.131126936890425,0.0,0.0
2013-12-26,0.3693651258945465,168920000,49.35618357964491,0.0,0.0
2013-12-27,0.3714866042137146,210976000,56.62102769838424,0.0,0.0
2013-12-30,0.37643659114837646,248180000,67.7568050162026,0.0,0.0
2013-12-31,0.3776151239871979,235776000,62.49974791780388,0.0,0.0
2014-01-02,0.3738437294960022,260092000,62.16205354516662,0.0,0.0
2014-01-03,0.3693651258945465,259332000,66.09190598932213,0.0,0.0
2014-01-06,0.3743151128292084,409492000,73.11825987629679,0.0,0.0
2014-01-07,0.3804437816143036,333288000,76.19045464177252,0.0,0.0
2014-01-08,0.38562941551208496,308192000,77.77772602845383,0.0,0.0
2014-01-09,0.37125083804130554,292172000,58.11317435780498,0.0,0.0
2014-01-10,0.37077954411506653,218492000,56.705065194530505,0.0,0.0
2014-01-13,0.36205795407295227,243332000,43.820088340454,0.0,0.0
2014-01-14,0.37337222695350647,241828000,50.98032798084515,0.0,0.0
2014-01-15,0.3773794174194336,175044000,52.97800332491153,0.0,0.0
2014-01-16,0.37855806946754456,220652000,56.31071526664573,0.0,0.0
2014-01-17,0.3769080340862274,340400000,53.74591190410232,0.0,0.0
2014-01-21,0.3783223330974579,246076000,51.3698694693915,0.0,0.0
2014-01-22,0.3778509199619293,337940000,50.173059561498334,0.0,0.0
2014-01-23,0.37643659114837646,185028000,51.97131071570054,0.0,0.0
2014-01-24,0.3667723536491394,246696000,48.172812441688606,0.0,0.0
2014-01-27,0.36441516876220703,233812000,42.75867778015452,0.0,0.0
2014-01-28,0.3679508566856384,167996000,40.50174808380884,0.0,0.0
2014-01-29,0.36441516876220703,162944000,33.45594818988923,0.0,0.0
2014-01-30,0.3705436587333679,202896000,49.36704449739641,0.0,0.0
2014-01-31,0.37007230520248413,335348000,49.36699182515479,0.0,0.0
2014-02-03,0.3651221990585327,431728000,52.94111849388727,0.0,0.0
2014-02-04,0.36724361777305603,280692000,42.85709909868048,0.0,0.0
2014-02-05,0.3639437258243561,214676000,34.07820137760723,0.0,0.0
2014-02-06,0.36865806579589844,168380000,39.175218863074164,0.0,0.0
2014-02-07,0.37407955527305603,157248000,47.142933259583494,0.0,0.0
2014-02-10,0.3752579987049103,324372000,46.889876017173215,0.0,0.0
2014-02-11,0.38303661346435547,235384000,54.583313898690555,0.0,0.0
2014-02-12,0.39670810103416443,744528000,64.72610275827503,0.0,0.0
2014-02-13,0.4092009365558624,902836000,79.60530150812426,0.0,0.0
2014-02-14,0.42216530442237854,817536000,85.10038478133185,0.0,0.0
2014-02-18,0.42192959785461426,428988000,84.1792196768559,0.0,0.0
2014-02-19,0.4275866746902466,450340000,88.95356489898535,0.0,0.0
2014-02-20,0.44267240166664124,398088000,90.05243628790271,0.0,0.0
2014-02-21,0.43937253952026367,451052000,87.30978202143797,0.0,0.0
2014-02-24,0.44573676586151123,403112000,92.75023783241447,0.0,0.0
2014-02-25,0.443724125623703,242184000,90.60477519546083,0.0,0.0
2014-02-26,0.44301387667655945,360884000,93.16664331404591,0.0,0.0
2014-02-27,0.43804141879081726,388848000,87.77189231406841,0.0,0.0
2014-02-28,0.43520012497901917,321692000,84.23545270869515,0.0,0.0
2014-03-03,0.433069109916687,375948000,82.03982013102082,0.0,0.0
2014-03-04,0.43756788969039917,260344000,81.36224987679837,0.0,0.0
2014-03-05,0.441356360912323,241472000,78.97177747594826,0.0,0.0
2014-03-06,0.43520012497901917,290144000,68.38225697798856,0.0,0.0
2014-03-07,0.43472644686698914,268452000,60.78626311806632,0.0,0.0
2014-03-10,0.4283335506916046,300888000,54.97318963190512,0.0,0.0
2014-03-11,0.4325955808162689,297220000,53.97596902890228,0.0,0.0
2014-03-12,0.4337795674800873,239428000,40.941902483403126,0.0,0.0
2014-03-13,0.42004624009132385,385172000,33.76521271918003,0.0,0.0
2014-03-14,0.42194050550460815,460048000,28.387198175401053,0.0,0.0
2014-03-17,0.42194050550460815,299656000,29.46439683850697,0.0,0.0
2014-03-18,0.4318852424621582,293904000,41.06465520867189,0.0,0.0
2014-03-19,0.4394620954990387,366168000,51.094879485130335,0.0,0.0
2014-03-20,0.4396989643573761,191800000,53.61217053276653,0.0,0.0
2014-03-21,0.438988596200943,566116000,54.86378631513713,0.0,0.0
2014-03-24,0.43685755133628845,306096000,49.392703202715516,0.0,0.0
2014-03-25,0.43685755133628845,304424000,45.88745206857753,0.0,0.0
2014-03-26,0.426912784576416,557756000,42.91495463020652,0.0,0.0
2014-03-27,0.42123013734817505,540728000,39.405309208823866,0.0,0.0
2014-03-28,0.4238347113132477,398820000,46.245040418923246,0.0,0.0
2014-03-31,0.4240715503692627,273404000,42.372942151249724,0.0,0.0
2014-04-01,0.44159314036369324,656272000,55.409710993434665,0.0,0.0
2014-04-02,0.438751757144928,239948000,65.25088693543977,0.0,0.0
2014-04-03,0.44348737597465515,599548000,66.7895912839899,0.0,0.0
2014-04-04,0.4297541677951813,368032000,55.01514558703601,0.0,0.0
2014-04-07,0.43117475509643555,428576000,49.48793700736178,0.0,0.0
2014-04-08,0.4465654194355011,470692000,54.60117492889782,0.0,0.0
2014-04-09,0.44609203934669495,421968000,54.12846094873585,0.0,0.0
2014-04-10,0.43520012497901917,372748000,47.837825780130174,0.0,0.0
2014-04-11,0.42904379963874817,353112000,45.736403925824945,0.0,0.0
2014-04-14,0.4337795674800873,290184000,48.40301917794153,0.0,0.0
2014-04-15,0.43685755133628845,304636000,55.55557276379747,0.0,0.0
2014-04-16,0.4378047287464142,235136000,59.77654745642849,0.0,0.0
2014-04-17,0.4394620954990387,153532000,59.32200169270435,0.0,0.0
2014-04-21,0.44301387667655945,117004000,60.86954948916609,0.0,0.0
2014-04-22,0.4468022286891937,255120000,53.54834204445456,0.0,0.0
2014-04-23,0.452011376619339,261580000,58.74998668636697,0.0,0.0
2014-04-24,0.4560367166996002,391492000,58.35964037607802,0.0,0.0
2014-04-25,0.44348737597465515,313600000,59.29486805734032,0.0,0.0
2014-04-28,0.44159314036369324,226788000,57.00641601060366,0.0,0.0
2014-04-29,0.4425402581691742,171300000,46.640381600647345,0.0,0.0
2014-04-30,0.43733108043670654,305740000,43.22336664770369,0.0,0.0
2014-05-01,0.4396989643573761,198104000,54.00843273931984,0.0,0.0
2014-05-02,0.43638405203819275,156376000,56.888930873770065,0.0,0.0
2014-05-05,0.4411196708679199,239260000,56.88881029196581,0.0,0.0
2014-05-06,0.43212196230888367,416188000,46.000009259080606,0.0,0.0
2014-05-07,0.4325955808162689,293900000,45.56452777676991,0.0,0.0
2014-05-08,0.43804141879081726,432728000,48.863630837677746,0.0,0.0
2014-05-09,0.4273862838745117,539532000,38.77543862602283,0.0,0.0
2014-05-12,0.43993574380874634,299856000,45.619433233359786,0.0,0.0
2014-05-13,0.4328322410583496,221104000,38.05318829263647,0.0,0.0
2014-05-14,0.4285701513290405,214320000,32.94121080962587,0.0,0.0
2014-05-15,0.42620235681533813,325896000,37.71044960876641,0.0,0.0
2014-05-16,0.4252553880214691,283960000,38.22534560899667,0.0,0.0
2014-05-19,0.438988596200943,360076000,47.83863845916409,0.0,0.0
2014-05-20,0.43387436866760254,256200000,47.893986333233194,0.0,0.0
2014-05-21,0.43387436866760254,216712000,46.34592055555863,0.0,0.0
2014-05-22,0.4357774257659912,130364000,49.6125597778317,0.0,0.0
2014-05-23,0.43982115387916565,182656000,49.16327831227844,0.0,0.0
2014-05-27,0.44767072796821594,209680000,60.16946663101017,0.0,0.0
2014-05-28,0.45147669315338135,224676000,61.833144359893424,0.0,0.0
2014-05-29,0.4507630467414856,171884000,58.47560962287735,0.0,0.0
2014-05-30,0.45195242762565613,239128000,68.72914713831132,0.0,0.0
2014-06-02,0.45052528381347656,181500000,59.72224335156522,0.0,0.0
2014-06-03,0.4486222565174103,243212000,66.02726080937194,0.0,0.0
2014-06-04,0.44909799098968506,161236000,72.5712107387684,0.0,0.0
2014-06-05,0.45100098848342896,188696000,77.54870985443323,0.0,0.0
2014-06-06,0.4526660144329071,161052000,79.97219799085238,0.0,0.0
2014-06-09,0.4531417787075043,247456000,71.79470198255856,0.0,0.0
2014-06-10,0.45552048087120056,217608000,86.39986550314497,0.0,0.0
2014-06-11,0.4614671766757965,266228000,88.66653665717493,0.0,0.0
2014-06-12,0.4643215835094452,337148000,88.96087341796945,0.0,0.0
2014-06-13,0.4647974669933319,227852000,87.76967049123779,0.0,0.0
2014-06-16,0.4633702039718628,198620000,79.46413109393423,0.0,0.0
2014-06-17,0.46646246314048767,157608000,78.89885015271842,0.0,0.0
2014-06-18,0.4659867286682129,215536000,79.6295217862735,0.0,0.0
2014-06-19,0.45528262853622437,474592000,54.72974056849166,0.0,0.0
2014-06-20,0.4502873718738556,353148000,49.69317983309011,0.0,0.0
2014-06-23,0.4450543224811554,414200000,45.762822619879074,0.0,0.0
2014-06-24,0.4381560981273651,275780000,38.725582888645405,0.0,0.0
2014-06-25,0.44267547130584717,215420000,41.860338464318666,0.0,0.0
2014-06-26,0.4367287755012512,256908000,35.62227651972357,0.0,0.0
2014-06-27,0.4372045397758484,302820000,35.62227651972357,0.0,0.0
2014-06-30,0.441010445356369,180512000,37.238443537024466,0.0,0.0
2014-07-01,0.4460057020187378,321180000,36.17020257274703,0.0,0.0
2014-07-02,0.44434064626693726,179284000,31.739159970599175,0.0,0.0
2014-07-03,0.4483843743801117,136892000,35.91818818710878,0.0,0.0
2014-07-07,0.44481638073921204,127496000,34.6455435787109,0.0,0.0
2014-07-08,0.44124835729599,221940000,29.29677210268855,0.0,0.0
2014-07-09,0.4545690417289734,387668000,42.25804423793589,0.0,0.0
2014-07-10,0.4521903395652771,266308000,47.63635012768147,0.0,0.0
2014-07-11,0.4531417787075043,191188000,52.32556381186578,0.0,0.0
2014-07-14,0.4588507413864136,272636000,61.15386956359071,0.0,0.0
2014-07-15,0.4607536494731903,395440000,69.8745258015102,0.0,0.0
2014-07-16,0.46027788519859314,319728000,66.66676186504662,0.0,0.0
2014-07-17,0.4590885043144226,324832000,73.26733486188886,0.0,0.0
2014-07-18,0.43863168358802795,567816000,51.048887546077545,0.0,0.0
2014-07-21,0.44124835729599,243364000,50.177957008817074,0.0,0.0
2014-07-22,0.4393453598022461,298816000,44.77612143144601,0.0,0.0
2014-07-23,0.43006840348243713,297352000,39.99996709494363,0.0,0.0
2014-07-24,0.43078210949897766,254576000,37.06305074738423,0.0,0.0
2014-07-25,0.42317020893096924,266132000,34.98355487460418,0.0,0.0
2014-07-28,0.42150506377220154,330352000,35.93221522469541,0.0,0.0
2014-07-29,0.42293235659599304,217972000,22.857391593313096,0.0,0.0
2014-07-30,0.43006840348243713,246184000,32.45292610116839,0.0,0.0
2014-07-31,0.4162719249725342,401880000,25.70548335799394,0.0,0.0
2014-08-01,0.42079147696495056,219884000,24.522396535164816,0.0,0.0
2014-08-04,0.4198400378227234,241724000,22.258250503036876,0.0,0.0
2014-08-05,0.420077919960022,298136000,22.65392600334235,0.0,0.0
2014-08-06,0.4196021258831024,223456000,22.876014635590124,0.0,0.0
2014-08-07,0.41532039642333984,407696000,29.411927743770292,0.0,0.0
2014-08-08,0.45195242762565613,894348000,55.90542782685572,0.0,0.0
2014-08-11,0.44957369565963745,344624000,55.61349844090156,0.0,0.0
2014-08-12,0.44957369565963745,296152000,61.91849929982411,0.0,0.0
2014-08-13,0.4521903395652771,256596000,62.78397332885055,0.0,0.0
2014-08-14,0.4471950829029083,255992000,64.80931080911456,0.0,0.0
2014-08-15,0.45290401577949524,369796000,68.43573257694877,0.0,0.0
2014-08-18,0.4590885043144226,284076000,70.10572492473305,0.0,0.0
2014-08-19,0.4627918303012848,248260000,68.91913874130705,0.0,0.0
2014-08-20,0.45992475748062134,221468000,78.88891196322686,0.0,0.0
2014-08-21,0.45562413334846497,272796000,73.11881599705167,0.0,0.0
2014-08-22,0.4558630883693695,251224000,74.13717551799331,0.0,0.0
2014-08-25,0.45657989382743835,153380000,74.30210551542103,0.0,0.0
2014-08-26,0.46470314264297485,269636000,77.25206567339025,0.0,0.0
2014-08-27,0.45944684743881226,182972000,76.3528177662372,0.0,0.0
2014-08-28,0.4632696509361267,179704000,61.11421945503333,0.0,0.0
2014-08-29,0.46470314264297485,207932000,65.13913455798465,0.0,0.0
2014-09-02,0.46589773893356323,192636000,65.9531021288937,0.0,0.0
2014-09-03,0.47019845247268677,259456000,67.03807864937187,0.0,0.0
2014-09-04,0.4785606563091278,491832000,77.89856474727188,0.0,0.0
2014-09-05,0.4771271347999573,253792000,73.31917886187811,0.0,0.0
2014-09-08,0.4728265106678009,319288000,63.72309018900418,0.0,0.0
2014-09-09,0.466853529214859,198588000,53.8812864889312,0.0,0.0
2014-09-10,0.4685259163379669,172376000,58.41117580750812,0.0,0.0
2014-09-11,0.463747501373291,250720000,57.87039076409236,0.0,0.0
2014-09-12,0.45681869983673096,262536000,50.81959539623244,0.0,0.0
2014-09-15,0.4506067633628845,294152000,45.3182677504597,0.0,0.0
2014-09-16,0.4572966694831848,219936000,44.06138342945899,0.0,0.0
2014-09-17,0.4575355648994446,173584000,48.33340295792199,0.0,0.0
2014-09-18,0.4644642770290375,219604000,50.988145098808076,0.0,0.0
2014-09-19,0.4558630883693695,601316000,43.462928554418774,0.0,0.0
2014-09-22,0.45132359862327576,221464000,39.730695243846526,0.0,0.0
2014-09-23,0.44941219687461853,196144000,34.84313516046835,0.0,0.0
2014-09-24,0.4520403742790222,159592000,28.89736370385286,0.0,0.0
2014-09-25,0.4422444701194763,298440000,25.50333608179224,0.0,0.0
2014-09-26,0.4432002305984497,241188000,28.16907879399028,0.0,0.0
2014-09-29,0.44248345494270325,208540000,30.534378478383417,0.0,0.0
2014-09-30,0.44081103801727295,277204000,27.86272492916902,0.0,0.0
2014-10-01,0.4365103840827942,350976000,28.077015283272516,0.0,0.0
2014-10-02,0.43459904193878174,288996000,30.544071874943498,0.0,0.0
2014-10-03,0.4355546832084656,239140000,35.48392072241246,0.0,0.0
2014-10-06,0.4329265356063843,199032000,24.49995602473426,0.0,0.0
2014-10-07,0.4283871650695801,301896000,22.018416197330936,0.0,0.0
2014-10-08,0.4362715184688568,260172000,23.42342230280083,0.0,0.0
2014-10-09,0.427909255027771,306956000,23.52941216627984,0.0,0.0
2014-10-10,0.40258345007896423,691376000,16.8830894769996,0.0,0.0
2014-10-13,0.4011499881744385,397628000,16.993458666743052,0.0,0.0
2014-10-14,0.4104679822921753,376620000,23.952095407976657,0.0,0.0
2014-10-15,0.41667982935905457,404428000,33.228780087104894,0.0,0.0
2014-10-16,0.41691872477531433,351116000,32.594785386086215,0.0,0.0
2014-10-17,0.41620203852653503,290716000,32.5948239853397,0.0,0.0
2014-10-20,0.4197857975959778,200336000,36.41959012643862,0.0,0.0
2014-10-21,0.4377051293849945,351092000,50.6562372676025,0.0,0.0
2014-10-22,0.4274314045906067,239512000,46.39422581999661,0.0,0.0
2014-10-23,0.43698832392692566,214476000,50.66376171514455,0.0,0.0
2014-10-24,0.441527783870697,210156000,53.91307103703692,0.0,0.0
2014-10-27,0.44176676869392395,145092000,56.3348229871152,0.0,0.0
2014-10-28,0.4522792398929596,192580000,57.39511600455791,0.0,0.0
2014-10-29,0.44941219687461853,168340000,60.46509724555004,0.0,0.0
2014-10-30,0.4465451240539551,170260000,77.38100296930901,0.0,0.0
2014-10-31,0.466853529214859,256316000,83.13252562511688,0.0,0.0
2014-11-03,0.4747380018234253,308732000,82.88508279699636,0.0,0.0
2014-11-04,0.4809499680995941,360196000,82.88510367576927,0.0,0.0
2014-11-05,0.4809499680995941,335652000,82.84316012597999,0.0,0.0
2014-11-06,0.48310011625289917,394088000,83.81635423562186,0.0,0.0
2014-11-07,0.4728265106678009,450800000,75.11310659546146,0.0,0.0
2014-11-10,0.47832179069519043,293388000,71.7948249236359,0.0,0.0
2014-11-11,0.47258758544921875,212992000,75.4716506681927,0.0,0.0
2014-11-12,0.4694817066192627,204584000,69.76746623705888,0.0,0.0
2014-11-13,0.46709248423576355,225328000,65.97018939875328,0.0,0.0
2014-11-14,0.4728265106678009,160248000,68.1564034980402,0.0,0.0
2014-11-17,0.4706763029098511,158732000,61.919580092788635,0.0,0.0
2014-11-18,0.48190557956695557,207772000,68.99446508495144,0.0,0.0
2014-11-19,0.48010602593421936,240300000,69.86644536370912,0.0,0.0
2014-11-20,0.4880238175392151,220968000,64.68614890109777,0.0,0.0
2014-11-21,0.4906632602214813,198976000,61.91463177535405,0.0,0.0
2014-11-24,0.49378228187561035,136004000,60.06649508881421,0.0,0.0
2014-11-25,0.49354225397109985,190240000,59.841141029937575,0.0,0.0
2014-11-26,0.5019399523735046,219264000,63.413851406308055,0.0,0.0
2014-11-28,0.5031394958496094,124832000,74.78526651668486,0.0,0.0
2014-12-01,0.49378228187561035,190060000,61.890273899758874,0.0,0.0
2014-12-02,0.49450212717056274,245952000,68.26248243259391,0.0,0.0
2014-12-03,0.5072186589241028,284424000,77.10620171838245,0.0,0.0
2014-12-04,0.5026599168777466,185332000,74.77566539238734,0.0,0.0
2014-12-05,0.5055389404296875,165680000,73.73080995011625,0.0,0.0
2014-12-08,0.4990606904029846,226944000,69.37447614840794,0.0,0.0
2014-12-09,0.49738121032714844,239448000,62.146850186793095,0.0,0.0
2014-12-10,0.4863443374633789,204364000,54.276350665993185,0.0,0.0
2014-12-11,0.48610442876815796,135652000,48.52945507873895,0.0,0.0
2014-12-12,0.47098857164382935,323964000,37.345510064960564,0.0,0.0
2014-12-15,0.4695490300655365,254696000,34.069335028480225,0.0,0.0
2014-12-16,0.4642704427242279,185308000,31.95260893207839,0.0,0.0
2014-12-17,0.48322516679763794,345596000,39.7905318745056,0.0,0.0
2014-12-18,0.48514461517333984,226156000,40.25976642072504,0.0,0.0
2014-12-19,0.48994338512420654,325528000,47.814220427018604,0.0,0.0
2014-12-22,0.49858078360557556,148976000,52.13021426623214,0.0,0.0
2014-12-23,0.4954617917537689,109280000,43.1753654700444,0.0,0.0
2014-12-24,0.49354225397109985,45644000,44.540078209228355,0.0,0.0
2014-12-26,0.4940222203731537,52636000,42.89943860555527,0.0,0.0
2014-12-29,0.4933023452758789,82944000,46.17836635889076,0.0,0.0
2014-12-30,0.48874369263648987,112120000,44.47856277351077,0.0,0.0
2014-12-31,0.48106592893600464,166300000,46.474425311713745,0.0,0.0
2015-01-02,0.48298534750938416,113680000,47.96240235661831,0.0,0.0
2015-01-05,0.47482752799987793,197952000,52.758633410057136,0.0,0.0
2015-01-06,0.46043163537979126,197764000,44.476765507171045,0.0,0.0
2015-01-07,0.459231972694397,321808000,46.78905391654073,0.0,0.0
2015-01-08,0.4765070378780365,283780000,45.62497154474464,0.0,0.0
2015-01-09,0.47842663526535034,209540000,45.62507707583033,0.0,0.0
2015-01-12,0.47242823243141174,190732000,38.76916983190785,0.0,0.0
2015-01-13,0.4717084467411041,236720000,30.822024112670803,0.0,0.0
2015-01-14,0.47362786531448364,155260000,34.14633768793233,0.0,0.0
2015-01-15,0.4702689051628113,188932000,33.44717985005816,0.0,0.0
2015-01-16,0.4789063632488251,181512000,40.36687640960078,0.0,0.0
2015-01-20,0.48034602403640747,140308000,41.818178530150966,0.0,0.0
2015-01-21,0.4870641827583313,144780000,48.96755335387224,0.0,0.0
2015-01-22,0.4954617917537689,159712000,58.77186723019631,0.0,0.0
2015-01-23,0.49690139293670654,120416000,58.52937303115979,0.0,0.0
2015-01-26,0.4947420060634613,133240000,63.17465831924347,0.0,0.0
2015-01-27,0.47098857164382935,357948000,56.21461775338758,0.0,0.0
2015-01-28,0.4633106291294098,272728000,52.230851035769334,0.0,0.0
2015-01-29,0.4745875895023346,235340000,48.87640863631257,0.0,0.0
2015-01-30,0.460671603679657,298200000,40.88669589185132,0.0,0.0
2015-02-02,0.4707486629486084,259604000,49.172549153939684,0.0,0.0
2015-02-03,0.4825053811073303,183468000,54.79742155906352,0.0,0.0
2015-02-04,0.4837050437927246,181516000,54.50643483280945,0.0,0.0
2015-02-05,0.4916228950023651,140448000,59.175231602801794,0.0,0.0
2015-02-06,0.4894634783267975,210524000,54.80350932459967,0.0,0.0
2015-02-09,0.48898372054100037,273944000,53.964801936539125,0.0,0.0
2015-02-10,0.5026599168777466,226204000,56.7288133575403,0.0,0.0
2015-02-11,0.49930068850517273,320832000,51.731578671026675,0.0,0.0
2015-02-12,0.5350509881973267,676904000,63.14053589584466,0.0,0.0
2015-02-13,0.5352909564971924,310084000,64.15414553671302,0.0,0.0
2015-02-17,0.5369701385498047,203340000,77.22769607162799,0.0,0.0
2015-02-18,0.5307317972183228,170948000,78.15628707445427,0.0,0.0
2015-02-19,0.5321714878082275,169432000,76.2008432253455,0.0,0.0
2015-02-20,0.5360105633735657,157752000,87.74025014793617,0.0,0.0
2015-02-23,0.5316916704177856,125008000,82.39777248242952,0.0,0.0
2015-02-24,0.5373517274856567,149356000,81.17769856751109,0.0,0.0
2015-02-25,0.5332573056221008,123820000,77.27074420243954,0.0,0.0
2015-02-26,0.5347025394439697,152864000,75.52722481256102,0.0,0.0
2015-02-27,0.531330406665802,157492000,74.45711832278668,0.0,0.0
2015-03-02,0.5443368554115295,301512000,78.20708393144925,0.0,0.0
2015-03-03,0.5342205762863159,160344000,66.68828802091387,0.0,0.0
2015-03-04,0.5402423143386841,226840000,71.05578273841348,0.0,0.0
2015-03-05,0.5505988001823425,323056000,60.82294243904311,0.0,0.0
2015-03-06,0.5431325435638428,257392000,54.95961509076259,0.0,0.0
2015-03-09,0.5445775985717773,222388000,54.82582727415644,0.0,0.0
2015-03-10,0.5539709329605103,527212000,64.17449755228864,0.0,0.0
2015-03-11,0.551080584526062,262120000,61.33287816833811,0.0,0.0
2015-03-12,0.5460227131843567,406972000,55.91422214408158,0.0,0.0
2015-03-13,0.5467448830604553,359288000,59.28661229521142,0.0,0.0
2015-03-16,0.5532485246658325,236956000,59.70601129345513,0.0,0.0
2015-03-17,0.5599923729896545,299900000,65.81191273162705,0.0,0.0
2015-03-18,0.5508400201797485,413844000,58.74678625431275,0.0,0.0
2015-03-19,0.5592697858810425,310756000,64.35650280142792,0.0,0.0
2015-03-20,0.565291166305542,462084000,61.59996194309075,0.0,0.0
2015-03-23,0.5469861626625061,426012000,56.47937645121635,0.0,0.0
2015-03-24,0.5395196676254272,330480000,49.63850343830018,0.0,0.0
2015-03-25,0.5067630410194397,542552000,32.086521702703436,0.0,0.0
2015-03-26,0.5050767660140991,311920000,33.67743576243329,0.0,0.0
2015-03-27,0.5149521231651306,318288000,38.15022934533794,0.0,0.0
2015-03-30,0.5171199440956116,253252000,34.35586480914213,0.0,0.0
2015-03-31,0.5041137933731079,357276000,31.63849702930088,0.0,0.0
2015-04-01,0.5060404539108276,330768000,33.97678275904828,0.0,0.0
2015-04-02,0.5072446465492249,192204000,34.23088108527388,0.0,0.0
2015-04-06,0.5219368934631348,515864000,38.26700821645771,0.0,0.0
2015-04-07,0.5265132188796997,413964000,37.24765062679498,0.0,0.0
2015-04-08,0.5303668975830078,366432000,41.87367519356006,0.0,0.0
2015-04-09,0.542650580406189,379432000,43.599223966102535,0.0,0.0
2015-04-10,0.548190176486969,258728000,43.389134400991196,0.0,0.0
2015-04-13,0.5431325435638428,236724000,48.340278391008276,0.0,0.0
2015-04-14,0.5385561585426331,220276000,49.57442554510822,0.0,0.0
2015-04-15,0.5450592041015625,243560000,72.02217432397035,0.0,0.0
2015-04-16,0.5416872501373291,155284000,70.65243759100815,0.0,0.0
2015-04-17,0.5347025394439697,293636000,61.51706239059926,0.0,0.0
2015-04-20,0.5320529341697693,231624000,58.659219165966796,0.0,0.0
2015-04-21,0.531330406665802,230456000,68.40395465961258,0.0,0.0
2015-04-22,0.5373517274856567,207420000,70.06182473813617,0.0,0.0
2015-04-23,0.5351840853691101,259380000,67.68309793567002,0.0,0.0
2015-04-24,0.5306079983711243,240960000,56.29396139745406,0.0,0.0
2015-04-27,0.5347025394439697,248456000,55.98612310707203,0.0,0.0
2015-04-28,0.5373517274856567,234484000,55.197195510377206,0.0,0.0
2015-04-29,0.5332573056221008,195156000,42.04075564107942,0.0,0.0
2015-04-30,0.5347025394439697,218844000,37.71936575072722,0.0,0.0
2015-05-01,0.547949492931366,256968000,53.81668641675861,0.0,0.0
2015-05-04,0.5445775985717773,200720000,54.86390123545198,0.0,0.0
2015-05-05,0.5306079983711243,292928000,39.5833092327491,0.0,0.0
2015-05-06,0.5322939157485962,316484000,43.06043446618076,0.0,0.0
2015-05-07,0.5416872501373291,534564000,54.982784968599994,0.0,0.0
2015-05-08,0.5017050504684448,1146552000,35.87430166733378,0.0,0.0
2015-05-11,0.49688786268234253,544144000,34.557058496997584,0.0,0.0
2015-05-12,0.5017050504684448,388800000,33.842698915227615,0.0,0.0
2015-05-13,0.5045953989028931,308524000,36.22553886253879,0.0,0.0
2015-05-14,0.5127843618392944,293052000,42.226725152547495,0.0,0.0
2015-05-15,0.5130255222320557,215824000,40.21738154435543,0.0,0.0
2015-05-18,0.512302577495575,324972000,38.49555840030081,0.0,0.0
2015-05-19,0.5091087222099304,253808000,38.81665539499908,0.0,0.0
2015-05-20,0.5091087222099304,196824000,37.98654890519211,0.0,0.0
2015-05-21,0.5054789781570435,239692000,28.08636652635218,0.0,0.0
2015-05-22,0.5047532320022583,212592000,28.874846317383145,0.0,0.0
2015-05-26,0.5016075372695923,259732000,32.6207711400597,0.0,0.0
2015-05-27,0.528466522693634,432332000,48.23796156573886,0.0,0.0
2015-05-28,0.5357255935668945,327656000,47.20038655602118,0.0,0.0
2015-05-29,0.5354836583137512,335168000,75.30882466131484,0.0,0.0
2015-06-01,0.5415328145027161,372660000,82.84415882472344,0.0,0.0
2015-06-02,0.5308862924575806,224304000,69.7720495063806,0.0,0.0
2015-06-03,0.5250787734985352,250788000,63.35093894187156,0.0,0.0
2015-06-04,0.5345156788825989,323712000,63.937603345622584,0.0,0.0
2015-06-05,0.5386292338371277,313320000,65.64412926836246,0.0,0.0
2015-06-08,0.5262888073921204,342812000,57.483331269904305,0.0,0.0
2015-06-09,0.5289502143859863,256888000,60.67702691486006,0.0,0.0
2015-06-10,0.5195135474205017,529460000,55.08278985030195,0.0,0.0
2015-06-11,0.5250787734985352,283052000,59.39687464925007,0.0,0.0
2015-06-12,0.5108023285865784,323728000,52.56666104528526,0.0,0.0
2015-06-15,0.5098344087600708,306548000,53.55642949566706,0.0,0.0
2015-06-16,0.5161259770393372,256892000,43.511411918378144,0.0,0.0
2015-06-17,0.522175133228302,233544000,42.78342776068645,0.0,0.0
2015-06-18,0.5308862924575806,299404000,47.754168993670476,0.0,0.0
2015-06-19,0.5291923880577087,355656000,43.70375377693965,0.0,0.0
2015-06-22,0.5270147323608398,514236000,47.83782280008415,0.0,0.0
2015-06-23,0.5134642720222473,414064000,44.02990614249394,0.0,0.0
2015-06-24,0.5083827972412109,253368000,35.93751162459961,0.0,0.0
2015-06-25,0.5122543573379517,350460000,35.77023042292859,0.0,0.0
2015-06-26,0.5018494725227356,421296000,36.53323625947942,0.0,0.0
2015-06-29,0.48684728145599365,391724000,29.577595150216354,0.0,0.0
2015-06-30,0.48660537600517273,315916000,32.47430295602922,0.0,0.0
2015-07-01,0.49362263083457947,302892000,33.502746098755765,0.0,0.0
2015-07-02,0.4941065013408661,145764000,39.76280247604593,0.0,0.0
2015-07-06,0.48805728554725647,214776000,37.430408906546596,0.0,0.0
2015-07-07,0.4788621664047241,594252000,29.18915619540158,0.0,0.0
2015-07-08,0.4754745662212372,332492000,23.119885529323554,0.0,0.0
2015-07-09,0.46966731548309326,357588000,13.544657737282435,0.0,0.0
2015-07-10,0.47789421677589417,216708000,21.657633990419342,0.0,0.0
2015-07-13,0.48103997111320496,212472000,24.867684168305573,0.0,0.0
2015-07-14,0.48128199577331543,249216000,29.411772895574757,0.0,0.0
2015-07-15,0.47789421677589417,265732000,30.063256402845994,0.0,0.0
2015-07-16,0.4885410666465759,282848000,35.755827090375675,0.0,0.0
2015-07-17,0.4856373965740204,220372000,39.29717038933657,0.0,0.0
2015-07-20,0.4766845107078552,188412000,42.708378210060104,0.0,0.0
2015-07-21,0.4788621664047241,149720000,44.59452121447595,0.0,0.0
2015-07-22,0.46966731548309326,356472000,33.77041919746836,0.0,0.0
2015-07-23,0.4754745662212372,169916000,38.226230040500326,0.0,0.0
2015-07-24,0.4699092507362366,188844000,38.461447075632314,0.0,0.0
2015-07-27,0.4672475755214691,192420000,41.94632429721073,0.0,0.0
2015-07-28,0.4774104356765747,198308000,51.227046311571534,0.0,0.0
2015-07-29,0.48321768641471863,232680000,58.58892405813936,0.0,0.0
2015-07-30,0.48442763090133667,190180000,54.54555701800289,0.0,0.0
2015-07-31,0.48273375630378723,218340000,51.20272499782158,0.0,0.0
2015-08-03,0.4909607172012329,397132000,56.172736552709175,0.0,0.0
2015-08-04,0.4928967356681824,260100000,59.748586584911436,0.0,0.0
2015-08-05,0.49797800183296204,234628000,56.610201554663576,0.0,0.0
2015-08-06,0.49483245611190796,655676000,56.41902611325215,0.0,0.0
2015-08-07,0.5560512542724609,1405248000,82.03131402456702,0.0,0.0
2015-08-10,0.5754091143608093,662304000,84.2196377139504,0.0,0.0
2015-08-11,0.5725053548812866,435008000,88.15078294284282,0.0,0.0
2015-08-12,0.573957085609436,384048000,87.7550739674121,0.0,0.0
2015-08-13,0.5691176056861877,276884000,88.24618582307332,0.0,0.0
2015-08-14,0.5696017742156982,214652000,90.13274789319449,0.0,0.0
2015-08-17,0.5659719109535217,273880000,86.59971793485303,0.0,0.0
2015-08-18,0.5608207583427429,287084000,82.24581402158995,0.0,0.0
2015-08-19,0.5586337447166443,249248000,80.58594727790666,0.0,0.0
2015-08-20,0.5384658575057983,426932000,69.9354276776954,0.0,0.0
2015-08-21,0.5216994285583496,382664000,60.36222115141646,0.0,0.0
2015-08-24,0.5032321810722351,682284000,53.13475658947174,0.0,0.0
2015-08-25,0.49278345704078674,622684000,48.47416027887676,0.0,0.0
2015-08-26,0.529961109161377,614976000,58.59934709363126,0.0,0.0
2015-08-27,0.549886167049408,463764000,48.10837770704232,0.0,0.0
2015-08-28,0.5523159503936768,320944000,42.093000140880164,0.0,0.0
2015-08-31,0.5462413430213928,219352000,41.198430601816106,0.0,0.0
2015-09-01,0.5238861441612244,353408000,35.28227635428547,0.0,0.0
2015-09-02,0.5396804213523865,344044000,41.87083053058036,0.0,0.0
2015-09-03,0.5411387085914612,262556000,42.18189858326347,0.0,0.0
2015-09-04,0.5285030603408813,287972000,40.19339807573472,0.0,0.0
2015-09-08,0.5511011481285095,238448000,47.668997400220384,0.0,0.0
2015-09-09,0.540166437625885,289392000,45.74943285686983,0.0,0.0
2015-09-10,0.548671305179596,357076000,52.482221203421304,0.0,0.0
2015-09-11,0.5503721237182617,301584000,57.52544128606431,0.0,0.0
2015-09-14,0.5513442754745483,192460000,63.90443095284192,0.0,0.0
2015-09-15,0.5574187636375427,327976000,69.16418396081262,0.0,0.0
2015-09-16,0.5613064765930176,173508000,61.57973647880079,0.0,0.0
2015-09-17,0.5664094686508179,268712000,56.85479082668465,0.0,0.0
2015-09-18,0.5659233331680298,326412000,55.73763241566621,0.0,0.0
2015-09-21,0.5717552900314331,281840000,60.7801694111033,0.0,0.0
2015-09-22,0.5562037229537964,228356000,64.48780069368428,0.0,0.0
2015-09-23,0.5588766932487488,161632000,59.752966208399876,0.0,0.0
2015-09-24,0.5695685744285583,382440000,63.205252023414005,0.0,0.0
2015-09-25,0.5736992955207825,369692000,72.79389296535398,0.0,0.0
2015-09-28,0.5661665201187134,395584000,58.95939416241749,0.0,0.0
2015-09-29,0.5761290192604065,380736000,71.63720259823624,0.0,0.0
2015-09-30,0.5989701151847839,556380000,75.81019581593448,0.0,0.0
2015-10-01,0.5873067378997803,489296000,67.19450462469086,0.0,0.0
2015-10-02,0.6026150584220886,386144000,71.05774500798023,0.0,0.0
2015-10-05,0.6176803708076477,482024000,73.04822965227191,0.0,0.0
2015-10-06,0.6256990432739258,453216000,73.8738001080387,0.0,0.0
2015-10-07,0.632259726524353,310152000,74.15317580607658,0.0,0.0
2015-10-08,0.6359046697616577,460068000,75.08708528920481,0.0,0.0
2015-10-09,0.6334748268127441,423248000,72.67854846360817,0.0,0.0
2015-10-12,0.6402781009674072,227588000,83.01529574787276,0.0,0.0
2015-10-13,0.6414933800697327,298444000,82.81859509589955,0.0,0.0
2015-10-14,0.6648204326629639,612148000,84.38598816776657,0.0,0.0
2015-10-15,0.6665211915969849,526048000,84.10715837370502,0.0,0.0
2015-10-16,0.6769699454307556,448396000,89.8602443168976,0.0,0.0
2015-10-19,0.675754964351654,294712000,88.24636231163554,0.0,0.0
2015-10-20,0.674782931804657,264824000,84.97762077061262,0.0,0.0
2015-10-21,0.6660352945327759,386280000,87.32712186879901,0.0,0.0
2015-10-22,0.6900913715362549,306884000,88.29782320606795,0.0,0.0
2015-10-23,0.6947082281112671,381776000,87.11939820072287,0.0,0.0
2015-10-26,0.6915494203567505,247436000,83.292398600421,0.0,0.0
2015-10-27,0.6910632848739624,208268000,81.67528251811531,0.0,0.0
2015-10-28,0.6966520547866821,217036000,82.0511554258536,0.0,0.0
2015-10-29,0.6725960373878479,327168000,66.8057281065959,0.0,0.0
2015-10-30,0.689362108707428,301160000,69.4230139850961,0.0,0.0
2015-11-02,0.697380781173706,190088000,70.9852653463216,0.0,0.0
2015-11-03,0.6925211548805237,376768000,62.07621218983885,0.0,0.0
2015-11-04,0.6811005473136902,442264000,55.85934307509677,0.0,0.0
2015-11-05,0.6733248829841614,478800000,48.50290077260598,0.0,0.0
2015-11-06,0.7666329741477966,1172272000,71.24995003881232,0.0,0.0
2015-11-09,0.7632311582565308,492568000,70.44942636412452,0.0,0.0
2015-11-10,0.7486521005630493,552260000,68.59965376232003,0.0,0.0
2015-11-11,0.7413620948791504,619896000,62.48518356742015,0.0,0.0
2015-11-12,0.7386893033981323,291080000,60.81241928673193,0.0,0.0
2015-11-13,0.7241098880767822,292940000,57.57915175896663,0.0,0.0
2015-11-16,0.7386893033981323,344280000,60.403414010377546,0.0,0.0
2015-11-17,0.7386893033981323,257048000,59.41241979662744,0.0,0.0
2015-11-18,0.756860613822937,350216000,69.37806335267663,0.0,0.0
2015-11-19,0.7590559720993042,254072000,67.17851002986899,0.0,0.0
2015-11-20,0.7656415700912476,239744000,66.94498840152286,0.0,0.0
2015-11-23,0.7541777491569519,242552000,64.81965704036352,0.0,0.0
2015-11-24,0.7602755427360535,195428000,69.53007449802305,0.0,0.0
2015-11-25,0.7592998743057251,138300000,71.94357038616434,0.0,0.0
2015-11-27,0.7656415700912476,86996000,49.54494453825235,0.0,0.0
2015-11-30,0.7736905217170715,327244000,54.60436119906932,0.0,0.0
2015-12-01,0.7988139986991882,409496000,70.20614561885131,0.0,0.0
2015-12-02,0.7927157282829285,294240000,70.8867337815882,0.0,0.0
2015-12-03,0.7910085916519165,246656000,71.44796426798897,0.0,0.0
2015-12-04,0.8232048749923706,458756000,85.49633533170152,0.0,0.0
2015-12-07,0.8075945377349854,333588000,74.50125151583617,0.0,0.0
2015-12-08,0.8185707330703735,314488000,76.34751918476324,0.0,0.0
2015-12-09,0.797838032245636,372676000,63.291121256467974,0.0,0.0
2015-12-10,0.8044238090515137,236596000,64.30766950886107,0.0,0.0
2015-12-11,0.792472243309021,227320000,58.1845861571,0.0,0.0
2015-12-14,0.7944232821464539,275892000,63.0331365239108,0.0,0.0
2015-12-15,0.8041797280311584,307296000,63.88884132850662,0.0,0.0
2015-12-16,0.8090577721595764,236356000,65.36136043124372,0.0,0.0
2015-12-17,0.7968626618385315,254160000,59.30243338564681,0.0,0.0
2015-12-18,0.7839349508285522,395896000,52.96612679752203,0.0,0.0
2015-12-21,0.8024724721908569,284216000,51.101254679632106,0.0,0.0
2015-12-22,0.8032041192054749,130012000,53.26257875826963,0.0,0.0
2015-12-23,0.8063750863075256,122524000,54.73685324015874,0.0,0.0
2015-12-24,0.8090577721595764,52448000,44.669019706430085,0.0,0.0
2015-12-28,0.808326244354248,142024000,50.310542028715496,0.0,0.0
2015-12-29,0.8214974403381348,203660000,51.21941536196278,0.0,0.0
2015-12-30,0.8144241571426392,180344000,57.79829019416838,0.0,0.0
2015-12-31,0.8039357662200928,148528000,49.77865330980025,0.0,0.0
2016-01-04,0.7895450592041016,358076000,48.70117381023126,0.0,0.0
2016-01-05,0.8022283315658569,490272000,53.16201943150837,0.0,0.0
2016-01-06,0.7690563797950745,449344000,38.03977447432959,0.0,0.0
2016-01-07,0.7385673522949219,645304000,29.56147511915934,0.0,0.0
2016-01-08,0.7227127552032471,398472000,28.947181747179286,0.0,0.0
2016-01-11,0.7239325642585754,409372000,31.750717080660124,0.0,0.0
2016-01-12,0.736128032207489,469356000,29.012165027385294,0.0,0.0
2016-01-13,0.7136882543563843,481672000,25.101650378342185,0.0,0.0
2016-01-14,0.6992974281311035,600236000,21.96663233846519,0.0,0.0
2016-01-15,0.6612469553947449,841452000,17.34910076371405,0.0,0.0
2016-01-19,0.6666131615638733,457140000,19.324177566583472,0.0,0.0
2016-01-20,0.6702717542648315,481180000,15.859018452835826,0.0,0.0
2016-01-21,0.6780772805213928,481456000,19.31952211648705,0.0,0.0
2016-01-22,0.6939312815666199,257996000,25.830650363049287,0.0,0.0
2016-01-25,0.6931996941566467,270728000,27.480045336592383,0.0,0.0
2016-01-26,0.7000290751457214,227944000,25.43962636582846,0.0,0.0
2016-01-27,0.6917360424995422,231700000,28.894786388084867,0.0,0.0
2016-01-28,0.6841747164726257,276776000,33.02887987287721,0.0,0.0
2016-01-29,0.7144197821617126,310504000,47.6257056126198,0.0,0.0
2016-02-01,0.7146638631820679,289884000,47.331443891550066,0.0,0.0
2016-02-02,0.6844186782836914,341908000,36.51400581186774,0.0,0.0
2016-02-03,0.6878334879875183,326772000,42.514110755801305,0.0,0.0
2016-02-04,0.688077449798584,348140000,46.46153563125234,0.0,0.0
2016-02-05,0.6446608901023865,600428000,44.94047126969809,0.0,0.0
2016-02-08,0.6151474118232727,608852000,36.31641666765858,0.0,0.0
2016-02-09,0.6217333674430847,425372000,37.2925455290384,0.0,0.0
2016-02-10,0.6202698349952698,335800000,34.346067385319586,0.0,0.0
2016-02-11,0.6170987486839294,340144000,27.659639327941605,0.0,0.0
2016-02-12,0.6275869011878967,340816000,31.94629433191841,0.0,0.0
2016-02-16,0.6583200693130493,485352000,39.857713315998446,0.0,0.0
2016-02-17,0.6746621131896973,771468000,46.004570233384996,0.0,0.0
2016-02-18,0.7327132225036621,1068660000,59.187390629037985,0.0,0.0
2016-02-19,0.7424699664115906,525628000,55.755772948920296,0.0,0.0
2016-02-22,0.7688122987747192,449668000,60.036104157099636,0.0,0.0
2016-02-23,0.7707638144493103,369380000,67.87872739543462,0.0,0.0
2016-02-24,0.7761299014091492,336852000,68.13620841793514,0.0,0.0
2016-02-25,0.777837336063385,349616000,68.32662837539185,0.0,0.0
2016-02-26,0.7727150917053223,361964000,80.99161416796714,0.0,0.0
2016-02-29,0.7676966786384583,323344000,91.88615940729318,0.0,0.0
2016-03-01,0.8017241954803467,348700000,92.94874875391235,0.0,0.0
2016-03-02,0.8063753247261047,233812000,93.74238665780113,0.0,0.0
2016-03-03,0.7992758750915527,302004000,92.04267905091417,0.0,0.0
2016-03-04,0.7968279123306274,175304000,90.56257722568878,0.0,0.0
2016-03-07,0.7916871309280396,239968000,86.43415089146002,0.0,0.0
2016-03-08,0.7772439122200012,274940000,78.3178041004604,0.0,0.0
2016-03-09,0.7767542600631714,222788000,67.82106716717362,0.0,0.0
2016-03-10,0.775530219078064,286084000,64.37004408006896,0.0,0.0
2016-03-11,0.7887496948242188,277400000,59.781959656248816,0.0,0.0
2016-03-14,0.7907079458236694,190312000,59.78461755530292,0.0,0.0
2016-03-15,0.7867910265922546,226216000,55.30580381556394,0.0,0.0
2016-03-16,0.8102921843528748,363644000,63.27285050619889,0.0,0.0
2016-03-17,0.8034377098083496,353680000,62.388900432078856,0.0,0.0
2016-03-18,0.8276731371879578,545512000,70.94011100112296,0.0,0.0
2016-03-21,0.8301209211349487,337780000,62.719151740174475,0.0,0.0
2016-03-22,0.8286520838737488,242012000,60.27075595733159,0.0,0.0
2016-03-23,0.8428505063056946,429008000,68.85589249425341,0.0,0.0
2016-03-24,0.8440747261047363,244956000,70.6637918570107,0.0,0.0
2016-03-28,0.852642834186554,265388000,75.88351918834478,0.0,0.0
2016-03-29,0.8663514852523804,261812000,88.07513031720427,0.0,0.0
2016-03-30,0.8754090666770935,376700000,89.278607036155,0.0,0.0
2016-03-31,0.8722267150878906,379884000,87.9077982983999,0.0,0.0
2016-04-01,0.8849564790725708,348292000,87.86118986172393,0.0,0.0
2016-04-04,0.8763883113861084,393940000,82.05115454080664,0.0,0.0
2016-04-05,0.8751645088195801,339568000,83.73837617841444,0.0,0.0
2016-04-06,0.8763883113861084,453376000,80.40539912461293,0.0,0.0
2016-04-07,0.8673306703567505,378104000,78.80796768264901,0.0,0.0
2016-04-08,0.8729613423347473,255936000,74.5358542443726,0.0,0.0
2016-04-11,0.8783467411994934,387524000,75.32138264767244,0.0,0.0
2016-04-12,0.8773674964904785,292764000,75.71063352432898,0.0,0.0
2016-04-13,0.8993995785713196,350716000,77.5656773465505,0.0,0.0
2016-04-14,0.9018477201461792,416564000,77.83021556195612,0.0,0.0
2016-04-15,0.9089469313621521,436972000,77.51196839728318,0.0,0.0
2016-04-18,0.9050300717353821,307320000,70.8994884600754,0.0,0.0
2016-04-19,0.888873279094696,309152000,56.7568328580726,0.0,0.0
2016-04-20,0.8923004865646362,200172000,60.04905799624738,0.0,0.0
2016-04-21,0.8913211226463318,178280000,53.61099794987783,0.0,0.0
2016-04-22,0.8878938555717468,223540000,56.93208615946237,0.0,0.0
2016-04-25,0.8923004865646362,191972000,59.943076576511,0.0,0.0
2016-04-26,0.8930348753929138,214536000,59.71426939808935,0.0,0.0
2016-04-27,0.9133533239364624,352396000,73.73727117145854,0.0,0.0
2016-04-28,0.886180579662323,381224000,55.578494188464184,0.0,0.0
2016-04-29,0.8697788119316101,321904000,46.69191800295421,0.0,0.0
2016-05-02,0.8812845945358276,256076000,51.39869181138157,0.0,0.0
2016-05-03,0.8707578778266907,224024000,38.8572141530253,0.0,0.0
2016-05-04,0.8509291410446167,525764000,32.55040483013005,0.0,0.0
2016-05-05,0.8560699224472046,246884000,31.632716322504578,0.0,0.0
2016-05-06,0.8648828864097595,183240000,36.51326748547577,0.0,0.0
2016-05-09,0.8636588454246521,333336000,40.58507959966551,0.0,0.0
2016-05-10,0.8803053498268127,269676000,45.92351510672349,0.0,0.0
2016-05-11,0.8827530145645142,328176000,47.11694417014831,0.0,0.0
2016-05-12,0.8707578778266907,670540000,44.54831429968846,0.0,0.0
2016-05-13,1.0031952857971191,2110256000,69.44205265846496,0.0,0.0
2016-05-16,1.0328161716461182,973032000,72.25252511239042,0.0,0.0
2016-05-17,1.0350195169448853,628392000,70.55418499558164,0.0,0.0
2016-05-18,1.0614582300186157,541072000,79.68488329809303,0.0,0.0
2016-05-19,1.0661091804504395,398880000,84.62865112510238,0.0,0.0
2016-05-20,1.0852036476135254,391084000,85.0294103490753,0.0,0.0
2016-05-23,1.0869176387786865,413636000,88.29148897626371,0.0,0.0
2016-05-24,1.1133018732070923,415788000,95.42289349359648,0.0,0.0
2016-05-25,1.1086384057998657,458076000,93.79793146054705,0.0,0.0
2016-05-26,1.1204197406768799,309964000,93.86113057982259,0.0,0.0
2016-05-27,1.1265552043914795,277416000,94.37614640275362,0.0,0.0
2016-05-31,1.146681308746338,412524000,94.44144238523802,0.0,0.0
2016-06-01,1.1488901376724243,387132000,94.43700904626755,0.0,0.0
2016-06-02,1.1569900512695312,329208000,98.42214939210476,0.0,0.0
2016-06-03,1.1407909393310547,461076000,88.36577223914509,0.0,0.0
2016-06-06,1.134900450706482,322512000,82.8054449479547,0.0,0.0
2016-06-07,1.1371092796325684,193400000,82.80605093130114,0.0,0.0
2016-06-08,1.1334275007247925,234616000,77.0889077661089,0.0,0.0
2016-06-09,1.1628804206848145,472168000,80.69355629611539,0.0,0.0
2016-06-10,1.133918285369873,400024000,64.54093075276626,0.0,0.0
2016-06-13,1.1483993530273438,475588000,67.05213258374754,0.0,0.0
2016-06-14,1.150607705116272,298344000,61.94934761247911,0.0,0.0
2016-06-15,1.1623895168304443,301036000,66.46602890518257,0.0,0.0
2016-06-16,1.1670522689819336,246456000,64.93678481768086,0.0,0.0
2016-06-17,1.146681308746338,471000000,55.90779413311463,0.0,0.0
2016-06-20,1.167298436164856,293768000,56.034532910681186,0.0,0.0
2016-06-21,1.1601804494857788,212508000,53.212303127527605,0.0,0.0
2016-06-22,1.159198522567749,202620000,50.65487283597588,0.0,0.0
2016-06-23,1.1901237964630127,297880000,63.453671237095776,0.0,0.0
2016-06-24,1.1223832368850708,1017684000,47.44747963263101,0.0,0.0
2016-06-27,1.1103564500808716,449088000,44.75457999963501,0.0,0.0
2016-06-28,1.1265552043914795,381920000,48.71559251365676,0.0,0.0
2016-06-29,1.1449633836746216,318932000,46.50717533998818,0.0,0.0
2016-06-30,1.1537991762161255,430940000,54.20568204111493,0.0,0.0
2016-07-01,1.1452085971832275,218488000,49.30775949946179,0.0,0.0
2016-07-05,1.1621440649032593,371084000,52.35249375822686,0.0,0.0
2016-07-06,1.1695069074630737,273104000,51.47801402557606,0.0,0.0
2016-07-07,1.1999410390853882,395400000,56.16942458246395,0.0,0.0
2016-07-08,1.2480467557907104,481932000,67.22255006983661,0.0,0.0
2016-07-11,1.276762843132019,448776000,68.10046251923748,0.0,0.0
2016-07-12,1.2959071397781372,436760000,71.5845912209562,0.0,0.0
2016-07-13,1.2954158782958984,324604000,71.69648138693894,0.0,0.0
2016-07-14,1.3086695671081543,316892000,70.00811716752763,0.0,0.0
2016-07-15,1.2934527397155762,428616000,85.09543526154563,0.0,0.0
2016-07-18,1.300079584121704,252992000,89.80419915462656,0.0,0.0
2016-07-19,1.3135783672332764,382652000,89.68736565688413,0.0,0.0
2016-07-20,1.3307591676712036,296460000,89.63336446228715,0.0,0.0
2016-07-21,1.3062150478363037,361308000,80.470805117756,0.0,0.0
2016-07-22,1.3418036699295044,315768000,85.47372979576129,0.0,0.0
2016-07-25,1.366592526435852,312528000,85.8740782405415,0.0,0.0
2016-07-26,1.3899091482162476,514508000,86.62302087916909,0.0,0.0
2016-07-27,1.3759194612503052,446676000,80.93177074887267,0.0,0.0
2016-07-28,1.3788647651672363,221916000,77.33326438107125,0.0,0.0
2016-07-29,1.401444911956787,409588000,76.73677167924849,0.0,0.0
2016-08-01,1.3923635482788086,301120000,71.61701544103974,0.0,0.0
2016-08-02,1.375428557395935,282748000,66.70085100677042,0.0,0.0
2016-08-03,1.3791098594665527,299828000,65.31481632945386,0.0,0.0
2016-08-04,1.4046355485916138,272712000,73.13578728101666,0.0,0.0
2016-08-05,1.4284428358078003,371588000,74.92842550651083,0.0,0.0
2016-08-08,1.4416965246200562,305064000,74.90453570028015,0.0,0.0
2016-08-09,1.4453777074813843,372344000,73.51449494606408,0.0,0.0
2016-08-10,1.4360511302947998,375740000,78.41035241476875,0.0,0.0
2016-08-11,1.4652581214904785,681064000,77.79006902593255,0.0,0.0
2016-08-12,1.5472344160079956,1425744000,82.33749680121034,0.0,0.0
2016-08-15,1.5457615852355957,573304000,80.26691430544449,0.0,0.0
2016-08-16,1.5364353656768799,287652000,81.74761965592337,0.0,0.0
2016-08-17,1.5008467435836792,595212000,71.36711683649928,0.0,0.0
2016-08-18,1.5241631269454956,331684000,71.44077892749677,0.0,0.0
2016-08-19,1.528090238571167,291560000,74.14848977987002,0.0,0.0
2016-08-22,1.5344715118408203,244748000,79.40105694270132,0.0,0.0
2016-08-23,1.5468891859054565,339764000,80.04559482333839,0.0,0.0
2016-08-24,1.523038387298584,298448000,71.33130950267254,0.0,0.0
2016-08-25,1.512956142425537,406032000,66.01796050070783,0.0,0.0
2016-08-26,1.5252511501312256,300024000,65.89401895534192,0.0,0.0
2016-08-29,1.5242671966552734,274652000,65.16218908438852,0.0,0.0
2016-08-30,1.5154154300689697,285544000,65.28133585513972,0.0,0.0
2016-08-31,1.508284568786621,388544000,59.05434387746966,0.0,0.0
2016-09-01,1.5527904033660889,428492000,51.38808694750932,0.0,0.0
2016-09-02,1.537544846534729,323148000,48.07933027235967,0.0,0.0
2016-09-06,1.5520524978637695,306812000,53.56417275145941,0.0,0.0
2016-09-07,1.5291846990585327,397988000,56.8660112792784,0.0,0.0
2016-09-08,1.5402501821517944,315808000,54.14373038112024,0.0,0.0
2016-09-09,1.4635326862335205,697760000,37.906193242664536,0.0,0.0
2016-09-12,1.4937769174575806,598260000,43.00218108944882,0.0,0.0
2016-09-13,1.4721384048461914,471768000,37.54100302652137,0.0,0.0
2016-09-14,1.4851709604263306,319048000,43.45236780629778,0.0,0.0
2016-09-15,1.5414791107177734,515212000,54.25214524157855,0.0,0.0
2016-09-16,1.545168161392212,902444000,53.047379557352485,0.0,0.0
2016-09-19,1.565576434135437,417128000,55.9658642764683,0.0,0.0
2016-09-20,1.5513150691986084,331112000,55.10484838703565,0.0,0.0
2016-09-21,1.5948375463485718,336212000,61.153317049619375,0.0,0.0
2016-09-22,1.598771572113037,308732000,56.61708571820806,0.0,0.0
2016-09-23,1.5970505475997925,276132000,58.91022162713948,0.0,0.0
2016-09-26,1.582051396369934,230040000,54.48535026213976,0.0,0.0
2016-09-27,1.6361466646194458,402752000,64.62679224872454,0.0,0.0
2016-09-28,1.6420480012893677,319788000,64.120034574849,0.0,0.0
2016-09-29,1.6572933197021484,336684000,82.40135966938128,0.0,0.0
2016-09-30,1.6848328113555908,429932000,82.24071039782518,0.0,0.0
2016-10-03,1.6831114292144775,242596000,88.1673533279709,0.0,0.0
2016-10-04,1.6794236898422241,281624000,86.37227208768941,0.0,0.0
2016-10-05,1.6777023077011108,305440000,82.06046469086104,0.0,0.0
2016-10-06,1.6558181047439575,360212000,73.98732939740617,0.0,0.0
2016-10-07,1.6437695026397705,286260000,67.58864407951282,0.0,0.0
2016-10-10,1.6499167680740356,287876000,73.01963201384467,0.0,0.0
2016-10-11,1.6260652542114258,388540000,58.02777896387084,0.0,0.0
2016-10-12,1.6334420442581177,419920000,58.75779872230277,0.0,0.0
2016-10-13,1.6068860292434692,390116000,52.20748440087324,0.0,0.0
2016-10-14,1.6226228475570679,330636000,59.07585055611834,0.0,0.0
2016-10-17,1.613278865814209,195328000,43.60383316949238,0.0,0.0
2016-10-18,1.637868046760559,269372000,48.94151052948688,0.0,0.0
2016-10-19,1.6344256401062012,199060000,43.841074752415196,0.0,0.0
2016-10-20,1.6654077768325806,312084000,44.86352876168863,0.0,0.0
2016-10-21,1.6607356071472168,279508000,44.174179715175335,0.0,0.0
2016-10-24,1.7386826276779175,339836000,61.126367830211294,0.0,0.0
2016-10-25,1.767206072807312,397460000,65.2683851537216,0.0,0.0
2016-10-26,1.7743366956710815,333792000,71.28964176895627,0.0,0.0
2016-10-27,1.7379450798034668,388664000,65.55638657137428,0.0,0.0
2016-10-28,1.7349945306777954,290856000,64.20356817146569,0.0,0.0
2016-10-31,1.7497475147247314,252388000,71.29546424449765,0.0,0.0
2016-11-01,1.6978648900985718,473224000,59.618173617748674,0.0,0.0
2016-11-02,1.6907341480255127,295848000,63.28912845503067,0.0,0.0
2016-11-03,1.6710635423660278,309664000,57.582834866176455,0.0,0.0
2016-11-04,1.6614735126495361,328780000,57.5385118023501,0.0,0.0
2016-11-07,1.7524521350860596,487580000,64.84074388470484,0.0,0.0
2016-11-08,1.7497475147247314,429884000,64.96490075802606,0.0,0.0
2016-11-09,1.7202409505844116,456532000,57.14285505861321,0.0,0.0
2016-11-10,1.6663908958435059,869280000,50.65301877441491,0.0,0.0
2016-11-11,2.1630871295928955,2175344000,74.91340415630788,0.0,0.0
2016-11-14,2.05661678314209,1348796000,65.56463144163497,0.0,0.0
2016-11-15,2.119319200515747,626092000,67.50686011016184,0.0,0.0
2016-11-16,2.253082752227783,987984000,73.7905914818063,0.0,0.0
2016-11-17,2.2717697620391846,832988000,74.43471656005624,0.0,0.0
2016-11-18,2.295621395111084,576060000,74.64475057998199,0.0,0.0
2016-11-21,2.286278247833252,436436000,77.62645095848717,0.0,0.0
2016-11-22,2.3027522563934326,330368000,78.48480132718443,0.0,0.0
2016-11-23,2.3140807151794434,443236000,80.1617872385508,0.0,0.0
2016-11-25,2.3187594413757324,195564000,80.97379735663014,0.0,0.0
2016-11-28,2.3175277709960938,278736000,79.08897032923055,0.0,0.0
2016-11-29,2.2963497638702393,444568000,77.61281609326181,0.0,0.0
2016-11-30,2.2704927921295166,440500000,77.90006041402224,0.0,0.0
2016-12-01,2.1581993103027344,1035524000,73.54151199347564,0.0,0.0
2016-12-02,2.1781461238861084,478292000,51.32606677751325,0.0,0.0
2016-12-05,2.26261305809021,602284000,68.87094054107402,0.0,0.0
2016-12-06,2.299797296524048,498796000,67.3441669105454,0.0,0.0
2016-12-07,2.3411691188812256,480804000,60.293036524267364,0.0,0.0
2016-12-08,2.302013635635376,381544000,53.37270992422529,0.0,0.0
2016-12-09,2.261134624481201,382312000,46.29484149011367,0.0,0.0
2016-12-12,2.206219434738159,601332000,42.16585477935734,0.0,0.0
2016-12-13,2.2451276779174805,387796000,44.598319692679105,0.0,0.0
2016-12-14,2.375153064727783,983980000,54.682800595016126,0.0,0.0
2016-12-15,2.4308061599731445,746548000,57.968430185921456,0.0,0.0
2016-12-16,2.472670316696167,1089528000,60.43046737472344,0.0,0.0
2016-12-19,2.502713203430176,744656000,63.710694364671205,0.0,0.0
2016-12-20,2.589888095855713,848056000,69.62172816264571,0.0,0.0
2016-12-21,2.6061410903930664,576136000,81.200618574685,0.0,0.0
2016-12-22,2.6376631259918213,718612000,81.49894888149774,0.0,0.0
2016-12-23,2.7034127712249756,647692000,81.01169693157624,0.0,0.0
2016-12-27,2.889091968536377,1194272000,84.29345530640877,0.0,0.0
2016-12-28,2.690361738204956,2295764000,67.1753361623384,0.0,0.0
2016-12-29,2.7440454959869385,2175368000,71.43536536816879,0.0,0.0
2016-12-30,2.6285502910614014,1212932000,66.6146636758503,0.0,0.0
2017-01-03,2.512071132659912,1501996000,63.10125628817201,0.0,0.0
2017-01-04,2.570680856704712,1199220000,63.71371031821044,0.0,0.0
2017-01-05,2.505422353744507,984296000,55.80421483830455,0.0,0.0
2017-01-06,2.5389130115509033,822856000,54.91379948590861,0.0,0.0
2017-01-09,2.6418492794036865,916248000,57.285255164076084,0.0,0.0
2017-01-10,2.6219027042388916,880920000,55.177609448502636,0.0,0.0
2017-01-11,2.58964204788208,525664000,49.98877551405576,0.0,0.0
2017-01-12,2.547285318374634,625616000,47.3776567379208,0.0,0.0
2017-01-13,2.5470404624938965,457820000,45.846506633013504,0.0,0.0
2017-01-17,2.489908218383789,580612000,40.13656925672619,0.0,0.0
2017-01-18,2.535219192504883,654424000,31.215658077022212,0.0,0.0
2017-01-19,2.58964204788208,644872000,43.68629976572355,0.0,0.0
2017-01-20,2.5613222122192383,492024000,38.16963906413489,0.0,0.0
2017-01-23,2.587918996810913,369904000,47.027118849112476,0.0,0.0
2017-01-24,2.643080234527588,428052000,60.53046595577237,0.0,0.0
2017-01-25,2.6544082164764404,522760000,57.28360067941362,0.0,0.0
2017-01-26,2.700212001800537,458800000,67.53877325546755,0.0,0.0
2017-01-27,2.7524189949035645,471996000,68.59718055510463,0.0,0.0
2017-01-30,2.7093234062194824,496004000,56.56124116106986,0.0,0.0
2017-01-31,2.6886372566223145,362756000,56.48000387241341,0.0,0.0
2017-02-01,2.806102991104126,590004000,68.03445027978223,0.0,0.0
2017-02-02,2.841564178466797,483240000,74.80283866676935,0.0,0.0
2017-02-03,2.8166913986206055,372744000,71.8212145747614,0.0,0.0
2017-02-06,2.8888447284698486,506768000,81.5172859252466,0.0,0.0
2017-02-07,2.9336636066436768,746224000,81.50290362383166,0.0,0.0
2017-02-08,2.920858860015869,449580000,78.03239668343538,0.0,0.0
2017-02-09,2.865943431854248,842568000,74.6708537812455,0.0,0.0
2017-02-10,2.79797625541687,1651092000,65.94384143373802,0.0,0.0
2017-02-13,2.6689376831054688,1180724000,51.76472748206925,0.0,0.0
2017-02-14,2.6787869930267334,850632000,51.66717546736776,0.0,0.0
2017-02-15,2.6842048168182373,373020000,48.84132370944014,0.0,0.0
2017-02-16,2.6411094665527344,647176000,41.835191273434425,0.0,0.0
2017-02-17,2.640617609024048,563740000,44.6242809647243,0.0,0.0
2017-02-21,2.7351808547973633,551952000,53.26431312330809,0.0,0.0
2017-02-22,2.7309889793395996,433772000,43.7367563530873,0.0,0.0
2017-02-23,2.4777629375457764,1592888000,27.746611624524263,0.0,0.0
2017-02-24,2.5016798973083496,1029904000,30.70847694216762,0.0,0.0
2017-02-27,2.57441782951355,715400000,30.758056185536844,0.0,0.0
2017-02-28,2.50217342376709,625360000,24.451731350660467,0.0,0.0
2017-03-01,2.5344738960266113,504804000,27.638631490349212,0.0,0.0
2017-03-02,2.4410250186920166,754332000,26.45854982458461,0.0,0.0
2017-03-03,2.4269697666168213,864692000,28.13951651627879,0.0,0.0
2017-03-06,2.408230781555176,883568000,32.343590541250265,0.0,0.0
2017-03-07,2.4346139430999756,603400000,33.825576331165706,0.0,0.0
2017-03-08,2.4301748275756836,638712000,33.15078942306636,0.0,0.0
2017-03-09,2.429682493209839,478060000,35.136536024826924,0.0,0.0
2017-03-10,2.443983554840088,499740000,36.4397729656848,0.0,0.0
2017-03-13,2.511296510696411,774136000,33.95759925664795,0.0,0.0
2017-03-14,2.5095694065093994,522016000,34.07797139110501,0.0,0.0
2017-03-15,2.5285565853118896,615036000,55.508045641967804,0.0,0.0
2017-03-16,2.559623956680298,523100000,56.187480021210995,0.0,0.0
2017-03-17,2.615349292755127,1119688000,54.535605728327624,0.0,0.0
2017-03-20,2.698688268661499,748568000,71.25320099860286,0.0,0.0
2017-03-21,2.611402988433838,913484000,57.435591695618406,0.0,0.0
2017-03-22,2.664661407470703,616764000,73.43643830077806,0.0,0.0
2017-03-23,2.640498638153076,533940000,71.91297873319968,0.0,0.0
2017-03-24,2.6498677730560303,439500000,75.28375744696316,0.0,0.0
2017-03-27,2.6690995693206787,506644000,74.90824159473344,0.0,0.0
2017-03-28,2.655292272567749,432444000,73.44645825858804,0.0,0.0
2017-03-29,2.646662473678589,349992000,72.22224185594193,0.0,0.0
2017-03-30,2.697455644607544,525532000,74.15415637836277,0.0,0.0
2017-03-31,2.685866117477417,440808000,68.6118953638872,0.0,0.0
2017-04-03,2.6723058223724365,445232000,66.92327866352876,0.0,0.0
2017-04-04,2.484912872314453,1271280000,46.638716023641145,0.0,0.0
2017-04-05,2.4664206504821777,747048000,42.68002627987799,0.0,0.0
2017-04-06,2.4844210147857666,635120000,39.06948860889572,0.0,0.0
2017-04-07,2.473817825317383,429068000,28.631640381624152,0.0,0.0
2017-04-10,2.4106969833374023,756332000,30.009830136833415,0.0,0.0
2017-04-11,2.4193272590637207,618148000,23.180702436722584,0.0,0.0
2017-04-12,2.3993539810180664,414092000,23.39499326413565,0.0,0.0
2017-04-13,2.3544790744781494,506892000,19.778109608472576,0.0,0.0
2017-04-17,2.4466965198516846,497292000,30.202174230657164,0.0,0.0
2017-04-18,2.4481747150421143,370116000,31.1490734056364,0.0,0.0
2017-04-19,2.4577908515930176,380828000,32.840546665884574,0.0,0.0
2017-04-20,2.496748685836792,404016000,31.364513782602344,0.0,0.0
2017-04-21,2.5071048736572266,341896000,33.36405516634153,0.0,0.0
2017-04-24,2.538419008255005,371820000,37.93873156203466,0.0,0.0
2017-04-25,2.582554817199707,388440000,61.856343708256226,0.0,0.0
2017-04-26,2.564802408218384,327004000,61.96767865760283,0.0,0.0
2017-04-27,2.604746103286743,319700000,63.89517344358454,0.0,0.0
2017-04-28,2.5717055797576904,348248000,60.74717045282695,0.0,0.0
2017-05-01,2.6294033527374268,307732000,74.30132083900426,0.0,0.0
2017-05-02,2.5514864921569824,629972000,62.725354346859426,0.0,0.0
2017-05-03,2.5704739093780518,336904000,66.50814522103035,0.0,0.0
2017-05-04,2.5606114864349365,209788000,71.32653307664378,0.0,0.0
2017-05-05,2.5608572959899902,228428000,64.58717590001328,0.0,0.0
2017-05-08,2.5339810848236084,365240000,60.295859009378596,0.0,0.0
2017-05-09,2.538172483444214,847672000,59.77216385028364,0.0,0.0
2017-05-10,2.9906251430511475,2129096000,79.94013190509634,0.0,0.0
2017-05-11,3.1190872192382812,1939792000,82.45284881171106,0.0,0.0
2017-05-12,3.153360366821289,962620000,82.5077442967312,0.0,0.0
2017-05-15,3.3116567134857178,1087540000,84.39163830070812,0.0,0.0
2017-05-16,3.3732993602752686,1120700000,86.62039100985788,0.0,0.0
2017-05-17,3.1491687297821045,1271368000,71.13317221710692,0.0,0.0
2017-05-18,3.2810826301574707,1156032000,75.57328623502971,0.0,0.0
2017-05-19,3.356858253479004,1018372000,75.88757373547898,0.0,0.0
2017-05-22,3.4284396171569824,836608000,81.3490503638028,0.0,0.0
2017-05-23,3.382282018661499,681248000,78.46727737261703,0.0,0.0
2017-05-24,3.4202935695648193,815996000,79.56243393167203,0.0,0.0
2017-05-25,3.412641763687134,608228000,79.1424168799728,0.0,0.0
2017-05-26,3.5010061264038086,779140000,81.74935232362338,0.0,0.0
2017-05-30,3.5757944583892822,989652000,82.55791090116547,0.0,0.0
2017-05-31,3.562959909439087,887316000,74.80036026887885,0.0,0.0
2017-06-01,3.563206434249878,503340000,71.65023327541715,0.0,0.0
2017-06-02,3.545435667037964,487456000,69.42570795558741,0.0,0.0
2017-06-05,3.65329909324646,817376000,67.81738667680929,0.0,0.0
2017-06-06,3.6367604732513428,758728000,64.41838421678908,0.0,0.0
2017-06-07,3.6806960105895996,612612000,86.2355225075467,0.0,0.0
2017-06-08,3.9477641582489014,1161744000,88.37730562774355,0.0,0.0
2017-06-09,3.692544460296631,3692928000,66.01506907409954,0.0,0.0
2017-06-12,3.701676845550537,1697532000,63.8617004278894,0.0,0.0
2017-06-13,3.736973524093628,1672504000,68.1944875611815,0.0,0.0
2017-06-14,3.744872808456421,1184640000,67.18059194997312,0.0,0.0
2017-06-15,3.760915756225586,963824000,68.27248230214033,0.0,0.0
2017-06-16,3.742403030395508,924960000,63.6668170171973,0.0,0.0
2017-06-19,3.8830950260162354,778176000,66.18984693163605,0.0,0.0
2017-06-20,3.877417802810669,1095444000,66.6928136155035,0.0,0.0
2017-06-21,3.9361634254455566,682652000,68.64048449673703,0.0,0.0
2017-06-22,3.909012794494629,469132000,68.00287866224767,0.0,0.0
2017-06-23,3.796952247619629,1088588000,57.08368338363182,0.0,0.0
2017-06-26,3.7554855346679688,1063960000,55.71397777295205,0.0,0.0
2017-06-27,3.6180026531219482,999492000,47.23195239797636,0.0,0.0
2017-06-28,3.745612144470215,994948000,39.82103222761542,0.0,0.0
2017-06-29,3.620471239089966,1064424000,45.823826856691944,0.0,0.0
2017-06-30,3.568143606185913,731060000,42.63147151549214,0.0,0.0
2017-07-03,3.439051866531372,709072000,35.10243195422484,0.0,0.0
2017-07-05,3.5308728218078613,820188000,40.12753037282803,0.0,0.0
2017-07-06,3.5414857864379883,746284000,39.82605698683996,0.0,0.0
2017-07-07,3.6224453449249268,654972000,44.74256610419069,0.0,0.0
2017-07-10,3.7937440872192383,958492000,46.186295329959755,0.0,0.0
2017-07-11,3.8475520610809326,757956000,48.77556845163839,0.0,0.0
2017-07-12,4.011198043823242,1145208000,52.83261315633863,0.0,0.0
2017-07-13,3.9647953510284424,1369132000,52.075662244937554,0.0,0.0
2017-07-14,4.07142448425293,941948000,60.254530364863015,0.0,0.0
2017-07-17,4.054147243499756,930792000,61.363667047798415,0.0,0.0
2017-07-18,4.096354007720947,776640000,69.62335344000968,0.0,0.0
2017-07-19,4.075127124786377,687044000,64.81033791496273,0.0,0.0
2017-07-20,4.1343674659729,699596000,74.5519512218676,0.0,0.0
2017-07-21,4.14917516708374,648332000,78.79162675375878,0.0,0.0
2017-07-24,4.101046085357666,652524000,85.66525354698564,0.0,0.0
2017-07-25,4.081297874450684,496556000,82.1512474670773,0.0,0.0
2017-07-26,4.128443241119385,640404000,82.88182341909872,0.0,0.0
2017-07-27,3.9921929836273193,782856000,69.50523488493944,0.0,0.0
2017-07-28,4.0576019287109375,513348000,65.66988327907025,0.0,0.0
2017-07-31,4.011198043823242,559672000,59.80476672556227,0.0,0.0
2017-08-01,4.06007194519043,431384000,53.39519687106899,0.0,0.0
2017-08-02,4.0576019287109375,478444000,56.86624202865664,0.0,0.0
2017-08-03,4.109189033508301,442420000,53.04172138399435,0.0,0.0
2017-08-04,4.127206802368164,589096000,55.87752499162102,0.0,0.0
2017-08-07,4.254076957702637,717412000,61.167338213111655,0.0,0.0
2017-08-08,4.2034783363342285,755336000,58.72482892162687,0.0,0.0
2017-08-09,4.248152732849121,530784000,57.89095373350162,0.0,0.0
2017-08-10,4.066240310668945,1328088000,45.330717797474485,0.0,0.0
2017-08-11,3.84952712059021,1497196000,38.098556516608376,0.0,0.0
2017-08-14,4.156581401824951,1279020000,52.80076694198599,0.0,0.0
2017-08-15,4.1215314865112305,764532000,49.740526800103744,0.0,0.0
2017-08-16,4.076361656188965,596632000,53.39169716506678,0.0,0.0
2017-08-17,3.9855289459228516,525444000,47.154028158279786,0.0,0.0
2017-08-18,3.986268997192383,601204000,48.97878960537173,0.0,0.0
2017-08-21,3.928265333175659,623672000,44.64067439581011,0.0,0.0
2017-08-22,4.015718460083008,450456000,48.40708118477674,0.0,0.0
2017-08-23,4.09600830078125,579520000,49.50941852486985,0.0,0.0
2017-08-24,4.080937385559082,469700000,48.27408657655695,0.0,0.0
2017-08-25,4.046844959259033,357200000,41.69514228456057,0.0,0.0
2017-08-28,4.075503349304199,389496000,44.779578334917005,0.0,0.0
2017-08-29,4.068831443786621,324096000,42.4509813874636,0.0,0.0
2017-08-30,4.093045234680176,384400000,51.30119147194867,0.0,0.0
2017-08-31,4.1859331130981445,612684000,68.56158455191672,0.0,0.0
2017-09-01,4.2111310958862305,445432000,54.36864051853616,0.0,0.0
2017-09-05,4.09872579574585,695364000,48.37493940366498,0.0,0.0
2017-09-06,4.096253871917725,397672000,51.50929484015255,0.0,0.0
2017-09-07,4.115278244018555,352868000,61.04848040546139,0.0,0.0
2017-09-08,4.043880939483643,498856000,54.37887862421909,0.0,0.0
2017-09-11,4.17506217956543,567444000,66.88038931242289,0.0,0.0
2017-09-12,4.190132141113281,411488000,63.24057569661236,0.0,0.0
2017-09-13,4.208907604217529,580960000,59.45366956127148,0.0,0.0
2017-09-14,4.1849446296691895,513712000,58.581299885077655,0.0,0.0
2017-09-15,4.449529647827148,1364792000,74.06951465722852,0.0,0.0
2017-09-18,4.633330821990967,1684460000,78.12633176440309,0.0,0.0
2017-09-19,4.628390789031982,874280000,78.26301514411017,0.0,0.0
2017-09-20,4.591087341308594,724920000,74.82752057239928,0.0,0.0
2017-09-21,4.465588092803955,1075600000,63.501872895774184,0.0,0.0
2017-09-22,4.4221086502075195,491232000,60.00940114348787,0.0,0.0
2017-09-25,4.2244720458984375,874580000,55.51940658243482,0.0,0.0
2017-09-26,4.24818754196167,1125620000,56.54676616485213,0.0,0.0
2017-09-27,4.341323375701904,713720000,59.15545498808114,0.0,0.0
2017-09-28,4.340088844299316,435244000,62.72020440958161,0.0,0.0
2017-09-29,4.416425704956055,619092000,60.87736412862322,0.0,0.0
2017-10-02,4.4221086502075195,503480000,60.543532237404996,0.0,0.0
2017-10-03,4.431249618530273,390332000,60.19492245997413,0.0,0.0
2017-10-04,4.468304634094238,427848000,62.838605177386086,0.0,0.0
2017-10-05,4.46583366394043,437364000,50.96882402678254,0.0,0.0
2017-10-06,4.4789299964904785,318800000,38.49005122209951,0.0,0.0
2017-10-09,4.579969882965088,563492000,46.8427766399798,0.0,0.0
2017-10-10,4.667422771453857,974876000,54.67182139689103,0.0,0.0
2017-10-11,4.7170796394348145,529508000,66.96665579374164,0.0,0.0
2017-10-12,4.719304084777832,528292000,71.23189438327026,0.0,0.0
2017-10-13,4.807250499725342,628728000,99.37214814244372,0.0,0.0
2017-10-16,4.889764785766602,576640000,99.42903195950623,0.0,0.0
2017-10-17,4.885317802429199,478596000,98.54497457237962,0.0,0.0
2017-10-18,4.881117343902588,567316000,98.02607665076138,0.0,0.0
2017-10-19,4.886552810668945,570772000,97.74182773556205,0.0,0.0
2017-10-20,4.864318370819092,451620000,93.44628530507669,0.0,0.0
2017-10-23,4.857400417327881,428696000,92.05221600127908,0.0,0.0
2017-10-24,4.9082932472229,407244000,92.26350047876234,0.0,0.0
2017-10-25,4.784276485443115,828160000,74.79790498987691,0.0,0.0
2017-10-26,4.834425926208496,322744000,76.17292470533569,0.0,0.0
2017-10-27,4.98685359954834,572192000,77.84902641593378,0.0,0.0
2017-10-30,5.035768032073975,504056000,76.61536907143612,0.0,0.0
2017-10-31,5.109139919281006,411908000,77.39023566098399,0.0,0.0
2017-11-01,5.1187744140625,502576000,77.62193065749938,0.0,0.0
2017-11-02,5.087647438049316,342308000,71.0418442396383,0.0,0.0
2017-11-03,5.155585289001465,353640000,70.39415095389631,0.0,0.0
2017-11-06,5.178807735443115,389944000,71.88645079094705,0.0,0.0
2017-11-07,5.238098621368408,427700000,74.59993625930498,0.0,0.0
2017-11-08,5.167196273803711,522988000,67.73888140754278,0.0,0.0
2017-11-09,5.072330474853516,978564000,62.042311186262864,0.0,0.0
2017-11-10,5.339634418487549,1253256000,71.45058706590603,0.0,0.0
2017-11-13,5.252920150756836,582376000,64.8561541198766,0.0,0.0
2017-11-14,5.2912139892578125,529292000,73.59700774467196,0.0,0.0
2017-11-15,5.1874542236328125,501948000,65.65165505719384,0.0,0.0
2017-11-16,5.227723121643066,441768000,61.85839143532216,0.0,0.0
2017-11-17,5.221546173095703,515664000,59.547938446805915,0.0,0.0
2017-11-20,5.288741588592529,396100000,59.28947916013252,0.0,0.0
2017-11-21,5.3374104499816895,399176000,60.86953757191238,0.0,0.0
2017-11-22,5.313429355621338,356640000,61.30512157751261,0.0,0.0
2017-11-24,5.363613605499268,180752000,60.604720598361375,0.0,0.0
2017-11-27,5.293899059295654,422896000,55.601526872559496,0.0,0.0
2017-11-28,5.209105014801025,512752000,48.623054773616616,0.0,0.0
2017-11-29,4.855832099914551,1396788000,38.34011957916207,0.0,0.0
2017-11-30,4.961886882781982,823768000,45.89850889260936,0.0,0.0
2017-12-01,4.88698148727417,811548000,30.38739972770429,0.0,0.0
2017-12-04,4.614548683166504,1240844000,26.174898162596747,0.0,0.0
2017-12-05,4.6412482261657715,981488000,25.53041049875428,0.0,0.0
2017-12-06,4.678825378417969,467032000,29.847130846765552,0.0,0.0
2017-12-07,4.74631404876709,542600000,31.3283784940148,0.0,0.0
2017-12-08,4.733953952789307,466876000,31.17883509960616,0.0,0.0
2017-12-11,4.812322616577148,372748000,31.767395601466887,0.0,0.0
2017-12-12,4.7178850173950195,455016000,27.09315717569558,0.0,0.0
2017-12-13,4.602682113647461,554280000,25.381000505350812,0.0,0.0
2017-12-14,4.609852313995361,438164000,23.089167081066265,0.0,0.0
2017-12-15,4.735683441162109,670036000,30.83834961846769,0.0,0.0
2017-12-18,4.892419338226318,477704000,39.640894128274695,0.0,0.0
2017-12-19,4.84816837310791,373100000,49.68578755946953,0.0,0.0
2017-12-20,4.8652262687683105,288820000,45.724944285224325,0.0,0.0
2017-12-21,4.8427300453186035,300904000,47.94772954508198,0.0,0.0
2017-12-22,4.827402114868164,466276000,62.962981249200716,0.0,0.0
2017-12-26,4.881047248840332,355080000,64.1399183350909,0.0,0.0
2017-12-27,4.874373435974121,329488000,61.96675415801844,0.0,0.0
2017-12-28,4.880059242248535,240248000,58.85443193411191,0.0,0.0
2017-12-29,4.783645153045654,279964000,52.960281731115856,0.0,0.0
2018-01-02,4.928267002105713,355616000,56.40186550640285,0.0,0.0
2018-01-03,5.2526140213012695,914704000,73.54678197970341,0.0,0.0
2018-01-04,5.280301570892334,583268000,82.3308528242721,0.0,0.0
2018-01-05,5.325049877166748,580124000,82.94251439696112,0.0,0.0
2018-01-08,5.488213062286377,881216000,83.50963184040188,0.0,0.0
2018-01-09,5.486729621887207,497000000,80.71043259194404,0.0,0.0
2018-01-10,5.529745101928711,582664000,85.2648732848844,0.0,0.0
2018-01-11,5.539633750915527,406032000,85.1547399189425,0.0,0.0
2018-01-12,5.5124382972717285,359916000,84.73959034749228,0.0,0.0
2018-01-16,5.441488265991211,702348000,80.11643938311758,0.0,0.0
2018-01-17,5.555455684661865,538408000,81.22717751717843,0.0,0.0
2018-01-18,5.548532962799072,408632000,81.2084585620197,0.0,0.0
2018-01-19,5.688704967498779,609380000,83.28918504487908,0.0,0.0
2018-01-22,5.777207851409912,550944000,91.16974700609768,0.0,0.0
2018-01-23,5.90625524520874,475228000,91.05428452965873,0.0,0.0
2018-01-24,5.829370975494385,579972000,80.56058372604376,0.0,0.0
2018-01-25,5.842967987060547,409884000,80.26590856870233,0.0,0.0
2018-01-26,6.015524864196777,516356000,82.65129994644546,0.0,0.0
2018-01-29,6.102546215057373,455116000,81.30503505448404,0.0,0.0
2018-01-30,6.0004472732543945,570832000,73.74320122556473,0.0,0.0
2018-01-31,6.076588153839111,478576000,74.52329914280037,0.0,0.0
2018-02-01,5.945562839508057,519224000,66.41998217376963,0.0,0.0
2018-02-02,5.773005962371826,718464000,59.43098861519305,0.0,0.0
2018-02-05,5.283022880554199,1165204000,45.599349623742015,0.0,0.0
2018-02-06,5.576716423034668,1114800000,50.536831895358986,0.0,0.0
2018-02-07,5.656321048736572,802932000,52.6252826701484,0.0,0.0
2018-02-08,5.377460479736328,1144000000,42.899063555151,0.0,0.0
2018-02-09,5.737407684326172,1674604000,49.19204443859857,0.0,0.0
2018-02-12,5.637283802032471,1093172000,44.474917397967026,0.0,0.0
2018-02-13,5.751002788543701,625524000,48.41419571582103,0.0,0.0
2018-02-14,5.968308448791504,744988000,52.34312936377548,0.0,0.0
2018-02-15,6.093892574310303,698900000,51.4912040617281,0.0,0.0
2018-02-16,6.028134822845459,637656000,48.572526001350965,0.0,0.0
2018-02-20,6.157675266265869,686240000,52.984763735975875,0.0,0.0
2018-02-21,5.970531463623047,892292000,48.068075425579806,0.0,0.0
2018-02-22,5.99007511138916,534364000,50.84515954220179,0.0,0.0
2018-02-23,6.08358097076416,415300000,56.079422734409995,0.0,0.0
2018-02-26,6.099659442901611,469312000,69.62683083965473,0.0,0.0
2018-02-27,6.08679723739624,455436000,64.1722396277186,0.0,0.0
2018-02-28,5.98636531829834,523116000,59.06513490990961,0.0,0.0
2018-03-01,5.74418830871582,1040120000,60.279853694535824,0.0,0.0
2018-03-02,5.851300239562988,913428000,53.71982508107119,0.0,0.0
2018-03-05,5.829283714294434,620776000,56.60802447305432,0.0,0.0
2018-03-06,5.990321159362793,636808000,57.976763729972085,0.0,0.0
2018-03-07,5.982406139373779,581208000,50.54612261456373,0.0,0.0
2018-03-08,5.9660797119140625,411912000,44.590840004894595,0.0,0.0
2018-03-09,6.0687384605407715,505524000,51.66633731408282,0.0,0.0
2018-03-12,6.178323745727539,605060000,50.86150548468782,0.0,0.0
2018-03-13,6.1276116371154785,619772000,57.39574805895455,0.0,0.0
2018-03-14,6.153090953826904,505496000,57.632554071430064,0.0,0.0
2018-03-15,6.167934417724609,401952000,54.26356512351658,0.0,0.0
2018-03-16,6.1961350440979,399456000,54.817237328837564,0.0,0.0
2018-03-19,5.961627006530762,713772000,44.88267179329546,0.0,0.0
2018-03-20,6.173871040344238,554696000,57.02365378556525,0.0,0.0
2018-03-21,6.148638725280762,438688000,68.0902042620257,0.0,0.0
2018-03-22,5.98265266418457,551196000,55.58117360876048,0.0,0.0
2018-03-23,5.762988567352295,735620000,47.58820217624132,0.0,0.0
2018-03-26,6.047709941864014,611424000,51.915414601276304,0.0,0.0
2018-03-27,5.578698635101318,1409000000,39.69699271944282,0.0,0.0
2018-03-28,5.47554349899292,945904000,38.0123224497459,0.0,0.0
2018-03-29,5.728851795196533,916628000,42.26352738333489,0.0,0.0
2018-04-02,5.468123435974121,922092000,34.87516029184273,0.0,0.0
2018-04-03,5.574492454528809,667432000,38.493231368569894,0.0,0.0
2018-04-04,5.596508502960205,789168000,38.40447491475296,0.0,0.0
2018-04-05,5.476285457611084,701240000,36.19665778362108,0.0,0.0
2018-04-06,5.299911975860596,662988000,33.11269340097071,0.0,0.0
2018-04-09,5.328605651855469,499524000,37.06919605218126,0.0,0.0
2018-04-10,5.637819290161133,761676000,39.46727247674946,0.0,0.0
2018-04-11,5.596508502960205,460244000,39.21946718173927,0.0,0.0
2018-04-12,5.803308963775635,593920000,46.55318860263204,0.0,0.0
2018-04-13,5.726624965667725,503036000,49.26048385510723,0.0,0.0
2018-04-16,5.726377964019775,350792000,42.61011620794464,0.0,0.0
2018-04-17,5.87603759765625,447224000,58.01546632213611,0.0,0.0
2018-04-18,5.84709358215332,391364000,60.43345000284302,0.0,0.0
2018-04-19,5.665771484375,471996000,48.15401883369298,0.0,0.0
2018-04-20,5.657608509063721,386200000,56.506952964045674,0.0,0.0
2018-04-23,5.538127899169922,427508000,48.76237866516055,0.0,0.0
2018-04-24,5.471834182739258,414596000,45.881010297883634,0.0,0.0
2018-04-25,5.359528541564941,588492000,46.12229923425119,0.0,0.0
2018-04-26,5.571276664733887,375824000,58.80558745443132,0.0,0.0
2018-04-27,5.598733425140381,400848000,58.77249247157168,0.0,0.0
2018-04-30,5.563361167907715,327844000,47.058823008926915,0.0,0.0
2018-05-01,5.618772029876709,253788000,50.86974446241516,0.0,0.0
2018-05-02,5.598240375518799,268248000,40.6243154775154,0.0,0.0
2018-05-03,5.763483047485352,443144000,51.55890512015494,0.0,0.0
2018-05-04,5.913638114929199,400660000,57.028830076037096,0.0,0.0
2018-05-07,6.151607990264893,687616000,59.70047480641832,0.0,0.0
2018-05-08,6.194154262542725,506616000,62.101150820251256,0.0,0.0
2018-05-09,6.327240467071533,596760000,73.86660306531039,0.0,0.0
2018-05-10,6.434847354888916,994080000,76.16601698387905,0.0,0.0
2018-05-11,6.296319484710693,1214456000,75.20158274092361,0.0,0.0
2018-05-14,6.316851615905762,523140000,78.96886816583098,0.0,0.0
2018-05-15,6.074428558349609,963528000,72.50080679159139,0.0,0.0
2018-05-16,6.085559368133545,553828000,68.52613497247484,0.0,0.0
2018-05-17,6.1276116371154785,519784000,68.85365602509242,0.0,0.0
2018-05-18,6.083828449249268,483716000,68.44322101251717,0.0,0.0
2018-05-21,6.041774749755859,640624000,65.13273087503448,0.0,0.0
2018-05-22,6.00368070602417,518264000,64.32444717150858,0.0,0.0
2018-05-23,6.127193450927734,442956000,63.24052561854603,0.0,0.0
2018-05-24,6.130906581878662,437372000,58.853412860608366,0.0,0.0
2018-05-25,6.170263767242432,292112000,50.90701133248682,0.0,0.0
2018-05-29,6.153182029724121,352684000,47.95742341949144,0.0,0.0
2018-05-30,6.262094974517822,390996000,46.67211260626526,0.0,0.0
2018-05-31,6.242291450500488,493868000,39.194130344682605,0.0,0.0
2018-06-01,6.3766961097717285,421968000,54.5315524197641,0.0,0.0
2018-06-04,6.555656433105469,642024000,61.422970021054404,0.0,0.0
2018-06-05,6.561102867126465,391712000,80.10455622485902,0.0,0.0
2018-06-06,6.563082695007324,371356000,79.87673724041382,0.0,0.0
2018-06-07,6.507391452789307,369448000,73.3625909452355,0.0,0.0
2018-06-08,6.492044448852539,360456000,76.02228302304006,0.0,0.0
2018-06-11,6.450954914093018,265372000,76.1158476552267,0.0,0.0
2018-06-12,6.499468803405762,319160000,81.22821975873184,0.0,0.0
2018-06-13,6.495012283325195,338208000,77.25561119362672,0.0,0.0
2018-06-14,6.606646537780762,430016000,80.39176240707614,0.0,0.0
2018-06-15,6.565804481506348,432260000,75.22053533938993,0.0,0.0
2018-06-18,6.56159782409668,356268000,76.47618732165449,0.0,0.0
2018-06-19,6.439815998077393,594932000,61.33196768818544,0.0,0.0
2018-06-20,6.492786407470703,369780000,65.32407851915792,0.0,0.0
2018-06-21,6.364074230194092,359516000,49.222437574655864,0.0,0.0
2018-06-22,6.2115983963012695,434160000,28.08959644406255,0.0,0.0
2018-06-25,5.918780326843262,665816000,20.055431893838602,0.0,0.0
2018-06-26,5.989817142486572,478884000,24.89149150843093,0.0,0.0
2018-06-27,5.834622859954834,453892000,22.895826127229242,0.0,0.0
2018-06-28,5.961848258972168,338012000,30.406032339688892,0.0,0.0
2018-06-29,5.863829135894775,392300000,29.17827259655614,0.0,0.0
2018-07-02,5.996006011962891,357572000,33.145435392367986,0.0,0.0
2018-07-03,5.862344741821289,222732000,30.506375568244408,0.0,0.0
2018-07-05,6.008134841918945,306216000,31.938929059469118,0.0,0.0
2018-07-06,6.121995449066162,296352000,37.1726259249039,0.0,0.0
2018-07-09,6.169521331787109,303880000,38.94468358280075,0.0,0.0
2018-07-10,6.268529415130615,360016000,45.107425057624496,0.0,0.0
2018-07-11,6.126946449279785,367508000,40.05376383293924,0.0,0.0
2018-07-12,6.218530654907227,345508000,45.961518919392844,0.0,0.0
2018-07-13,6.171252250671387,246988000,48.811083779671,0.0,0.0
2018-07-16,6.143531322479248,197036000,57.849286958794735,0.0,0.0
2018-07-17,6.279420852661133,362136000,59.67591968834921,0.0,0.0
2018-07-18,6.230165004730225,277640000,64.22220755462749,0.0,0.0
2018-07-19,6.238332748413086,235752000,60.8721896383842,0.0,0.0
2018-07-20,6.210114479064941,222352000,64.40789531784534,0.0,0.0
2018-07-23,6.173480987548828,301584000,58.021994056641766,0.0,0.0
2018-07-24,6.156155109405518,354620000,64.84127607367003,0.0,0.0
2018-07-25,6.234371662139893,319112000,62.26523672929305,0.0,0.0
2018-07-26,6.307887554168701,325124000,60.53901223586064,0.0,0.0
2018-07-27,6.2380852699279785,295420000,53.791413251282,0.0,0.0
2018-07-30,6.042788028717041,340340000,38.71844946578477,0.0,0.0
2018-07-31,6.060859680175781,283988000,46.23212965219849,0.0,0.0
2018-08-01,6.100709438323975,283556000,42.86142620743348,0.0,0.0
2018-08-02,6.203429698944092,269668000,51.8268405686825,0.0,0.0
2018-08-03,6.240065097808838,214288000,55.42568466171399,0.0,0.0
2018-08-06,6.287836074829102,207508000,50.5249784728599,0.0,0.0
2018-08-07,6.360113620758057,258132000,57.880420598726886,0.0,0.0
2018-08-08,6.396498203277588,262100000,59.27417431117035,0.0,0.0
2018-08-09,6.3479838371276855,204280000,57.89615314669196,0.0,0.0
2018-08-10,6.306648254394531,256396000,57.585993166362,0.0,0.0
2018-08-13,6.339569568634033,375208000,60.26596269195364,0.0,0.0
2018-08-14,6.471002578735352,466220000,62.49991721229311,0.0,0.0
2018-08-15,6.412836074829102,591136000,55.63523976601216,0.0,0.0
2018-08-16,6.372242450714111,801260000,57.43688229348171,0.0,0.0
2018-08-17,6.059869289398193,1143188000,50.838098443490615,0.0,0.0
2018-08-20,6.134620189666748,854388000,53.42840216410255,0.0,0.0
2018-08-21,6.270262241363525,673988000,57.236448856761754,0.0,0.0
2018-08-22,6.505409240722656,749856000,61.57944885436209,0.0,0.0
2018-08-23,6.60491418838501,720684000,63.34668267041581,0.0,0.0
2018-08-24,6.738081932067871,531512000,65.5020663458176,0.0,0.0
2018-08-27,6.829170227050781,505776000,65.9432096387339,0.0,0.0
2018-08-28,6.7915472984313965,475384000,63.41640382816903,0.0,0.0
2018-08-29,6.897048473358154,420108000,67.95210887612458,0.0,0.0
2018-08-30,6.880209445953369,346608000,69.0583329786638,0.0,0.0
2018-08-31,6.951287269592285,306592000,69.8235282146384,0.0,0.0
2018-09-04,7.0260796546936035,391720000,68.6735238382833,0.0,0.0
2018-09-05,6.895316123962402,393156000,65.475366905188,0.0,0.0
2018-09-06,6.754149436950684,322796000,61.507120124129756,0.0,0.0
2018-09-07,6.732851505279541,295420000,74.59078756607218,0.0,0.0
2018-09-10,6.803929328918457,220140000,74.52239838768342,0.0,0.0
2018-09-11,6.75613260269165,243112000,69.02622139500731,0.0,0.0
2018-09-12,6.642208576202393,419092000,55.918865860515275,0.0,0.0
2018-09-13,6.719972133636475,305536000,55.07363936983147,0.0,0.0
2018-09-14,6.84603214263916,386936000,54.790241603238364,0.0,0.0
2018-09-17,6.784117221832275,205528000,47.947654972172465,0.0,0.0
2018-09-18,6.712048053741455,299520000,46.488687627191354,0.0,0.0
2018-09-19,6.735823631286621,224860000,42.32495917804355,0.0,0.0
2018-09-20,6.594657897949219,430584000,37.84520686513939,0.0,0.0
2018-09-21,6.524570465087891,435128000,31.821036505297656,0.0,0.0
2018-09-24,6.58029317855835,293912000,30.69496134738175,0.0,0.0
2018-09-25,6.647408962249756,280388000,38.6378899722521,0.0,0.0
2018-09-26,6.610507965087891,268548000,42.72091306006302,0.0,0.0
2018-09-27,6.622394561767578,214428000,44.3486464506191,0.0,0.0
2018-09-28,6.959706783294678,709396000,56.26369146858742,0.0,0.0
2018-10-01,7.166255474090576,622060000,64.62376913137703,0.0,0.0
2018-10-02,7.094929218292236,383964000,66.64842927355957,0.0,0.0
2018-10-03,7.101120948791504,320552000,64.7952549046302,0.0,0.0
2018-10-04,6.916863918304443,391220000,52.63065750592725,0.0,0.0
2018-10-05,6.683320045471191,426636000,46.679724067030754,0.0,0.0
2018-10-08,6.582027435302734,408612000,45.79799814377505,0.0,0.0
2018-10-09,6.576331615447998,273500000,44.784595327864025,0.0,0.0
2018-10-10,6.084727764129639,684940000,36.43431633415944,0.0,0.0
2018-10-11,5.82319974899292,725436000,33.06625487340352,0.0,0.0
2018-10-12,6.105779647827148,608236000,39.67453705499573,0.0,0.0
2018-10-15,5.829392433166504,449760000,33.685706897247044,0.0,0.0
2018-10-16,6.088196277618408,408712000,40.43019780451684,0.0,0.0
2018-10-17,6.019596099853516,329668000,39.18037301927623,0.0,0.0
2018-10-18,5.932170391082764,524020000,29.739281653571496,0.0,0.0
2018-10-19,5.675597667694092,613608000,21.176178245224676,0.0,0.0
2018-10-22,5.7263665199279785,368844000,23.3249783753093,0.0,0.0
2018-10-23,5.4747443199157715,626436000,21.067934064064715,0.0,0.0
2018-10-24,4.938563346862793,884288000,18.723566494549715,0.0,0.0
2018-10-25,5.147341728210449,951720000,25.524912172789982,0.0,0.0
2018-10-26,4.910826206207275,664784000,24.47037923505995,0.0,0.0
2018-10-29,4.597043514251709,758016000,22.365188876505712,0.0,0.0
2018-10-30,5.027472972869873,807192000,34.98207228534483,0.0,0.0
2018-10-31,5.221390247344971,745772000,41.28409761309578,0.0,0.0
2018-11-01,5.401687145233154,566528000,39.49141348877091,0.0,0.0
2018-11-02,5.322682857513428,452960000,41.963876214978534,0.0,0.0
2018-11-05,5.244668960571289,379332000,35.80832532274745,0.0,0.0
2018-11-06,5.227086067199707,299012000,36.4337656529189,0.0,0.0
2018-11-07,5.294697284698486,483812000,39.01316549220389,0.0,0.0
2018-11-08,5.101522922515869,511352000,39.884783044618324,0.0,0.0
2018-11-09,5.093598365783691,413240000,38.67968498296499,0.0,0.0
2018-11-12,4.694125652313232,617116000,36.73628600869028,0.0,0.0
2018-11-13,4.936086177825928,644712000,49.95323360279749,0.0,0.0
2018-11-14,4.883583068847656,526580000,44.708294018436575,0.0,0.0
2018-11-15,5.012366771697998,840708000,52.1292169631621,0.0,0.0
2018-11-16,4.072253704071045,1963520000,41.28484257213589,0.0,0.0
2018-11-19,3.5836217403411865,1697820000,26.476772174164125,0.0,0.0
2018-11-20,3.6920976638793945,1692032000,24.371251657268644,0.0,0.0
2018-11-21,3.5838701725006104,1025496000,18.7819054553091,0.0,0.0
2018-11-23,3.591052293777466,411968000,19.509869734239146,0.0,0.0
2018-11-26,3.7904179096221924,814832000,25.443321374272415,0.0,0.0
2018-11-27,3.8072586059570312,738060000,26.0185916268008,0.0,0.0
2018-11-28,3.9642741680145264,804524000,28.187434889652025,0.0,0.0
2018-11-29,3.9010579586029053,549172000,29.44207417351913,0.0,0.0
2018-11-30,4.051538467407227,729564000,32.98549480999222,0.0,0.0
2018-12-03,4.215403079986572,890804000,41.53201311832458,0.0,0.0
2018-12-04,3.8948605060577393,812112000,32.08023177403459,0.0,0.0
2018-12-06,3.9241130352020264,692308000,33.3540507678547,0.0,0.0
2018-12-07,3.6593494415283203,681676000,27.584001318049687,0.0,0.0
2018-12-10,3.76470947265625,629472000,42.95663461908902,0.0,0.0
2018-12-11,3.67372727394104,671912000,52.523158869616445,0.0,0.0
2018-12-12,3.691329002380371,654136000,49.97732113217247,0.0,0.0
2018-12-13,3.6910805702209473,471384000,53.37837252650733,0.0,0.0
2018-12-14,3.630592107772827,471820000,51.20546497130179,0.0,0.0
2018-12-17,3.559443235397339,662868000,42.36096812769665,0.0,0.0
2018-12-18,3.6427395343780518,564372000,44.78796535769763,0.0,0.0
2018-12-19,3.433753728866577,745364000,33.728681100898896,0.0,0.0
2018-12-20,3.3492178916931152,749588000,33.293282673191655,0.0,0.0
2018-12-21,3.212125301361084,863740000,24.37944567952883,0.0,0.0
2018-12-24,3.150397300720215,463840000,15.332451350064119,0.0,0.0
2018-12-26,3.2996363639831543,695100000,28.192499271851247,0.0,0.0
2018-12-27,3.2517905235290527,637044000,25.698894837524577,0.0,0.0
2018-12-28,3.313271999359131,628728000,35.33613162360979,0.0,0.0
2018-12-31,3.309553384780884,465140000,28.896561701959087,0.0,0.0
2019-01-02,3.376983404159546,508752000,35.93418969540548,0.0,0.0
2019-01-03,3.1729562282562256,705552000,29.119198542004668,0.0,0.0
2019-01-04,3.3762400150299072,585620000,39.10059668188765,0.0,0.0
2019-01-07,3.5549800395965576,709160000,47.58049608992568,0.0,0.0
2019-01-08,3.466477870941162,786016000,47.057883939847514,0.0,0.0
2019-01-09,3.534651756286621,617260000,46.54623988989377,0.0,0.0
2019-01-10,3.6003472805023193,523156000,55.859804373485325,0.0,0.0
2019-01-11,3.6895945072174072,874764000,61.93294454578718,0.0,0.0
2019-01-14,3.729506254196167,730168000,69.46468679230605,0.0,0.0
2019-01-15,3.715376377105713,617012000,72.0449275548261,0.0,0.0
2019-01-16,3.6898417472839355,470104000,66.85229121614361,0.0,0.0
2019-01-17,3.7612390518188477,493436000,71.56352975561622,0.0,0.0
2019-01-18,3.8903980255126953,651336000,73.10443023687961,0.0,0.0
2019-01-22,3.6881062984466553,661552000,63.07587568513005,0.0,0.0
2019-01-23,3.7009973526000977,591020000,61.63020085072678,0.0,0.0
2019-01-24,3.9129579067230225,708972000,76.4113032151295,0.0,0.0
2019-01-25,3.9702231884002686,1154572000,73.66655362400067,0.0,0.0
2019-01-28,3.421358108520508,2511528000,45.888618909457726,0.0,0.0
2019-01-29,3.262450695037842,1153932000,43.98302629213354,0.0,0.0
2019-01-30,3.4059886932373047,974228000,46.36708031604069,0.0,0.0
2019-01-31,3.563656806945801,842852000,49.01516164789953,0.0,0.0
2019-02-01,3.58795166015625,625048000,47.17315512292491,0.0,0.0
2019-02-04,3.698270559310913,528592000,49.16402567073757,0.0,0.0
2019-02-05,3.7173593044281006,542424000,50.05292904694067,0.0,0.0
2019-02-06,3.7929704189300537,702464000,52.68109386480295,0.0,0.0
2019-02-07,3.6546390056610107,637120000,47.32186389251351,0.0,0.0
2019-02-08,3.673231840133667,461604000,44.22315120607486,0.0,0.0
2019-02-11,3.630592107772827,495180000,48.328049298271104,0.0,0.0
2019-02-12,3.7476043701171875,591060000,51.277538208258036,0.0,0.0
2019-02-13,3.7899956703186035,605372000,46.28406200348235,0.0,0.0
2019-02-14,3.8309004306793213,827264000,45.74759528707626,0.0,0.0
2019-02-15,3.900562047958374,1516748000,70.67385769697461,0.0,0.0
2019-02-19,3.8832077980041504,551892000,80.50679496410166,0.0,0.0
2019-02-20,3.930558681488037,540988000,78.47145754840625,0.0,0.0
2019-02-21,3.861640691757202,448548000,67.89755974293931,0.0,0.0
2019-02-22,3.9464242458343506,401740000,70.07216585646347,0.0,0.0
2019-02-25,3.934030294418335,656020000,64.8270134232371,0.0,0.0
2019-02-26,3.8946120738983154,488464000,60.869548916198475,0.0,0.0
2019-02-27,3.8527164459228516,500256000,53.82179584311417,0.0,0.0
2019-02-28,3.8281474113464355,324944000,62.98937117835932,0.0,0.0
2019-03-01,3.8824963569641113,357188000,64.87009445391877,0.0,0.0
2019-03-04,3.8906850814819336,409992000,69.43338350552426,0.0,0.0
2019-03-05,3.884232759475708,362924000,62.22885298977786,0.0,0.0
2019-03-06,3.7733047008514404,403524000,48.66933702870258,0.0,0.0
2019-03-07,3.704066514968872,450104000,40.32542618171737,0.0,0.0
2019-03-08,3.738313674926758,422416000,36.91728682011012,0.0,0.0
2019-03-11,3.998883008956909,859728000,56.69957883180033,0.0,0.0
2019-03-12,4.033130645751953,579576000,56.03223358599035,0.0,0.0
2019-03-13,4.184510231018066,768900000,67.30906237404514,0.0,0.0
2019-03-14,4.108571529388428,519384000,58.775955212915186,0.0,0.0
2019-03-15,4.214040756225586,661484000,63.76797065132506,0.0,0.0
2019-03-18,4.1926984786987305,486992000,64.92200457394131,0.0,0.0
2019-03-19,4.36045503616333,854972000,72.57266459197143,0.0,0.0
2019-03-20,4.327946662902832,719148000,72.06394899947763,0.0,0.0
2019-03-21,4.564693927764893,824312000,75.93880583440645,0.0,0.0
2019-03-22,4.404876708984375,747644000,67.52955535939562,0.0,0.0
2019-03-25,4.312560081481934,525212000,63.7947050330857,0.0,0.0
2019-03-26,4.389243125915527,703508000,70.28433604592016,0.0,0.0
2019-03-27,4.380061626434326,474372000,73.17902212434991,0.0,0.0
2019-03-28,4.398672580718994,480264000,72.88830568359346,0.0,0.0
2019-03-29,4.455996990203857,456896000,68.44207776363314,0.0,0.0
2019-04-01,4.523497581481934,483824000,69.26669952792051,0.0,0.0
2019-04-02,4.541365146636963,440920000,65.66438758019649,0.0,0.0
2019-04-03,4.680832862854004,783504000,73.79280261085609,0.0,0.0
2019-04-04,4.671899318695068,457376000,70.69777037404953,0.0,0.0
2019-04-05,4.738653659820557,481744000,73.70688333931302,0.0,0.0
2019-04-08,4.759500503540039,424192000,69.86170314867054,0.0,0.0
2019-04-09,4.696715831756592,439972000,67.81775304077262,0.0,0.0
2019-04-10,4.767192840576172,444772000,61.657081160319954,0.0,0.0
2019-04-11,4.753297328948975,374600000,74.10733643080255,0.0,0.0
2019-04-12,4.715327262878418,471708000,80.1338099917526,0.0,0.0
2019-04-15,4.583552837371826,440092000,63.43050929376559,0.0,0.0
2019-04-16,4.670657634735107,394964000,68.13250190102377,0.0,0.0
2019-04-17,4.6478271484375,351004000,65.46521776944542,0.0,0.0
2019-04-18,4.623260021209717,380988000,60.82223672472942,0.0,0.0
2019-04-22,4.6771111488342285,279936000,60.11780032483251,0.0,0.0
2019-04-23,4.731706142425537,346856000,61.958305081830005,0.0,0.0
2019-04-24,4.744116306304932,318204000,54.73115213418726,0.0,0.0
2019-04-25,4.638396739959717,499296000,47.81195024492384,0.0,0.0
2019-04-26,4.419519424438477,868988000,32.612356060978485,0.0,0.0
2019-04-29,4.450291156768799,391920000,33.33334996488014,0.0,0.0
2019-04-30,4.491732597351074,362920000,38.69102585211794,0.0,0.0
2019-05-01,4.47858190536499,354280000,33.00207708227704,0.0,0.0
2019-05-02,4.546080112457275,394684000,38.520611613965436,0.0,0.0
2019-05-03,4.541613578796387,336824000,40.00563981054507,0.0,0.0
2019-05-06,4.463194370269775,422176000,42.62241151547919,0.0,0.0
2019-05-07,4.295934200286865,555220000,29.085796925851454,0.0,0.0
2019-05-08,4.316035270690918,419168000,31.425317228225452,0.0,0.0
2019-05-09,4.223470687866211,660248000,29.202050150411637,0.0,0.0
2019-05-10,4.189472198486328,569500000,24.096869187871732,0.0,0.0
2019-05-13,3.9321281909942627,656912000,15.054119111429088,0.0,0.0
2019-05-14,4.0212178230285645,524880000,20.39006632477006,0.0,0.0
2019-05-15,3.960169792175293,502320000,21.1645828752703,0.0,0.0
2019-05-16,3.975308656692505,781088000,27.156529465713646,0.0,0.0
2019-05-17,3.8844802379608154,1022068000,22.595956679121585,0.0,0.0
2019-05-20,3.7658591270446777,572064000,17.28911713401044,0.0,0.0
2019-05-21,3.8480007648468018,361848000,23.246904330311224,0.0,0.0
2019-05-22,3.7770261764526367,325868000,17.46800682546379,0.0,0.0
2019-05-23,3.655924081802368,591844000,15.899132117182234,0.0,0.0
2019-05-24,3.6020727157592773,357584000,16.205715891276895,0.0,0.0
2019-05-28,3.5569071769714355,428356000,17.923322994868883,0.0,0.0
2019-05-29,3.4827070236206055,559800000,15.452698561665173,0.0,0.0
2019-05-30,3.456122875213623,394300000,16.34699415879882,0.0,0.0
2019-05-31,3.3654401302337646,389720000,15.572730620335989,0.0,0.0
2019-06-03,3.3237013816833496,478644000,18.994739618742003,0.0,0.0
2019-06-04,3.5527684688568115,641836000,29.108431229518885,0.0,0.0
2019-06-05,3.5100362300872803,511616000,29.591864375264294,0.0,0.0
2019-06-06,3.5721468925476074,408140000,32.46818645689791,0.0,0.0
2019-06-07,3.614879846572876,348856000,37.76440227749931,0.0,0.0
2019-06-10,3.6876742839813232,402780000,46.29763919939729,0.0,0.0
2019-06-11,3.7453134059906006,383872000,45.021826040593325,0.0,0.0
2019-06-12,3.6322715282440186,358892000,43.25746048892075,0.0,0.0
2019-06-13,3.6834499835968018,308080000,51.371467442766225,0.0,0.0
2019-06-14,3.593513011932373,394428000,49.58831880602355,0.0,0.0
2019-06-17,3.6032025814056396,276040000,52.30525071418364,0.0,0.0
2019-06-18,3.7982325553894043,581920000,64.0238673624862,0.0,0.0
2019-06-19,3.804194927215576,331644000,65.75931829191485,0.0,0.0
2019-06-20,3.8285422325134277,350168000,72.307383901282,0.0,0.0
2019-06-21,3.770406723022461,434428000,71.18294486701075,0.0,0.0
2019-06-24,3.7927658557891846,282948000,64.1559534803666,0.0,0.0
2019-06-25,3.7634496688842773,311868000,65.18765174454522,0.0,0.0
2019-06-26,3.956740379333496,584072000,69.91774008915185,0.0,0.0
2019-06-27,4.055372714996338,445440000,71.56416216222627,0.0,0.0
2019-06-28,4.080218315124512,397668000,70.16344491724209,0.0,0.0
2019-07-01,4.128416061401367,709756000,69.87121595751644,0.0,0.0
2019-07-02,4.030529975891113,400228000,70.98730442555936,0.0,0.0
2019-07-03,4.043449401855469,246636000,69.7682622361832,0.0,0.0
2019-07-05,3.980839490890503,396552000,71.9269061545492,0.0,0.0
2019-07-08,3.905808925628662,329788000,65.95077871807254,0.0,0.0
2019-07-09,3.9082930088043213,342860000,57.27896606760543,0.0,0.0
2019-07-10,3.9766159057617188,452076000,60.5343171512885,0.0,0.0
2019-07-11,4.1311492919921875,682560000,65.9508043925778,0.0,0.0
2019-07-12,4.1641926765441895,506392000,71.32095871552443,0.0,0.0
2019-07-15,4.155744552612305,289840000,69.95352153011602,0.0,0.0
2019-07-16,4.151025772094727,341444000,71.89786846992426,0.0,0.0
2019-07-17,4.216365337371826,348204000,67.14800933283898,0.0,0.0
2019-07-18,4.228043079376221,442192000,62.88474490233206,0.0,0.0
2019-07-19,4.184812545776367,344896000,57.59644091638069,0.0,0.0
2019-07-22,4.25636625289917,315940000,58.987812598173086,0.0,0.0
2019-07-23,4.36419153213501,428176000,73.11516230144397,0.0,0.0
2019-07-24,4.438724517822266,366236000,75.22975798191916,0.0,0.0
2019-07-25,4.307546615600586,392700000,69.17477659089984,0.0,0.0
2019-07-26,4.349533557891846,274160000,77.09353937884327,0.0,0.0
2019-07-29,4.343321800231934,248160000,76.4422070394653,0.0,0.0
2019-07-30,4.358973979949951,197772000,74.83062914162576,0.0,0.0
2019-07-31,4.191768646240234,359416000,53.872924385394,0.0,0.0
2019-08-01,4.097359657287598,421212000,46.04055557371007,0.0,0.0
2019-08-02,4.004690647125244,428348000,41.86299130767669,0.0,0.0
2019-08-05,3.746306896209717,589156000,32.877821191142246,0.0,0.0
2019-08-06,3.785064697265625,361272000,31.3334031208082,0.0,0.0
2019-08-07,3.8233253955841064,372560000,32.8778888946633,0.0,0.0
2019-08-08,3.931896448135376,309300000,39.86062226755699,0.0,0.0
2019-08-09,3.8305299282073975,341816000,33.326823340159805,0.0,0.0
2019-08-12,3.762704610824585,279200000,25.68787594542232,0.0,0.0
2019-08-13,3.8769898414611816,351956000,28.001598160220013,0.0,0.0
2019-08-14,3.728419542312622,419880000,27.62527928901487,0.0,0.0
2019-08-15,3.6961209774017334,477200000,24.564825754545737,0.0,0.0
2019-08-16,3.964193820953369,1007960000,37.74101968862248,0.0,0.0
2019-08-19,4.242948532104492,815112000,46.79386732007592,0.0,0.0
2019-08-20,4.170652866363525,463188000,49.384207005229534,0.0,0.0
2019-08-21,4.254128932952881,427244000,54.601150731272256,0.0,0.0
2019-08-22,4.260339736938477,303488000,57.90441028774809,0.0,0.0
2019-08-23,4.035745620727539,568056000,59.14013302307063,0.0,0.0
2019-08-26,4.110527038574219,318208000,60.04908296045944,0.0,0.0
2019-08-27,4.0198445320129395,290968000,55.87752333955235,0.0,0.0
2019-08-28,4.009400844573975,255612000,52.46255520603911,0.0,0.0
2019-08-29,4.153143882751465,357976000,59.98165521212561,0.0,0.0
2019-08-30,4.16582727432251,290616000,62.913211072995814,0.0,0.0
2019-09-03,4.082763671875,296140000,56.72608204066488,0.0,0.0
2019-09-04,4.196913719177246,227728000,65.66607635037852,0.0,0.0
2019-09-05,4.46997594833374,695676000,72.28826765662873,0.0,0.0
2019-09-06,4.442869186401367,376976000,66.00869444331173,0.0,0.0
2019-09-09,4.488876819610596,417524000,59.741269197275756,0.0,0.0
2019-09-10,4.555527210235596,352812000,65.31343580073641,0.0,0.0
2019-09-11,4.584125995635986,361512000,63.72952956970917,0.0,0.0
2019-09-12,4.582634925842285,327840000,63.46196210535341,0.0,0.0
2019-09-13,4.524689674377441,324592000,73.72570732889687,0.0,0.0
2019-09-16,4.481665134429932,231832000,68.58193490626135,0.0,0.0
2019-09-17,4.503053188323975,223048000,75.99689163025744,0.0,0.0
2019-09-18,4.475944995880127,258152000,74.6581814941406,0.0,0.0
2019-09-19,4.400343418121338,245476000,64.07932106097165,0.0,0.0
2019-09-20,4.294647693634033,350244000,56.63411361320752,0.0,0.0
2019-09-23,4.348118782043457,249712000,64.09511913473358,0.0,0.0
2019-09-24,4.290670871734619,317268000,55.29941334660214,0.0,0.0
2019-09-25,4.432424545288086,308432000,47.50750814530863,0.0,0.0
2019-09-26,4.410290718078613,234564000,47.82321860704412,0.0,0.0
2019-09-27,4.271522521972656,362056000,37.07883006694987,0.0,0.0
2019-09-30,4.328969478607178,186184000,36.38270272743693,0.0,0.0
2019-10-01,4.32722806930542,366008000,34.04395277013583,0.0,0.0
2019-10-02,4.303354263305664,293372000,33.12299965162455,0.0,0.0
2019-10-03,4.5090203285217285,450588000,49.19654282448322,0.0,0.0
2019-10-04,4.525435924530029,265524000,52.3073388573598,0.0,0.0
2019-10-07,4.584125995635986,480984000,54.11197164908691,0.0,0.0
2019-10-08,4.4075541496276855,444436000,46.987923901307745,0.0,0.0
2019-10-09,4.494100570678711,292412000,54.08983116000589,0.0,0.0
2019-10-10,4.551795959472656,309124000,61.70747757224403,0.0,0.0
2019-10-11,4.625408172607422,446404000,62.397105357009835,0.0,0.0
2019-10-14,4.638837814331055,200040000,66.20368167640589,0.0,0.0
2019-10-15,4.883550643920898,664124000,69.15928157125016,0.0,0.0
2019-10-16,4.829832553863525,428944000,67.35237808371318,0.0,0.0
2019-10-17,4.831821918487549,263436000,76.1306923904635,0.0,0.0
2019-10-18,4.7373199462890625,307440000,68.40801654948069,0.0,0.0
2019-10-21,4.874598026275635,261868000,71.98800223053311,0.0,0.0
2019-10-22,4.864649295806885,328720000,72.80247871083729,0.0,0.0
2019-10-23,4.851718902587891,279916000,66.50699129247955,0.0,0.0
2019-10-24,4.895737171173096,232020000,67.37453912173302,0.0,0.0
2019-10-25,5.086730480194092,423092000,70.97775002272209,0.0,0.0
2019-10-28,5.142685890197754,330792000,84.11822005699857,0.0,0.0
2019-10-29,5.046443939208984,211236000,75.40617837678501,0.0,0.0
2019-10-30,5.04843282699585,205960000,74.07774794682152,0.0,0.0
2019-10-31,4.999190807342529,209732000,68.5601572113154,0.0,0.0
2019-11-01,5.038238048553467,283640000,69.34016823493133,0.0,0.0
2019-11-04,5.234950542449951,376716000,67.8454163547536,0.0,0.0
2019-11-05,5.212818145751953,300868000,70.09409242325216,0.0,0.0
2019-11-06,5.163576126098633,269012000,66.5838425379223,0.0,0.0
2019-11-07,5.1812334060668945,280340000,74.03719821690339,0.0,0.0
2019-11-08,5.1673078536987305,189100000,68.29354087228246,0.0,0.0
2019-11-11,5.177254676818848,243436000,69.53700364609023,0.0,0.0
2019-11-12,5.212818145751953,283504000,71.94686121590566,0.0,0.0
2019-11-13,5.186954021453857,300188000,68.098951746047,0.0,0.0
2019-11-14,5.217294216156006,518080000,60.13914102810924,0.0,0.0
2019-11-15,5.07802677154541,1053628000,45.55406832997379,0.0,0.0
2019-11-18,5.279218673706055,574588000,63.98681676509861,0.0,0.0
2019-11-19,5.172530174255371,414564000,56.62331813519212,0.0,0.0
2019-11-20,5.251861095428467,472588000,63.06585803058271,0.0,0.0
2019-11-21,5.226992130279541,288388000,59.90593618552833,0.0,0.0
2019-11-22,5.244649887084961,224100000,50.626833037757784,0.0,0.0
2019-11-25,5.5012993812561035,506476000,64.30682436713892,0.0,0.0
2019-11-26,5.396599292755127,385244000,60.953913341674124,0.0,0.0
2019-11-27,5.4314422607421875,215784000,61.57475913787518,0.0,0.0
2019-11-29,5.394111156463623,141556000,60.26962048879539,0.0,0.0
2019-12-02,5.207703590393066,372036000,51.188755848128835,0.0,0.0
2019-12-03,5.16813325881958,465232000,48.26089727995289,0.0,0.0
2019-12-04,5.2119340896606445,273424000,50.958818216602076,0.0,0.0
2019-12-05,5.195011615753174,184884000,49.135817186655274,0.0,0.0
2019-12-06,5.280375957489014,232236000,58.19010390425451,0.0,0.0
2019-12-09,5.280375957489014,211880000,50.055953496640576,0.0,0.0
2019-12-10,5.325423717498779,256388000,57.86089335076766,0.0,0.0
2019-12-11,5.409043788909912,233796000,58.04593016804985,0.0,0.0
2019-12-12,5.576536178588867,404348000,65.61290820393907,0.0,0.0
2019-12-13,5.5745463371276855,454704000,64.94449111884968,0.0,0.0
2019-12-16,5.603414535522461,320976000,55.828769336843465,0.0,0.0
2019-12-17,5.6815619468688965,321196000,66.77424423942288,0.0,0.0
2019-12-18,5.711925506591797,343548000,66.59809657260658,0.0,0.0
2019-12-19,5.8600053787231445,445360000,74.37514703725743,0.0,0.0
2019-12-20,5.957315444946289,603044000,93.251303694914,0.0,0.0
2019-12-23,5.943626880645752,355060000,96.12215151210523,0.0,0.0
2019-12-24,5.938648700714111,138864000,95.31358636765515,0.0,0.0
2019-12-26,5.952836036682129,182852000,97.41513857812372,0.0,0.0
2019-12-27,5.895096302032471,254644000,89.83862431076187,0.0,0.0
2019-12-30,5.781858921051025,258056000,78.34036360868535,0.0,0.0
2019-12-31,5.856024742126465,231004000,79.03049206330358,0.0,0.0
2020-01-02,5.970754623413086,237536000,79.72083324766187,0.0,0.0
2020-01-03,5.875186443328857,205384000,67.10376657825506,0.0,0.0
2020-01-06,5.899824142456055,262636000,68.15770356244632,0.0,0.0
2020-01-07,5.971251487731934,314856000,69.60205743042792,0.0,0.0
2020-01-08,5.98245096206665,277108000,67.26641078033617,0.0,0.0
2020-01-09,6.048153400421143,255112000,68.54227886673776,0.0,0.0
2020-01-10,6.080508708953857,316296000,63.93954170159485,0.0,0.0
2020-01-13,6.27114725112915,319840000,67.7455300075024,0.0,0.0
2020-01-14,6.1541748046875,359088000,60.660224217430944,0.0,0.0
2020-01-15,6.111616611480713,263104000,58.43647237751494,0.0,0.0
2020-01-16,6.195239543914795,284192000,61.07314874209121,0.0,0.0
2020-01-17,6.203951358795166,253792000,64.77029781510595,0.0,0.0
2020-01-21,6.170601844787598,217916000,70.12877825413949,0.0,0.0
2020-01-22,6.224606037139893,239240000,69.49179622249018,0.0,0.0
2020-01-23,6.293047904968262,244516000,67.92131144720084,0.0,0.0
2020-01-24,6.233814716339111,373512000,70.7814911440635,0.0,0.0
2020-01-27,5.97797155380249,470536000,53.57143878195132,0.0,0.0
2020-01-28,6.171347141265869,310976000,58.227558046640866,0.0,0.0
2020-01-29,6.110871315002441,258848000,55.07475928275652,0.0,0.0
2020-01-30,6.117589950561523,290504000,52.878076164804106,0.0,0.0
2020-01-31,5.884145259857178,370420000,43.023846332596435,0.0,0.0
2020-02-03,5.98120641708374,255564000,38.965674768230286,0.0,0.0
2020-02-04,6.150442123413086,271544000,49.863378979152564,0.0,0.0
2020-02-05,6.24078369140625,208220000,54.567887870063444,0.0,0.0
2020-02-06,6.327640533447266,218284000,54.67156720816882,0.0,0.0
2020-02-07,6.261439800262451,189752000,51.94931176150539,0.0,0.0
2020-02-10,6.544660568237305,529608000,60.84571471450725,0.0,0.0
2020-02-11,6.667105197906494,638556000,62.34035736693761,0.0,0.0
2020-02-12,6.78283166885376,374644000,63.30804652888993,0.0,0.0
2020-02-13,6.739029407501221,528016000,63.84340912882479,0.0,0.0
2020-02-14,7.212141036987305,1041924000,80.21938013182472,0.0,0.0
2020-02-18,7.3808794021606445,620164000,79.9778095311781,0.0,0.0
2020-02-19,7.832088947296143,694332000,85.7378911683575,0.0,0.0
2020-02-20,7.682764530181885,810052000,80.68104893890522,0.0,0.0
2020-02-21,7.318660736083984,768180000,76.74959507392639,0.0,0.0
2020-02-24,6.801247596740723,856916000,63.2190938019575,0.0,0.0
2020-02-25,6.521763324737549,1055496000,55.78025651729348,0.0,0.0
2020-02-26,6.6611328125,747732000,56.44508258329209,0.0,0.0
2020-02-27,6.290337562561035,906416000,49.473856615111124,0.0,0.0
2020-02-28,6.725380897521973,1133252000,55.92700929224772,0.0,0.0
2020-03-02,6.88375997543335,890744000,54.47485159512577,0.0,0.0
2020-03-03,6.621290683746338,652792000,49.41696520884285,0.0,0.0
2020-03-04,7.084970474243164,597408000,53.53219761058598,0.0,0.0
2020-03-05,6.805568218231201,540328000,50.737268119436735,0.0,0.0
2020-03-06,6.625024795532227,515412000,43.04357283801052,0.0,0.0
2020-03-09,6.112035751342773,614160000,36.10006180007902,0.0,0.0
2020-03-10,6.501507759094238,580648000,35.22387027628183,0.0,0.0
2020-03-11,6.137684345245361,499964000,33.622102894912814,0.0,0.0
2020-03-12,5.386630535125732,816540000,31.07306620563793,0.0,0.0
2020-03-13,5.997485637664795,634836000,42.26759317558257,0.0,0.0
2020-03-16,4.890822887420654,726972000,36.464186659171254,0.0,0.0
2020-03-17,5.41053581237793,833632000,40.23715726973341,0.0,0.0
2020-03-18,5.05069637298584,874268000,40.30610249900236,0.0,0.0
2020-03-19,5.303455352783203,765512000,38.55434913097622,0.0,0.0
2020-03-20,5.123661041259766,804636000,35.88093232076149,0.0,0.0
2020-03-23,5.296483039855957,643876000,39.21765097771998,0.0,0.0
2020-03-24,6.205170154571533,1101644000,43.32312763164121,0.0,0.0
2020-03-25,6.116518020629883,793432000,44.61483171236044,0.0,0.0
2020-03-26,6.4058837890625,696108000,48.31598096352248,0.0,0.0
2020-03-27,6.29357385635376,638828000,51.48660128512219,0.0,0.0
2020-03-30,6.6138176918029785,602252000,50.93024436219114,0.0,0.0
2020-03-31,6.5642619132995605,949960000,53.72731697253504,0.0,0.0
2020-04-01,6.053017616271973,656912000,56.077396575869265,0.0,0.0
2020-04-02,6.3618059158325195,675764000,53.516307827500256,0.0,0.0
2020-04-03,6.073936462402344,663212000,63.56270117962768,0.0,0.0
2020-04-06,6.683793544769287,727884000,64.30051917011059,0.0,0.0
2020-04-07,6.450459003448486,784520000,66.18116596372201,0.0,0.0
2020-04-08,6.6476850509643555,542444000,65.74131380552424,0.0,0.0
2020-04-09,6.548076152801514,525564000,66.99955760317049,0.0,0.0
2020-04-13,6.719902515411377,398408000,66.99171329557421,0.0,0.0
2020-04-14,7.07102632522583,530948000,61.9230882003992,0.0,0.0
2020-04-15,6.993579387664795,366148000,62.11477286830579,0.0,0.0
2020-04-16,7.33872652053833,745620000,62.68972655411913,0.0,0.0
2020-04-17,7.279458522796631,539120000,63.60764159469827,0.0,0.0
2020-04-20,7.148221492767334,449388000,57.782125302647934,0.0,0.0
2020-04-21,6.711434364318848,735160000,51.92595508712046,0.0,0.0
2020-04-22,7.125809669494629,483356000,64.40416203249518,0.0,0.0
2020-04-23,7.072519302368164,424160000,60.24555645529901,0.0,0.0
2020-04-24,7.211475849151611,352328000,67.13427389621712,0.0,0.0
2020-04-27,7.397994518280029,479388000,62.330192695998385,0.0,0.0
2020-04-28,7.255552291870117,442904000,64.34973693226611,0.0,0.0
2020-04-29,7.43235969543457,379160000,64.08834628917623,0.0,0.0
2020-04-30,7.278461456298828,375916000,62.862858198565185,0.0,0.0
2020-05-01,7.041889667510986,342096000,55.5441027310026,0.0,0.0
2020-05-04,7.253809928894043,317556000,53.30570709754324,0.0,0.0
2020-05-05,7.3148193359375,368896000,55.84448882838482,0.0,0.0
2020-05-06,7.415674209594727,323464000,51.5365336091747,0.0,0.0
2020-05-07,7.591982364654541,373732000,55.961971018557215,0.0,0.0
2020-05-08,7.781989097595215,339216000,61.82513802176221,0.0,0.0
2020-05-11,8.0339994430542,469060000,76.50462504172413,0.0,0.0
2020-05-12,7.772027015686035,493060000,63.79292899392423,0.0,0.0
2020-05-13,7.7496137619018555,625852000,64.6450074323983,0.0,0.0
2020-05-14,7.999137878417969,602312000,66.25883871895884,0.0,0.0
2020-05-15,8.45759105682373,987660000,69.66445520548864,0.0,0.0
2020-05-18,8.716076850891113,774460000,75.98579887256099,0.0,0.0
2020-05-19,8.771111488342285,717320000,74.89808613391115,0.0,0.0
2020-05-20,8.934967041015625,587536000,80.6939846295783,0.0,0.0
2020-05-21,8.74097728729248,761068000,81.98778094981257,0.0,0.0
2020-05-22,8.990999221801758,1038764000,82.24253630350397,0.0,0.0
2020-05-26,8.683703422546387,770780000,73.27854742729401,0.0,0.0
2020-05-27,8.491955757141113,1175892000,67.75386260814747,0.0,0.0
2020-05-28,8.453853607177734,734896000,64.89625029519095,0.0,0.0
2020-05-29,8.840838432312012,745256000,67.13408607767667,0.0,0.0
2020-06-01,8.771857261657715,389876000,62.69165401263704,0.0,0.0
2020-06-02,8.790783882141113,391320000,69.12212919786408,0.0,0.0
2020-06-03,8.735250473022461,365440000,68.27326399356144,0.0,0.0
2020-06-04,8.736248970031738,424280000,65.05284605108392,0.0,0.0
2020-06-05,8.8892183303833,481748000,60.07097354549901,0.0,0.0
2020-06-08,8.774614334106445,387736000,51.46413557253423,0.0,0.0
2020-06-09,9.01478099822998,468488000,55.578060977851806,0.0,0.0
2020-06-10,9.33442497253418,632180000,58.53555021319187,0.0,0.0
2020-06-11,8.76589584350586,583652000,50.458988660715974,0.0,0.0
2020-06-12,8.9016752243042,570908000,48.28240406224634,0.0,0.0
2020-06-15,9.142091751098633,400004000,59.04695904985304,0.0,0.0
2020-06-16,9.037203788757324,535716000,61.14332188951289,0.0,0.0
2020-06-17,9.20412826538086,408304000,64.5664823707491,0.0,0.0
2020-06-18,9.186190605163574,254408000,57.826504557264236,0.0,0.0
2020-06-19,9.229291915893555,524160000,60.48960415337592,0.0,0.0
2020-06-22,9.493876457214355,398468000,64.49031892172886,0.0,0.0
2020-06-23,9.417386054992676,375108000,63.9380081544011,0.0,0.0
2020-06-24,9.203630447387695,449372000,58.786056163287945,0.0,0.0
2020-06-25,9.45724868774414,376072000,60.288764955344085,0.0,0.0
2020-06-26,9.123408317565918,592084000,55.85288365159839,0.0,0.0
2020-06-29,9.16825008392334,342248000,52.75592142822783,0.0,0.0
2020-06-30,9.464975357055664,367892000,52.36381593387967,0.0,0.0
2020-07-01,9.497113227844238,326648000,66.4315452557324,0.0,0.0
2020-07-02,9.579079627990723,364056000,65.59956526381373,0.0,0.0
2020-07-06,9.805295944213867,315892000,65.37309932598997,0.0,0.0
2020-07-07,9.837682723999023,357800000,69.20049272189732,0.0,0.0
2020-07-08,10.180747985839844,365480000,71.60024794489213,0.0,0.0
2020-07-09,10.472732543945312,494548000,75.37843644275173,0.0,0.0
2020-07-10,10.443087577819824,497676000,74.0712269563846,0.0,0.0
2020-07-13,10.017560958862305,457076000,59.762217593829384,0.0,0.0
2020-07-14,10.34118938446045,542676000,65.76812179918562,0.0,0.0
2020-07-15,10.191959381103516,403984000,67.24944989962421,0.0,0.0
2020-07-16,10.099775314331055,344964000,61.883770014139884,0.0,0.0
2020-07-17,10.166296005249023,266284000,71.40522188706545,0.0,0.0
2020-07-20,10.47447681427002,284852000,74.19477768456156,0.0,0.0
2020-07-21,10.292859077453613,277036000,66.01762070645046,0.0,0.0
2020-07-22,10.402726173400879,367292000,67.00988382466088,0.0,0.0
2020-07-23,10.094794273376465,411660000,58.928623034827794,0.0,0.0
2020-07-24,10.159321784973145,473292000,56.492797733077225,0.0,0.0
2020-07-27,10.385536193847656,292132000,59.38065375133679,0.0,0.0
2020-07-28,10.180249214172363,271636000,49.99103659814629,0.0,0.0
2020-07-29,10.429384231567383,284508000,49.20882668746498,0.0,0.0
2020-07-30,10.577370643615723,308880000,52.3493820558581,0.0,0.0
2020-07-31,10.578117370605469,386080000,61.519586545902875,0.0,0.0
2020-08-03,10.972254753112793,412720000,62.60332589802572,0.0,0.0
2020-08-04,11.189002990722656,310336000,69.38954953688679,0.0,0.0
2020-08-05,11.24779987335205,249924000,72.61941004722055,0.0,0.0
2020-08-06,11.296381950378418,244316000,72.42448275701952,0.0,0.0
2020-08-07,11.16085433959961,342516000,64.62178344539541,0.0,0.0
2020-08-10,11.126470565795898,427796000,68.94681742007259,0.0,0.0
2020-08-11,10.812556266784668,354512000,58.52420650395245,0.0,0.0
2020-08-12,11.400769233703613,464412000,74.32707696788083,0.0,0.0
2020-08-13,11.403512954711914,374460000,73.72222625320904,0.0,0.0
2020-08-14,11.524092674255371,366436000,72.61929216374918,0.0,0.0
2020-08-17,12.294428825378418,621300000,84.30070634022735,0.0,0.0
2020-08-18,12.218440055847168,503448000,80.75369054079118,0.0,0.0
2020-08-19,12.096610069274902,622624000,76.3525496283402,0.0,0.0
2020-08-20,12.099101066589355,921388000,76.36685047704992,0.0,0.0
2020-08-21,12.639729499816895,999868000,77.50915166465828,0.0,0.0
2020-08-24,12.67635440826416,490564000,76.0880230633713,0.0,0.0
2020-08-25,12.705998420715332,289076000,75.84095382277565,0.0,0.0
2020-08-26,12.728920936584473,321244000,75.61922682469832,0.0,0.0
2020-08-27,12.584671020507812,317604000,75.38404687095597,0.0,0.0
2020-08-28,13.102378845214844,537160000,80.04841614535044,0.0,0.0
2020-08-31,13.328344345092773,500840000,89.31010447117436,0.0,0.0
2020-09-01,13.777424812316895,511316000,88.82418075237729,0.0,0.0
2020-09-02,14.301267623901367,874012000,90.45005590483507,0.0,0.0
2020-09-03,12.974465370178223,945128000,65.14555116867305,0.0,0.0
2020-09-04,12.582703590393066,1463684000,53.26876203150161,0.0,0.0
2020-09-08,11.875439643859863,795728000,46.597768406615344,0.0,0.0
2020-09-09,12.674911499023438,736200000,55.0564460997402,0.0,0.0
2020-09-10,12.272937774658203,698684000,51.420712650983525,0.0,0.0
2020-09-11,12.126148223876953,636928000,45.5138694905169,0.0,0.0
2020-09-14,12.831665992736816,1201744000,51.21470137392555,0.0,0.0
2020-09-15,12.950041770935059,727556000,51.88254908693236,0.0,0.0
2020-09-16,12.475044250488281,556384000,48.16928182200655,0.0,0.0
2020-09-17,12.424206733703613,792512000,48.82708193245487,0.0,0.0
2020-09-18,12.1508207321167,698460000,42.78692741577614,0.0,0.0
2020-09-21,12.477787017822266,721044000,43.64977753412779,0.0,0.0
2020-09-22,12.597908020019531,646452000,40.73887533359701,0.0,0.0
2020-09-23,12.085524559020996,647012000,32.57145181830741,0.0,0.0
2020-09-24,12.309069633483887,731240000,43.66698847234056,0.0,0.0
2020-09-25,12.833163261413574,588016000,52.32521846247303,0.0,0.0
2020-09-28,12.993900299072266,573808000,61.556264620856446,0.0,0.0
2020-09-29,13.184053421020508,621460000,56.01840017460779,0.0,0.0
2020-09-30,13.48784351348877,689184000,64.70227184967356,0.0,0.0
2020-10-01,13.571577072143555,525004000,67.7630558841561,0.0,0.0
2020-10-02,13.021068572998047,552496000,52.419782074356675,0.0,0.0
2020-10-05,13.599489212036133,479820000,57.4245075001171,0.0,0.0
2020-10-06,13.69318962097168,784420000,65.25589338630901,0.0,0.0
2020-10-07,13.919975280761719,418084000,67.94208366710615,0.0,0.0
2020-10-08,13.795120239257812,378900000,70.4525367179326,0.0,0.0
2020-10-09,13.719358444213867,346892000,66.47262942793989,0.0,0.0
2020-10-12,14.181145668029785,434744000,69.25960233166191,0.0,0.0
2020-10-13,14.203327178955078,344604000,79.25098648162596,0.0,0.0
2020-10-14,14.050810813903809,276100000,74.53830791180707,0.0,0.0
2020-10-15,13.925956726074219,267224000,67.34711149011943,0.0,0.0
2020-10-16,13.76795482635498,242392000,62.29809716216235,0.0,0.0
2020-10-19,13.455196380615234,298068000,54.146353752222716,0.0,0.0
2020-10-20,13.60247802734375,229212000,51.84113547111184,0.0,0.0
2020-10-21,13.482108116149902,219596000,48.57975984731865,0.0,0.0
2020-10-22,13.31887435913086,290480000,55.39013331959447,0.0,0.0
2020-10-23,13.547402381896973,233484000,48.9205317242448,0.0,0.0
2020-10-26,13.099820137023926,336896000,39.275799618057235,0.0,0.0
2020-10-27,13.354513168334961,250520000,39.88224457570582,0.0,0.0
2020-10-28,12.58719253540039,376520000,32.42692463107775,0.0,0.0
2020-10-29,12.982938766479492,320080000,40.19898709377194,0.0,0.0
2020-10-30,12.494483947753906,416820000,27.710431471898488,0.0,0.0
2020-11-02,12.541084289550781,299652000,28.173996043594187,0.0,0.0
2020-11-03,12.97845458984375,272900000,36.899464340120964,0.0,0.0
2020-11-04,13.750761032104492,410228000,48.152040594048685,0.0,0.0
2020-11-05,14.115355491638184,319028000,53.511338856697115,0.0,0.0
2020-11-06,14.516087532043457,383348000,60.53555463587789,0.0,0.0
2020-11-09,13.587776184082031,582976000,49.8736051183405,0.0,0.0
2020-11-10,12.729740142822266,644068000,44.259808722663756,0.0,0.0
2020-11-11,13.375697135925293,404744000,50.403786821008225,0.0,0.0
2020-11-12,13.414322853088379,365812000,49.02809585541742,0.0,0.0
2020-11-13,13.255077362060547,346312000,51.183724880935245,0.0,0.0
2020-11-16,13.472641944885254,413776000,50.90577518718126,0.0,0.0
2020-11-17,13.379931449890137,312028000,56.779886077349246,0.0,0.0
2020-11-18,13.386412620544434,510924000,53.6968532207016,0.0,0.0
2020-11-19,13.397875785827637,565936000,59.07020158207445,0.0,0.0
2020-11-20,13.046487808227539,341088000,54.78168351453603,0.0,0.0
2020-11-23,13.098572731018066,361356000,51.225820043566266,0.0,0.0
2020-11-24,12.916897773742676,346500000,40.32387385621301,0.0,0.0
2020-11-25,13.193022727966309,259916000,39.07292192732583,0.0,0.0
2020-11-27,13.219439506530762,167276000,33.14327203605103,0.0,0.0
2020-11-30,13.359248161315918,286952000,46.262928629910746,0.0,0.0
2020-12-01,13.347784042358398,296948000,63.97650592768706,0.0,0.0
2020-12-02,13.50179672241211,283360000,53.667677562856085,0.0,0.0
2020-12-03,13.357711791992188,199520000,48.44860776360874,0.0,0.0
2020-12-04,13.519495964050293,202244000,57.23616276089783,0.0,0.0
2020-12-07,13.567855834960938,223244000,52.87159173272392,0.0,0.0
2020-12-08,13.311840057373047,271920000,48.1305527374377,0.0,0.0
2020-12-09,12.893792152404785,401300000,38.968207349407315,0.0,0.0
2020-12-10,12.935173034667969,207764000,39.775196071455994,0.0,0.0
2020-12-11,12.976055145263672,209264000,48.196016205650004,0.0,0.0
2020-12-14,13.270710945129395,270156000,53.921655189980484,0.0,0.0
2020-12-15,13.322311401367188,193016000,59.81802612733041,0.0,0.0
2020-12-16,13.204649925231934,223116000,50.30498719788648,0.0,0.0
2020-12-17,13.303117752075195,231384000,52.11498087082411,0.0,0.0
2020-12-18,13.234065055847168,342064000,46.71860966606528,0.0,0.0
2020-12-21,13.29414176940918,302332000,48.628834297916725,0.0,0.0
2020-12-22,13.24029541015625,185580000,42.954929354760566,0.0,0.0
2020-12-23,12.972064971923828,179144000,40.261750972165586,0.0,0.0
2020-12-24,12.956607818603516,97884000,34.65187139625699,0.0,0.0
2020-12-28,12.863126754760742,212564000,31.24579952394349,0.0,0.0
2020-12-29,12.906253814697266,170372000,37.82730918114819,0.0,0.0
2020-12-30,13.108175277709961,225396000,57.39332917889021,0.0,0.0
2020-12-31,13.017685890197754,192424000,52.75235466517029,0.0,0.0
2021-01-04,13.076017379760742,560640000,53.296038651126835,0.0,0.0
2021-01-05,13.366434097290039,322760000,53.165112098165544,0.0,0.0
2021-01-06,12.578444480895996,580424000,33.45896004021601,0.0,0.0
2021-01-07,13.305861473083496,461480000,51.77048170428774,0.0,0.0
2021-01-08,13.238801956176758,292528000,48.86243083590953,0.0,0.0
2021-01-11,13.582564353942871,518344000,55.618044991198005,0.0,0.0
2021-01-12,13.44620418548584,291476000,52.392505873905556,0.0,0.0
2021-01-13,13.493074417114258,210028000,53.98590147908763,0.0,0.0
2021-01-14,13.162519454956055,283120000,52.94525882777204,0.0,0.0
2021-01-15,12.822744369506836,277780000,48.11860365883897,0.0,0.0
2021-01-19,12.988020896911621,226188000,51.7206121214841,0.0,0.0
2021-01-20,13.327548027038574,258572000,55.36577744245752,0.0,0.0
2021-01-21,13.827861785888672,337780000,58.51872586341189,0.0,0.0
2021-01-22,13.673307418823242,246820000,57.644467869608185,0.0,0.0
2021-01-25,13.614226341247559,251112000,56.27435471243715,0.0,0.0
2021-01-26,13.39684772491455,163980000,50.36069956604324,0.0,0.0
2021-01-27,12.880828857421875,371272000,53.83352203374136,0.0,0.0
2021-01-28,13.013696670532227,228316000,45.638550636790676,0.0,0.0
2021-01-29,12.952619552612305,271552000,45.720211980971214,0.0,0.0
2021-02-01,13.199162483215332,217204000,44.094602273016314,0.0,0.0
2021-02-02,13.518001556396484,220440000,51.047012374073134,0.0,0.0
2021-02-03,13.491827964782715,245408000,49.98171253953454,0.0,0.0
2021-02-04,13.625194549560547,201340000,57.204998027844866,0.0,0.0
2021-02-05,13.55215072631836,169152000,62.387757423261824,0.0,0.0
2021-02-08,14.397480010986328,434624000,69.44556766717778,0.0,0.0
2021-02-09,14.222482681274414,287560000,62.93413565803934,0.0,0.0
2021-02-10,14.72204875946045,485352000,62.926123302003276,0.0,0.0
2021-02-11,15.207158088684082,450828000,70.23874602365711,0.0,0.0
2021-02-12,14.918484687805176,374756000,66.2262201047871,0.0,0.0
2021-02-16,15.286434173583984,321960000,72.65933126644238,0.0,0.0
2021-02-17,14.863396644592285,274756000,74.31659613971273,0.0,0.0
2021-02-18,14.78661823272705,233868000,72.0486085128959,0.0,0.0
2021-02-19,14.883833885192871,271724000,73.80322928058803,0.0,0.0
2021-02-22,14.314718246459961,325884000,62.73699494242318,0.0,0.0
2021-02-23,14.101579666137695,391780000,56.82787896093068,0.0,0.0
2021-02-24,14.457558631896973,448320000,60.48954695902961,0.0,0.0
2021-02-25,13.269464492797852,824436000,46.856412764702306,0.0,0.0
2021-02-26,13.675300598144531,500932000,51.02782139136339,0.0,0.0
2021-03-01,13.802186965942383,353184000,44.354604613209176,0.0,0.0
2021-03-02,13.36793327331543,264116000,42.275794855297846,0.0,0.0
2021-03-03,12.76815128326416,377592000,32.65314477452242,0.0,0.0
2021-03-04,12.334892272949219,573344000,24.262846301993818,0.0,0.0
2021-03-05,12.425883293151855,542840000,26.844530038428317,0.0,0.0
2021-03-08,11.560111999511719,543112000,18.314332695264184,0.0,0.0
2021-03-09,12.48877239227295,521824000,31.406881935745233,0.0,0.0
2021-03-10,12.436903953552246,384376000,31.529875627697507,0.0,0.0
2021-03-11,12.960832595825195,299916000,35.83437872011291,0.0,0.0
2021-03-12,12.823678016662598,243964000,38.26987628592326,0.0,0.0
2021-03-15,13.158084869384766,221988000,42.716430995268794,0.0,0.0
2021-03-16,13.257834434509277,272128000,40.3569101761506,0.0,0.0
2021-03-17,13.307708740234375,243864000,50.37624021973472,0.0,0.0
2021-03-18,12.690513610839844,293896000,40.69864293105038,0.0,0.0
2021-03-19,12.813455581665039,299208000,40.654424536829985,0.0,0.0
2021-03-22,13.15310001373291,297804000,47.93239787942034,0.0,0.0
2021-03-23,13.037891387939453,222048000,52.86308520067937,0.0,0.0
2021-03-24,12.611213684082031,245840000,52.93704412233944,0.0,0.0
2021-03-25,12.503735542297363,295144000,50.82460803057932,0.0,0.0
2021-03-26,12.806970596313477,363968000,64.99340345694469,0.0,0.0
2021-03-29,12.915695190429688,273520000,56.39472023828142,0.0,0.0
2021-03-30,12.839388847351074,200204000,55.98485908082068,0.0,0.0
2021-03-31,13.314690589904785,314776000,55.33899757188963,0.0,0.0
2021-04-01,13.777026176452637,308276000,63.098752014938285,0.0,0.0
2021-04-05,13.952336311340332,255672000,61.41171306720178,0.0,0.0
2021-04-06,13.826650619506836,191744000,58.1122252776583,0.0,0.0
2021-04-07,14.107940673828125,251284000,60.70591574858971,0.0,0.0
2021-04-08,14.281007766723633,244416000,74.148103257782,0.0,0.0
2021-04-09,14.36379623413086,195172000,73.82900485776196,0.0,0.0
2021-04-12,15.170762062072754,869324000,77.11637931184637,0.0,0.0
2021-04-13,15.640081405639648,676212000,81.93274116077447,0.0,0.0
2021-04-14,15.238593101501465,385500000,82.44241898300399,0.0,0.0
2021-04-15,16.0966854095459,598480000,87.42725837099502,0.0,0.0
2021-04-16,15.872492790222168,335208000,82.46778027856466,0.0,0.0
2021-04-19,15.323128700256348,404420000,73.32103014109751,0.0,0.0
2021-04-20,15.133110046386719,334132000,71.74052660276041,0.0,0.0
2021-04-21,15.321881294250488,216776000,70.11741476245012,0.0,0.0
2021-04-22,14.81291675567627,277788000,60.286246918982776,0.0,0.0
2021-04-23,15.226872444152832,227500000,62.083284345279004,0.0,0.0
2021-04-26,15.43908977508545,197796000,65.04001931460434,0.0,0.0
2021-04-27,15.34307861328125,164572000,61.933200093099906,0.0,0.0
2021-04-28,15.23834228515625,209416000,59.37297717898084,0.0,0.0
2021-04-29,15.286223411560059,173196000,59.09336611273704,0.0,0.0
2021-04-30,14.971762657165527,201912000,47.827267495978205,0.0,0.0
2021-05-03,14.799448013305664,203912000,40.18517771320462,0.0,0.0
2021-05-04,14.315170288085938,405324000,39.42304465646646,0.0,0.0
2021-05-05,14.422149658203125,292024000,26.833585403744053,0.0,0.0
2021-05-06,14.486488342285156,193380000,29.93793345121452,0.0,0.0
2021-05-07,14.775012969970703,229328000,41.418130564708285,0.0,0.0
2021-05-10,14.229884147644043,268904000,37.273353312035326,0.0,0.0
2021-05-11,14.270281791687012,285584000,34.5361583788567,0.0,0.0
2021-05-12,13.723907470703125,303408000,34.1603174343674,0.0,0.0
2021-05-13,13.630894660949707,285404000,24.39598526395416,0.0,0.0
2021-05-14,14.207192420959473,258616000,32.30406670521863,0.0,0.0
2021-05-17,14.129886627197266,216980000,32.47860574238348,0.0,0.0
2021-05-18,13.980513572692871,186256000,32.06518223361584,0.0,0.0
2021-05-19,14.030386924743652,344000000,32.10375579455247,0.0,0.0
2021-05-20,14.575761795043945,321592000,44.705266831969645,0.0,0.0
2021-05-21,14.954057693481445,672992000,51.959289327850655,0.0,0.0
2021-05-24,15.57275104522705,554816000,65.41164062386483,0.0,0.0
2021-05-25,15.608407974243164,435408000,64.796239554526,0.0,0.0
2021-05-26,15.660527229309082,370440000,64.68860098387046,0.0,0.0
2021-05-27,15.449060440063477,581476000,58.59892459355613,0.0,0.0
2021-05-28,16.203664779663086,644536000,73.90232683378011,0.0,0.0
2021-06-01,16.223608016967773,472804000,73.77239462404987,0.0,0.0
2021-06-02,16.736066818237305,594168000,86.96376103615965,0.0,0.0
2021-06-03,16.927087783813477,580008000,89.49916624580193,0.0,0.0
2021-06-04,17.534055709838867,617120000,89.57579019778238,0.0,0.0
2021-06-07,17.57470703125,575756000,91.33949721328207,0.0,0.0
2021-06-08,17.413114547729492,323848000,91.072401876222,0.0,0.0
2021-06-09,17.318574905395508,381656000,88.92833976122752,0.0,0.0
2021-06-10,17.38517189025879,287772000,87.51274000735192,0.0,0.0
2021-06-11,17.784513473510742,416308000,87.58252946868487,0.0,0.0
2021-06-14,17.97756576538086,321376000,86.0000847275095,0.0,0.0
2021-06-15,17.747846603393555,243032000,80.26872290266252,0.0,0.0
2021-06-16,17.769540786743164,307124000,80.0973799980471,0.0,0.0
2021-06-17,18.614608764648438,809656000,88.2566633760067,0.0,0.0
2021-06-18,18.596153259277344,968856000,85.1722531301691,0.0,0.0
2021-06-21,18.385135650634766,672384000,80.08660138114664,0.0,0.0
2021-06-22,18.843585968017578,580144000,79.7826326384759,0.0,0.0
2021-06-23,19.013694763183594,332356000,79.66242840656881,0.0,0.0
2021-06-24,19.16160774230957,320924000,76.60963256180567,0.0,0.0
2021-06-25,18.98750114440918,278364000,72.13261772396537,0.0,0.0
2021-06-28,19.939327239990234,495436000,81.7212786392416,0.0,0.0
2021-06-29,19.980979919433594,367632000,83.88143444958908,0.0,0.0
2021-06-30,19.956787109375,326568000,83.08310773886762,0.0,0.0
2021-07-01,20.165802001953125,480136000,82.21203109769286,0.0,0.0
2021-07-02,20.44017219543457,342764000,82.5949419951329,0.0,0.0
2021-07-06,20.651195526123047,446708000,88.61972329701457,0.0,0.0
2021-07-07,20.325193405151367,418428000,81.44875218851327,0.0,0.0
2021-07-08,19.857263565063477,503300000,66.8561216031562,0.0,0.0
2021-07-09,20.00442123413086,296624000,68.45811750264257,0.0,0.0
2021-07-12,20.46562385559082,321984000,75.59056939391697,0.0,0.0
2021-07-13,20.203716278076172,290708000,67.57997372197501,0.0,0.0
2021-07-14,19.796154022216797,380100000,59.52856314254796,0.0,0.0
2021-07-15,18.922901153564453,550564000,47.52953173845412,0.0,0.0
2021-07-16,18.119491577148438,688224000,42.05192877351612,0.0,0.0
2021-07-19,18.736835479736328,749060000,38.27071273322379,0.0,0.0
2021-07-20,18.56946563720703,434687000,36.56145937989853,0.0,0.0
2021-07-21,19.365638732910156,371017000,45.09316161827402,0.0,0.0
2021-07-22,19.549219131469727,323826000,44.860340473432316,0.0,0.0
2021-07-23,19.513301849365234,195672000,41.95401622553735,0.0,0.0
2021-07-26,19.249906539916992,203943000,37.945287968170966,0.0,0.0
2021-07-27,19.164100646972656,248863000,39.58102050858017,0.0,0.0
2021-07-28,19.45842742919922,202191000,46.30598164380503,0.0,0.0
2021-07-29,19.617061614990234,190781000,46.41988807365437,0.0,0.0
2021-07-30,19.454435348510742,183497000,40.108314105104895,0.0,0.0
2021-08-02,19.704856872558594,217444000,45.10904798569293,0.0,0.0
2021-08-03,19.769716262817383,301811000,49.72212395539953,0.0,0.0
2021-08-04,20.227663040161133,231309000,65.02555155962236,0.0,0.0
2021-08-05,20.589832305908203,211435000,81.66640720763198,0.0,0.0
2021-08-06,20.3194522857666,178497000,72.26775803161287,0.0,0.0
2021-08-09,20.248615264892578,146443000,74.28571083217591,0.0,0.0
2021-08-10,19.890439987182617,179238000,58.69142319098791,0.0,0.0
2021-08-11,19.653980255126953,185925000,51.70512130685281,0.0,0.0
2021-08-12,19.859512329101562,151652000,55.34016719689688,0.0,0.0
2021-08-13,20.14185905456543,183063000,63.678067317831065,0.0,0.0
2021-08-16,19.90440559387207,210876000,60.84801247729749,0.0,0.0
2021-08-17,19.413530349731445,204585000,49.37793551375041,0.0,0.0
2021-08-18,18.996482849121094,285913000,41.976236475589566,0.0,0.0
2021-08-19,19.75275421142578,766555000,53.34380038082823,0.0,0.0
2021-08-20,20.768423080444336,675741000,60.17567515443166,0.0,0.0
2021-08-23,21.907814025878906,575807000,66.96753690877958,0.0,0.0
2021-08-24,21.743188858032227,297299000,62.61417598250208,0.0,0.0
2021-08-25,22.1622371673584,347701000,62.96484068171236,0.0,0.0
2021-08-26,22.01756477355957,237940000,64.29771741686275,0.0,0.0
2021-08-27,22.58426856994629,304722000,68.15010074366155,0.0,0.0
2021-08-30,22.636144638061523,262580000,72.40304612846879,0.0,0.0
2021-08-31,22.337778091430664,259850000,71.67892174259114,0.0,0.0
2021-09-01,22.393657684326172,201767000,70.97723944951203,0.0,0.0
2021-09-02,22.348751068115234,187834000,69.0157972598714,0.0,0.0
2021-09-03,22.794811248779297,280532000,74.04106527127294,0.0,0.0
2021-09-07,22.61419677734375,198107000,78.07044729384582,0.0,0.0
2021-09-08,22.291879653930664,254434000,79.3895898804396,0.0,0.0
2021-09-09,22.130216598510742,196856000,73.71868013748644,0.0,0.0
2021-09-10,22.43058204650879,248376000,69.3432203575687,0.0,0.0
2021-09-13,22.105270385742188,297500000,52.83505274560601,0.0,0.0
2021-09-14,22.195077896118164,199755000,56.63061950582652,0.0,0.0
2021-09-15,22.293874740600586,166538000,52.13189190127504,0.0,0.0
2021-09-16,22.195077896118164,156033000,52.9182164421879,0.0,0.0
2021-09-17,21.853803634643555,294503000,37.03026368498042,0.0,0.0
2021-09-20,21.068462371826172,349440000,27.91686649805628,0.0,0.0
2021-09-21,21.201181411743164,204688000,33.205588680473696,0.0,0.0
2021-09-22,21.894712448120117,268726000,43.79653631761119,0.0,0.0
2021-09-23,22.434574127197266,248555000,50.9501139925929,0.0,0.0
2021-09-24,22.03441619873047,217655000,41.49552434677051,0.0,0.0
2021-09-27,21.61430549621582,245215000,39.38556534857657,0.0,0.0
2021-09-28,20.655338287353516,343069000,34.69579362871525,0.0,0.0
2021-09-29,20.473716735839844,218394000,34.5667607711471,0.0,0.0
2021-09-30,20.672298431396484,221009000,33.30176677629093,0.0,0.0
2021-10-01,20.698244094848633,240978000,35.83201538358399,0.0,0.0
2021-10-04,19.69037437438965,345635000,28.71444366147729,0.0,0.0
2021-10-05,20.407861709594727,279282000,35.49726309875712,0.0,0.0
2021-10-06,20.656333923339844,297202000,38.43387280289366,0.0,0.0
2021-10-07,21.03054428100586,256919000,43.84237498168813,0.0,0.0
2021-10-08,20.78705406188965,151258000,47.70953022847738,0.0,0.0
2021-10-11,20.651344299316406,163388000,45.52688254440446,0.0,0.0
2021-10-12,20.62739372253418,162134000,38.429348996049555,0.0,0.0
2021-10-13,20.89482879638672,180652000,35.206164690509326,0.0,0.0
2021-10-14,21.70012664794922,243589000,47.02014059217381,0.0,0.0
2021-10-15,21.815879821777344,226994000,51.899926478469794,0.0,0.0
2021-10-18,22.17511749267578,189494000,66.15046631697865,0.0,0.0
2021-10-19,22.24297523498535,161473000,69.26751511699632,0.0,0.0
2021-10-20,22.056379318237305,146276000,65.11231908066733,0.0,0.0
2021-10-21,22.64413070678711,187590000,68.92473789647808,0.0,0.0
2021-10-22,22.67806053161621,249384000,85.84782482342757,0.0,0.0
2021-10-25,23.117130279541016,230235000,84.83459363591753,0.0,0.0
2021-10-26,24.66485595703125,485898000,88.6325215051961,0.0,0.0
2021-10-27,24.399417877197266,245990000,83.16314820640433,0.0,0.0
2021-10-28,24.888383865356445,234204000,88.51217484714176,0.0,0.0
2021-10-29,25.5130615234375,292503000,91.81268895748028,0.0,0.0
2021-11-01,25.772518157958984,265740000,92.5273660100558,0.0,0.0
2021-11-02,26.345308303833008,294112000,92.88644849152962,0.0,0.0
2021-11-03,26.541889190673828,239910000,92.13283429336792,0.0,0.0
2021-11-04,29.738130569458008,1153631000,94.87856689592236,0.0,0.0
2021-11-05,29.689237594604492,851260000,94.11779578029686,0.0,0.0
2021-11-08,30.7390193939209,503101000,94.7259174679723,0.0,0.0
2021-11-09,30.59232521057129,646746000,95.12555055640946,0.0,0.0
2021-11-10,29.39685821533203,636206000,83.54321831311543,0.0,0.0
2021-11-11,30.325885772705078,332172000,84.88713617566317,0.0,0.0
2021-11-12,30.325885772705078,413054000,84.25647990337845,0.0,0.0
2021-11-15,29.961658477783203,384909000,78.36081319513464,0.0,0.0
2021-11-16,30.1392879486084,264484000,81.02487239512699,0.0,0.0
2021-11-17,29.19927215576172,428508000,72.21767729289112,0.0,0.0
2021-11-18,31.60818099975586,781711000,76.53348096942118,0.0,0.0
2021-11-19,32.91541290283203,533867000,78.49523621618023,0.0,0.0
2021-11-22,31.88858985900879,754335000,71.34079727350668,0.0,0.0
2021-11-23,31.679033279418945,532163000,69.75748983282404,0.0,0.0
2021-11-24,32.605072021484375,435162000,63.359098635464186,0.0,0.0
2021-11-26,31.436540603637695,283069000,57.37262776472667,0.0,0.0
2021-11-29,33.305599212646484,454964000,60.12920187594983,0.0,0.0
2021-11-30,32.60707092285156,622066000,57.61946489927286,0.0,0.0
2021-12-01,31.372526168823242,484368000,57.44965956130489,0.0,0.0
2021-12-02,32.06215286254883,472890000,56.66732286137713,0.0,0.0
2021-12-03,30.632001876831055,544325000,51.059161277276786,0.0,0.0
2021-12-06,29.977306365966797,658938000,50.053074800161795,0.0,0.0
2021-12-07,32.362548828125,593053000,56.55869652016882,0.0,0.0
2021-12-08,31.76274871826172,475551000,57.7172526736897,0.0,0.0
2021-12-09,30.42940330505371,488507000,46.205612360439204,0.0,0.0
2021-12-10,30.137989044189453,488825000,40.434126906344254,0.0,0.0
2021-12-13,28.10503387451172,598344000,37.81344839593852,0.0,0.0
2021-12-14,28.280685424804688,667035000,39.030215813676826,0.0,0.0
2021-12-15,30.398466110229492,698297000,43.38599960524514,0.0,0.0
2021-12-16,28.330583572387695,707366000,41.16656020402379,0.0,0.0
2021-12-17,27.745744705200195,713758000,32.9415239842955,0.0,0.0
2021-12-20,27.663911819458008,461847000,34.237135905726205,0.0,0.0
2021-12-21,29.017215728759766,524385000,42.54578816037867,0.0,0.0
2021-12-22,29.34157371520996,395184000,41.18598238437218,0.0,0.0
2021-12-23,29.581090927124023,343022000,46.31068206247161,0.0,0.0
2021-12-27,30.883499145507812,403686000,53.04288987383899,0.0,0.0
2021-12-28,30.261737823486328,420591000,41.99803838740718,0.0,0.0
2021-12-29,29.941375732421875,343139000,42.91151796817517,0.0,0.0
2021-12-30,29.527206420898438,308864000,46.21823001944835,0.0,0.0
2021-12-31,29.35255241394043,266530000,46.67511215494636,0.0,0.0
2022-01-03,30.061140060424805,391547000,59.32624192623372,0.0,0.0
2022-01-04,29.23179054260254,527154000,54.268564974961784,0.0,0.0
2022-01-05,27.54913902282715,498064000,36.692447899212176,0.0,0.0
2022-01-06,28.121997833251953,454186000,48.867692953418135,0.0,0.0
2022-01-07,27.192848205566406,409939000,47.10675775947173,0.0,0.0
2022-01-10,27.34554672241211,594681000,48.346297822547776,0.0,0.0
2022-01-11,27.76171875,404089000,42.775114191577714,0.0,0.0
2022-01-12,27.943359375,383413000,41.8194620293789,0.0,0.0
2022-01-13,26.52219009399414,540171000,34.277259468703306,0.0,0.0
2022-01-14,26.88845443725586,395832000,27.278906473684344,0.0,0.0
2022-01-18,25.851520538330078,424270000,26.048769554057458,0.0,0.0
2022-01-19,25.017181396484375,488315000,24.67144541611235,0.0,0.0
2022-01-20,24.10200309753418,435181000,23.462186717212617,0.0,0.0
2022-01-21,23.32754898071289,718958000,22.161748645660808,0.0,0.0
2022-01-24,23.325550079345703,913982000,16.704477868014266,0.0,0.0
2022-01-25,22.279630661010742,664616000,16.35431456820106,0.0,0.0
2022-01-26,22.726743698120117,755959000,23.491349899026872,0.0,0.0
2022-01-27,21.900386810302734,573353000,16.72717537193121,0.0,0.0
2022-01-28,22.794607162475586,543774000,26.390249166890655,0.0,0.0
2022-01-31,24.43733787536621,564680000,36.54166658253983,0.0,0.0
2022-02-01,24.589038848876953,518925000,34.94936482940311,0.0,0.0
2022-02-02,25.191837310791016,543419000,37.44878461789867,0.0,0.0
2022-02-03,23.90040397644043,410178000,37.8973355653501,0.0,0.0
2022-02-04,24.270668029785156,354829000,37.920259656698995,0.0,0.0
2022-02-07,24.678855895996094,376868000,44.255414750944794,0.0,0.0
2022-02-08,25.0580997467041,410359000,50.209803186384356,0.0,0.0
2022-02-09,26.651926040649414,524282000,62.223692389709434,0.0,0.0
2022-02-10,25.77267837524414,513200000,61.60474453539439,0.0,0.0
2022-02-11,23.901403427124023,605472000,52.32118097835389,0.0,0.0
2022-02-14,24.218774795532227,440424000,58.30413818716721,0.0,0.0
2022-02-15,26.442344665527344,699869000,63.810356639491786,0.0,0.0
2022-02-16,26.45831298828125,732676000,68.02714974020355,0.0,0.0
2022-02-17,24.45829200744629,810595000,56.05080212424748,0.0,0.0
2022-02-18,23.59501838684082,761255000,46.75236078989075,0.0,0.0
2022-02-22,23.343515396118164,633422000,45.23444664094696,0.0,0.0
2022-02-23,22.34250831604004,566511000,39.42043543621483,0.0,0.0
2022-02-24,23.7008056640625,735801000,49.2625526623507,0.0,0.0
2022-02-25,24.10898780822754,528866000,49.40431603795966,0.0,0.0
2022-02-28,24.336536407470703,477319000,48.7217664828945,0.0,0.0
2022-03-01,23.43034553527832,412056000,44.15203984669194,0.0,0.0
2022-03-02,24.175983428955078,389642000,40.52748920821547,0.0,0.0
2022-03-03,23.670900344848633,365095000,41.7219780365602,0.0,0.0
2022-03-04,22.894317626953125,431415000,45.659201522042984,0.0,0.0
2022-03-07,21.313196182250977,450821000,38.70653930572866,0.0,0.0
2022-03-08,21.474899291992188,557467000,27.007081549241278,0.0,0.0
2022-03-09,22.972177505493164,492742000,35.80960096414648,0.0,0.0
2022-03-10,22.616823196411133,428066000,41.345475274826896,0.0,0.0
2022-03-11,22.059843063354492,367209000,42.57111153338293,0.0,0.0
2022-03-14,21.291236877441406,385354000,40.54212315811338,0.0,0.0
2022-03-15,22.931249618530273,491996000,52.56228946246145,0.0,0.0
2022-03-16,24.451486587524414,671422000,53.221663112610464,0.0,0.0
2022-03-17,24.72099494934082,471941000,52.65816272618796,0.0,0.0
2022-03-18,26.404924392700195,730719000,57.97483037415518,0.0,0.0
2022-03-21,26.68541717529297,591727000,63.18640631530883,0.0,0.0
2022-03-22,26.475799560546875,547007000,59.73961262768708,0.0,0.0
2022-03-23,25.587417602539062,502120000,57.8611474371566,0.0,0.0
2022-03-24,28.098840713500977,877379000,68.68816961736678,0.0,0.0
2022-03-25,27.641672134399414,579016000,74.71926980093994,0.0,0.0
2022-03-28,28.167715072631836,425494000,75.41890926685454,0.0,0.0
2022-03-29,28.603923797607422,488984000,73.26405771074295,0.0,0.0
2022-03-30,27.639678955078125,463487000,69.75502741899389,0.0,0.0
2022-03-31,27.23641014099121,523440000,70.60875901522603,0.0,0.0
2022-04-01,26.663454055786133,517235000,71.72613020109407,0.0,0.0
2022-04-04,27.31027603149414,397120000,69.25642043819133,0.0,0.0
2022-04-05,25.88387107849121,436615000,56.351209428901846,0.0,0.0
2022-04-06,24.362642288208008,703833000,48.5698147250153,0.0,0.0
2022-04-07,24.164003372192383,557992000,39.853566480151436,0.0,0.0
2022-04-08,23.076984405517578,524781000,34.77380804170022,0.0,0.0
2022-04-11,21.877168655395508,575207000,32.09203490259587,0.0,0.0
2022-04-12,21.46491813659668,662258000,33.32793375338254,0.0,0.0
2022-04-13,22.16265296936035,516943000,21.8658879187754,0.0,0.0
2022-04-14,21.219362258911133,569097000,20.90271625228283,0.0,0.0
2022-04-18,21.743412017822266,525701000,20.888428050514847,0.0,0.0
2022-04-19,22.157655715942383,512781000,20.730628127416608,0.0,0.0
2022-04-20,21.442960739135742,468974000,21.211312402991794,0.0,0.0
2022-04-21,20.146320343017578,656209000,19.585546739676346,0.0,0.0
2022-04-22,19.479534149169922,624713000,19.429140497791792,0.0,0.0
2022-04-25,19.865835189819336,641566000,17.602156962160578,0.0,0.0
2022-04-26,18.75385284423828,653143000,18.097429991823205,0.0,0.0
2022-04-27,18.38153076171875,499460000,20.171311428685954,0.0,0.0
2022-04-28,19.746047973632812,570327000,30.262266932191736,0.0,0.0
2022-04-29,18.513294219970703,500435000,29.873264909896392,0.0,0.0
2022-05-02,19.497499465942383,572049000,39.301754088573965,0.0,0.0
2022-05-03,19.566375732421875,475751000,41.19283623963668,0.0,0.0
2022-05-04,20.297046661376953,648855000,41.37198881142537,0.0,0.0
2022-05-05,18.80976104736328,626331000,39.389998679907166,0.0,0.0
2022-05-06,18.641063690185547,633297000,35.898387305026034,0.0,0.0
2022-05-09,16.9191951751709,644455000,28.718597744892477,0.0,0.0
2022-05-10,17.563026428222656,761474000,34.146370317448486,0.0,0.0
2022-05-11,16.599777221679688,670167000,35.10274830018814,0.0,0.0
2022-05-12,16.145605087280273,708728000,35.74114606644349,0.0,0.0
2022-05-13,17.6738224029541,670437000,41.459235115747234,0.0,0.0
2022-05-16,17.232627868652344,521446000,43.745920400912176,0.0,0.0
2022-05-17,18.143964767456055,585830000,49.06476528238196,0.0,0.0
2022-05-18,16.90721893310547,545161000,38.71070796220198,0.0,0.0
2022-05-19,17.092880249023438,621310000,43.838224654883135,0.0,0.0
2022-05-20,16.663660049438477,739105000,37.08489492271974,0.0,0.0
2022-05-23,16.867292404174805,639889000,37.84829837556064,0.0,0.0
2022-05-24,16.124643325805664,588550000,31.235416399660906,0.0,0.0
2022-05-25,16.944149017333984,781132000,41.07361095468321,0.0,0.0
2022-05-26,17.818561553955078,996575000,46.31353308150789,0.0,0.0
2022-05-27,18.77681541442871,738379000,58.937670932727876,0.0,0.0
2022-05-31,18.6380672454834,664100000,55.43663849655565,0.0,0.0
2022-06-01,18.286706924438477,544514000,59.09385248098364,0.0,0.0
2022-06-02,19.556394577026367,648656000,66.90078272222183,0.0,0.0
2022-06-03,18.68597984313965,598779000,55.36508214585061,0.0,0.0
2022-06-06,18.751855850219727,422406000,58.38657016068905,0.0,0.0
2022-06-07,18.8916072845459,388914000,54.51152421796646,0.0,0.0
2022-06-08,18.618043899536133,363252000,61.68159535074027,0.0,0.0
2022-06-09,18.01900863647461,395574000,55.98574922991231,0.0,0.0
2022-06-10,16.94673728942871,465248000,51.68917387622477,0.0,0.0
2022-06-13,15.621867179870605,604153000,43.44540603407712,0.0,0.0
2022-06-14,15.810563087463379,469680000,48.244664768839876,0.0,0.0
2022-06-15,16.50045394897461,563936000,47.483817870462495,0.0,0.0
2022-06-16,15.575940132141113,545749000,37.354018207782175,0.0,0.0
2022-06-17,15.854491233825684,630334000,32.15315711001932,0.0,0.0
2022-06-21,16.53938865661621,483089000,37.9847278354206,0.0,0.0
2022-06-22,16.333721160888672,437135000,38.629150787201105,0.0,0.0
2022-06-23,16.198936462402344,463680000,27.47514009894843,0.0,0.0
2022-06-24,17.098491668701172,472153000,39.3911768325066,0.0,0.0
2022-06-27,16.84190559387207,427968000,37.55349052354684,0.0,0.0
2022-06-28,15.956327438354492,461149000,32.56641024396356,0.0,0.0
2022-06-29,15.517035484313965,482352000,31.93767475147999,0.0,0.0
2022-06-30,15.134650230407715,686070000,32.764596165308575,0.0,0.0
2022-07-01,14.499671936035156,577610000,34.57131560546226,0.0,0.0
2022-07-05,14.939962387084961,651397000,45.16082128928035,0.0,0.0
2022-07-06,15.105697631835938,529066000,44.981525176829365,0.0,0.0
2022-07-07,15.832526206970215,492903000,45.26939475442422,0.0,0.0
2022-07-08,15.812559127807617,467972000,51.92213852056529,0.0,0.0
2022-07-11,15.127662658691406,437321000,44.461365763627725,0.0,0.0
2022-07-12,15.057772636413574,458483000,37.54198072437081,0.0,0.0
2022-07-13,15.139640808105469,521918000,39.74622116547881,0.0,0.0
2022-07-14,15.347308158874512,456235000,42.777324471335774,0.0,0.0
2022-07-15,15.73668098449707,385935000,37.356306882922134,0.0,0.0
2022-07-18,16.07514190673828,670517000,42.98761533553478,0.0,0.0
2022-07-19,16.964702606201172,702366000,59.21531276147818,0.0,0.0
2022-07-20,17.778392791748047,760538000,69.34241616583557,0.0,0.0
2022-07-21,18.021005630493164,557049000,75.29308512301012,0.0,0.0
2022-07-22,17.291181564331055,536671000,74.06197957344824,0.0,0.0
2022-07-25,16.996652603149414,480748000,68.18501614596333,0.0,0.0
2022-07-26,16.506441116333008,397865000,61.71311698109512,0.0,0.0
2022-07-27,17.761423110961914,569776000,64.82049237459097,0.0,0.0
2022-07-28,17.955114364624023,474646000,66.03407217251171,0.0,0.0
2022-07-29,18.13382339477539,435460000,74.34110713134422,0.0,0.0
2022-08-01,18.411375045776367,476469000,76.27090314506698,0.0,0.0
2022-08-02,18.496240615844727,489527000,76.28204134997014,0.0,0.0
2022-08-03,18.862648010253906,418146000,76.85733475457096,0.0,0.0
2022-08-04,19.184133529663086,409652000,76.61475413068973,0.0,0.0
2022-08-05,18.958494186401367,386068000,72.65447048449917,0.0,0.0
2022-08-08,17.76441764831543,981859000,55.996415313701114,0.0,0.0
2022-08-09,17.05855369567871,668263000,44.51379743463702,0.0,0.0
2022-08-10,18.067930221557617,597422000,50.32020752729953,0.0,0.0
2022-08-11,17.913177490234375,509327000,54.60591553752819,0.0,0.0
2022-08-12,18.67894744873047,478094000,61.64478499897555,0.0,0.0
2022-08-15,19.00143051147461,457666000,67.68077906226108,0.0,0.0
2022-08-16,18.848674774169922,451240000,59.131307186619445,0.0,0.0
2022-08-17,18.3055477142334,446799000,52.77995313461742,0.0,0.0
2022-08-18,18.74285125732422,415447000,54.64094864818626,0.0,0.0
2022-08-19,17.820329666137695,441588000,45.89917952972295,0.0,0.0
2022-08-22,17.006637573242188,409593000,40.614019055060346,0.0,0.0
2022-08-23,17.15340232849121,369986000,38.923460630851054,0.0,0.0
2022-08-24,17.194334030151367,522661000,36.618804111122714,0.0,0.0
2022-08-25,17.884225845336914,770691000,43.20024022203205,0.0,0.0
2022-08-26,16.2338809967041,769127000,40.84122958964009,0.0,0.0
2022-08-29,15.775619506835938,496132000,42.08844441515991,0.0,0.0
2022-08-30,15.44315242767334,530181000,32.33916045918906,0.0,0.0
2022-08-31,15.069754600524902,573710000,31.41483830110289,0.0,0.0
2022-09-01,13.914613723754883,1178865000,20.36768095494574,0.0,0.0
2022-09-02,13.625081062316895,743157000,16.423556788586822,0.0,0.0
2022-09-06,13.443371772766113,535751000,16.364376305474664,0.0,0.0
2022-09-07,13.696039199829102,512657000,20.24060344852269,0.0,0.0
2022-09-08,13.97167682647705,624873000,18.540162713775032,0.0,0.0
2022-09-09,14.368156433105469,486612000,25.54050717960847,0.0,0.0
2022-09-12,14.486005783081055,484159000,30.187065380531408,0.0,0.0
2022-09-13,13.113802909851074,714956000,23.376446854594434,0.0,0.0
2022-09-14,13.110808372497559,588507000,22.951686807272054,0.0,0.0
2022-09-15,12.912066459655762,523625000,14.773570427579259,0.0,0.0
2022-09-16,13.18071460723877,670751000,23.103318722432803,0.0,0.0
2022-09-19,13.364476203918457,569685000,27.679686403343112,0.0,0.0
2022-09-20,13.158744812011719,524818000,28.34477452780409,0.0,0.0
2022-09-21,13.243631362915039,807679000,31.687433193296116,0.0,0.0
2022-09-22,12.544548034667969,759162000,34.87761601289321,0.0,0.0
2022-09-23,12.49960708618164,663309000,36.8683067379721,0.0,0.0
2022-09-26,12.211986541748047,547343000,35.97909015568814,0.0,0.0
2022-09-27,12.39674186706543,553854000,34.973432302200706,0.0,0.0
2022-09-28,12.719319343566895,542414000,35.671863933888275,0.0,0.0
2022-09-29,12.203995704650879,532763000,25.895477488512284,0.0,0.0
2022-09-30,12.123102188110352,565638000,23.463412679542287,0.0,0.0
2022-10-03,12.495615005493164,547478000,41.04716904811197,0.0,0.0
2022-10-04,13.14975643157959,584182000,50.474557318046074,0.0,0.0
2022-10-05,13.19170093536377,507131000,53.542527589182924,0.0,0.0
2022-10-06,13.112805366516113,644157000,49.096246820533786,0.0,0.0
2022-10-07,12.060184478759766,672478000,35.90237724920475,0.0,0.0
2022-10-10,11.654715538024902,698699000,34.41635364338639,0.0,0.0
2022-10-11,11.57082462310791,667482000,32.664028781881825,0.0,0.0
2022-10-12,11.484938621520996,492590000,37.41996509791276,0.0,0.0
2022-10-13,11.944337844848633,850103000,43.99829699876762,0.0,0.0
2022-10-14,11.212297439575195,713432000,40.14181480713329,0.0,0.0
2022-10-17,11.872429847717285,580774000,45.27282930599539,0.0,0.0
2022-10-18,11.951326370239258,659362000,42.757580065093904,0.0,0.0
2022-10-19,12.035218238830566,523131000,48.26739047179019,0.0,0.0
2022-10-20,12.17802906036377,652398000,50.55678153370382,0.0,0.0
2022-10-21,12.44967269897461,609494000,49.52457032772132,0.0,0.0
2022-10-24,12.582499504089355,517457000,43.41982512279371,0.0,0.0
2022-10-25,13.243631362915039,505482000,50.526727209393485,0.0,0.0
2022-10-26,12.879111289978027,532953000,47.75947359873396,0.0,0.0
2022-10-27,13.158744812011719,583113000,62.365123046348224,0.0,0.0
2022-10-28,13.81588363647461,521040000,73.0213082289656,0.0,0.0
2022-10-31,13.479323387145996,486341000,69.29135781810467,0.0,0.0
2022-11-01,13.525264739990234,432817000,70.79178639714951,0.0,0.0
2022-11-02,13.201689720153809,672628000,63.17773520901639,0.0,0.0
2022-11-03,13.403422355651855,500065000,75.83608267388239,0.0,0.0
2022-11-04,14.137460708618164,612576000,76.25001771267694,0.0,0.0
2022-11-07,14.282270431518555,410061000,76.60740271136885,0.0,0.0
2022-11-08,14.582879066467285,595292000,77.71020876805119,0.0,0.0
2022-11-09,13.75795841217041,454414000,64.96405558546165,0.0,0.0
2022-11-10,15.729372024536133,700819000,73.49741494244397,0.0,0.0
2022-11-11,16.30561637878418,655487000,75.08071938742589,0.0,0.0
2022-11-14,16.27366065979004,527852000,72.30228114134401,0.0,0.0
2022-11-15,16.64417266845703,545876000,77.68800171734074,0.0,0.0
2022-11-16,15.889163970947266,649547000,68.76716072506309,0.0,0.0
2022-11-17,15.656468391418457,710894000,63.43489254326945,0.0,0.0
2022-11-18,15.388819694519043,492072000,64.0795362831254,0.0,0.0
2022-11-21,15.296940803527832,404739000,62.97542841746182,0.0,0.0
2022-11-22,16.01699447631836,472866000,69.48706625240239,0.0,0.0
2022-11-23,16.49736785888672,427241000,70.62035911676672,0.0,0.0
2022-11-25,16.248695373535156,167934000,65.04414987258798,0.0,0.0
2022-11-28,15.806272506713867,303741000,60.41780685864723,0.0,0.0
2022-11-29,15.618518829345703,298384000,57.19039046261913,0.0,0.0
2022-11-30,16.9051570892334,565298000,70.53430112321898,0.0,0.0
2022-12-01,17.11693572998047,470977000,61.751770171917485,0.0,0.0
2022-12-02,16.858211517333984,371389000,54.946147242014305,0.0,0.0
2022-12-05,16.59248924255371,352255000,52.73913194656468,0.0,0.0
2022-12-06,15.970149993896484,352694000,44.44948274955883,0.0,0.0
2022-12-07,16.103008270263672,372388000,51.96203251525285,0.0,0.0
2022-12-08,17.150901794433594,515456000,61.92730317295863,0.0,0.0
2022-12-09,16.983078002929688,465338000,62.93005323713408,0.0,0.0
2022-12-12,17.516517639160156,457328000,66.79844735925074,0.0,0.0
2022-12-13,18.05295181274414,656589000,65.84926915215738,0.0,0.0
2022-12-14,17.655370712280273,496888000,59.13239612709947,0.0,0.0
2022-12-15,16.93412971496582,478542000,55.030599381675366,0.0,0.0
2022-12-16,16.553531646728516,478232000,55.534575602535256,0.0,0.0
2022-12-19,16.236862182617188,354039000,54.49394299808002,0.0,0.0
2022-12-20,16.068042755126953,403260000,42.73580738709196,0.0,0.0
2022-12-21,16.483606338500977,325025000,44.691917309208606,0.0,0.0
2022-12-22,15.322829246520996,565045000,38.82181282893479,0.0,0.0
2022-12-23,15.189971923828125,349326000,39.58768338072518,0.0,0.0
2022-12-27,14.106114387512207,464902000,37.048857817555266,0.0,0.0
2022-12-28,14.02120304107666,351066000,35.438799532126595,0.0,0.0
2022-12-29,14.587605476379395,354923000,30.77616946371667,0.0,0.0
2022-12-30,14.59859561920166,310490000,31.68640351419714,0.0,0.0
2023-01-03,14.299909591674805,401277000,24.371244563212088,0.0,0.0
2023-01-04,14.733453750610352,431324000,23.110581076430094,0.0,0.0
2023-01-05,14.24996280670166,389168000,22.793339659060422,0.0,0.0
2023-01-06,14.843335151672363,405044000,32.94771252912308,0.0,0.0
2023-01-09,15.611526489257812,504231000,42.77396498487224,0.0,0.0
2023-01-10,15.892229080200195,384101000,47.34168254685729,0.0,0.0
2023-01-11,15.984131813049316,353285000,49.34498293437837,0.0,0.0
2023-01-12,16.493593215942383,551409000,50.076832104135654,0.0,0.0
2023-01-13,16.881183624267578,447287000,63.607798175786975,0.0,0.0
2023-01-17,17.68334197998047,511102000,69.49388569616052,0.0,0.0
2023-01-18,17.35868263244629,439624000,78.85496392244801,0.0,0.0
2023-01-19,16.74732780456543,452932000,72.11863384492938,0.0,0.0
2023-01-20,17.8201961517334,564967000,74.23604556179426,0.0,0.0
2023-01-23,19.172767639160156,655163000,78.55090808238029,0.0,0.0
2023-01-24,19.244688034057617,496204000,81.7633136132017,0.0,0.0
2023-01-25,19.302631378173828,449537000,80.83869960809751,0.0,0.0
2023-01-26,19.781126022338867,489535000,87.3566126279288,0.0,0.0
2023-01-27,20.343534469604492,542142000,87.30350947239958,0.0,0.0
2023-01-30,19.141801834106445,488611000,72.61324502165476,0.0,0.0
2023-01-31,19.516408920288086,498017000,72.93879511056969,0.0,0.0
2023-02-01,20.920923233032227,660477000,76.79460837390104,0.0,0.0
2023-02-02,21.686115264892578,564276000,77.42138483832076,0.0,0.0
2023-02-03,21.077760696411133,429366000,71.65689140071868,0.0,0.0
2023-02-06,21.066770553588867,452197000,69.0131279017845,0.0,0.0
2023-02-07,22.14962387084961,664150000,74.80860438784006,0.0,0.0
2023-02-08,22.181591033935547,559651000,79.93616674058794,0.0,0.0
2023-02-09,22.313457489013672,523876000,77.61543661990098,0.0,0.0
2023-02-10,21.242584228515625,550737000,63.17730419740494,0.0,0.0
2023-02-13,21.76502799987793,474919000,65.175016553673,0.0,0.0
2023-02-14,22.946786880493164,675474000,69.32612197998591,0.0,0.0
2023-02-15,22.74000358581543,420575000,66.15752478863968,0.0,0.0
2023-02-16,21.97880744934082,412026000,58.739977044625554,0.0,0.0
2023-02-17,21.365453720092773,465888000,62.68229854681282,0.0,0.0
2023-02-21,20.63322639465332,410015000,56.11996730383328,0.0,0.0
2023-02-22,20.73212242126465,513184000,48.792641547262065,0.0,0.0
2023-02-23,23.639053344726562,1117995000,59.803418725908664,0.0,0.0
2023-02-24,23.261449813842773,589716000,61.22171924473879,0.0,0.0
2023-02-27,23.476224899291992,452994000,62.12788704058528,0.0,0.0
2023-02-28,23.191526412963867,455963000,55.70257177551569,0.0,0.0
2023-03-01,22.674074172973633,460026000,52.5594550176953,0.0,0.0
2023-03-02,23.2894229888916,389415000,54.829436355915036,0.0,0.0
2023-03-03,23.864810943603516,412393000,63.644843061276816,0.0,0.0
2023-03-06,23.529170989990234,437429000,59.36177650951526,0.0,0.0
2023-03-07,23.26740264892578,515154000,51.885517653201724,0.0,0.0
2023-03-08,24.15961265563965,513573000,57.725773180681095,0.0,0.0
2023-03-09,23.415273666381836,501257000,57.83188276156582,0.0,0.0
2023-03-10,22.944690704345703,474866000,58.7464629247152,0.0,0.0
2023-03-13,22.945688247680664,421890000,63.936149952436374,0.0,0.0
2023-03-14,24.041715621948242,474910000,67.80545438958066,0.0,0.0
2023-03-15,24.206571578979492,524486000,54.33108448403439,0.0,0.0
2023-03-16,25.518409729003906,583253000,65.07469580385282,0.0,0.0
2023-03-17,25.702247619628906,848547000,64.92976043688057,0.0,0.0
2023-03-20,25.877094268798828,432747000,68.28127482301534,0.0,0.0
2023-03-21,26.17582893371582,547408000,74.56883731651266,0.0,0.0
2023-03-22,26.4445858001709,797295000,73.26876859212759,0.0,0.0
2023-03-23,27.166948318481445,564889000,73.83595867594744,0.0,0.0
2023-03-24,26.75531578063965,454920000,73.03470875467976,0.0,0.0
2023-03-27,26.507535934448242,361026000,73.18089198512884,0.0,0.0
2023-03-28,26.386642456054688,356104000,67.90940893421765,0.0,0.0
2023-03-29,26.960134506225586,393694000,79.3126571418161,0.0,0.0
2023-03-30,27.358779907226562,364516000,86.93983374169946,0.0,0.0
2023-03-31,27.752431869506836,433933000,87.74521238055318,0.0,0.0
2023-04-03,27.940265655517578,398716000,85.70648922022241,0.0,0.0
2023-04-04,27.42871856689453,368592000,77.74912684824463,0.0,0.0
2023-04-05,26.85722541809082,515015000,63.215019113369394,0.0,0.0
2023-04-06,27.013086318969727,397654000,63.01072596840626,0.0,0.0
2023-04-10,27.554607391357422,395279000,65.52044199080873,0.0,0.0
2023-04-11,27.144969940185547,314378000,58.786237467515065,0.0,0.0
2023-04-12,26.471561431884766,446259000,50.227843855051745,0.0,0.0
2023-04-13,26.439598083496094,353615000,43.04551449599702,0.0,0.0
2023-04-14,26.734336853027344,395660000,49.794825645566384,0.0,0.0
2023-04-17,26.97811508178711,321471000,54.60587587576447,0.0,0.0
2023-04-18,27.64253044128418,604812000,61.11014543446767,0.0,0.0
2023-04-19,27.906293869018555,358660000,58.85542467265643,0.0,0.0
2023-04-20,27.08002281188965,427713000,47.584378616879725,0.0,0.0
2023-04-21,27.09501075744629,345103000,43.9028539640352,0.0,0.0
2023-04-24,27.018083572387695,339282000,41.267733477252605,0.0,0.0
2023-04-25,26.21779441833496,378527000,39.12810128156469,0.0,0.0
2023-04-26,26.932159423828125,406337000,50.65594313550588,0.0,0.0
2023-04-27,27.201919555664062,377161000,51.62065603519066,0.0,0.0
2023-04-28,27.724456787109375,292216000,51.46249336409425,0.0,0.0
2023-05-01,28.884429931640625,570329000,63.26378391600617,0.0,0.0
2023-05-02,28.185047149658203,402730000,63.014172386206084,0.0,0.0
2023-05-03,27.77741050720215,383387000,59.612342617176736,0.0,0.0
2023-05-04,27.537622451782227,321850000,55.81764257240796,0.0,0.0
2023-05-05,28.654632568359375,361494000,60.7785415456064,0.0,0.0
2023-05-08,29.12521743774414,344979000,59.776031054024315,0.0,0.0
2023-05-09,28.545726776123047,314869000,54.04755392821845,0.0,0.0
2023-05-10,28.85944938659668,369350000,62.04519913975419,0.0,0.0
2023-05-11,28.552722930908203,322149000,59.49254569542634,0.0,0.0
2023-05-12,28.3149356842041,274222000,58.27173838634494,0.0,0.0
2023-05-15,28.927392959594727,293926000,67.70696524818213,0.0,0.0
2023-05-16,29.187166213989258,449405000,65.66710128231227,0.0,0.0
2023-05-17,30.15130615234375,432535000,68.68826975975945,0.0,0.0
2023-05-18,31.649980545043945,748725000,72.13521181295889,0.0,0.0
2023-05-19,31.236345291137695,473908000,64.48079360498494,0.0,0.0
2023-05-22,31.148426055908203,372000000,69.73127142796153,0.0,0.0
2023-05-23,30.660856246948242,356253000,68.9968352330456,0.0,0.0
2023-05-24,30.510990142822266,721419000,69.82415014294602,0.0,0.0
2023-05-25,37.94640350341797,1543911000,83.62256471835374,0.0,0.0
2023-05-26,38.911556243896484,714397000,84.18849313346973,0.0,0.0
2023-05-30,40.075523376464844,923401000,88.69889121490971,0.0,0.0
2023-05-31,37.800533294677734,1002580000,76.5187019538247,0.0,0.0
2023-06-01,39.73482894897461,635873000,80.24538263387568,0.0,0.0
2023-06-02,39.29220962524414,482731000,79.36595984479243,0.0,0.0
2023-06-05,39.136356353759766,396094000,77.99450589154833,0.0,0.0
2023-06-06,38.61981201171875,388729000,75.5065412824324,0.0,0.0
2023-06-07,37.44572067260742,511998000,69.50316461854281,0.0,0.0
2023-06-08,38.47991943359375,417772000,68.72640730079635,0.0,0.0
2023-06-09,38.739715576171875,427717000,70.74785753359073,0.0,0.0
2023-06-12,39.45115661621094,388701000,72.19293197384272,0.0,0.0
2023-06-13,40.989959716796875,613208000,76.14032118369218,0.0,0.0
2023-06-14,42.96341323852539,740465000,78.85093936619437,0.0,0.0
2023-06-15,42.619686126708984,568622000,66.12707582783906,0.0,0.0
2023-06-16,42.65864944458008,655709000,63.81391974944026,0.0,0.0
2023-06-20,43.77378463745117,451153000,63.68316290711566,0.0,0.0
2023-06-21,43.011375427246094,551603000,71.7094336015378,0.0,0.0
2023-06-22,42.99139404296875,417737000,66.1423593135661,0.0,0.0
2023-06-23,42.176025390625,358140000,63.78527799075006,0.0,0.0
2023-06-26,40.600257873535156,594322000,56.16136725054946,0.0,0.0
2023-06-27,41.843284606933594,462175000,62.78530418521194,0.0,0.0
2023-06-28,41.08488464355469,582639000,64.92626396049127,0.0,0.0
2023-06-29,40.79011154174805,380514000,60.087253572072306,0.0,0.0
2023-06-30,42.26895523071289,501148000,63.92744112941461,0.0,0.0
2023-07-03,42.37986373901367,198209000,62.132616523003676,0.0,0.0
2023-07-05,42.28395080566406,323618000,56.0884123210442,0.0,0.0
2023-07-06,42.07011795043945,303582000,44.962838354026026,0.0,0.0
2023-07-07,42.46979522705078,355881000,49.160086810579614,0.0,0.0
2023-07-10,42.14705276489258,353908000,47.22163057113516,0.0,0.0
2023-07-11,42.371883392333984,298244000,41.57154160169228,0.0,0.0
2023-07-12,43.86770248413086,481277000,54.73114885354698,0.0,0.0
2023-07-13,45.94108581542969,478204000,63.28296667001659,0.0,0.0
2023-07-14,45.4334831237793,772075000,65.08708000552986,0.0,0.0
2023-07-17,46.42470932006836,510488000,78.52053246415458,0.0,0.0
2023-07-18,47.4569091796875,569164000,78.0676944754453,0.0,0.0
2023-07-19,47.040225982666016,427502000,80.82974006620069,0.0,0.0
2023-07-20,45.48444366455078,537865000,71.49528701557473,0.0,0.0
2023-07-21,44.274383544921875,963769000,59.41457159023869,0.0,0.0
2023-07-24,44.577152252197266,382516000,60.13273740063929,0.0,0.0
2023-07-25,45.64331817626953,348081000,64.21921373185279,0.0,0.0
2023-07-26,45.41649627685547,364237000,64.14867738215227,0.0,0.0
2023-07-27,45.86415100097656,455976000,64.29353947113589,0.0,0.0
2023-07-28,46.71348571777344,331194000,68.41254095657266,0.0,0.0
2023-07-31,46.6924934387207,251055000,67.71250677975615,0.0,0.0
2023-08-01,46.47067642211914,237858000,61.91565847279593,0.0,0.0
2023-08-02,44.23442077636719,530142000,42.30217044983739,0.0,0.0
2023-08-03,44.48023223876953,324176000,45.59641347696357,0.0,0.0
2023-08-04,44.64509963989258,362666000,41.09947298600924,0.0,0.0
2023-08-07,45.381526947021484,322154000,39.30374427861025,0.0,0.0
2023-08-08,44.629119873046875,353843000,37.98910978847893,0.0,0.0
2023-08-09,42.52075958251953,586449000,36.006819743769505,0.0,0.0
2023-08-10,42.35489273071289,492705000,39.94562616103724,0.0,0.0
2023-08-11,40.82308578491211,533085000,32.579074298063404,0.0,0.0
2023-08-14,43.71882629394531,690286000,42.36565044962764,0.0,0.0
2023-08-15,43.905677795410156,676512000,43.98760267964834,0.0,0.0
2023-08-16,43.452030181884766,527451000,40.405389735706876,0.0,0.0
2023-08-17,43.31014633178711,452395000,35.65533504166558,0.0,0.0
2023-08-18,43.26517868041992,583768000,35.58341860296861,0.0,0.0
2023-08-21,46.9303092956543,692573000,51.49912628170322,0.0,0.0
2023-08-22,45.63232421875,755293000,54.856612378224305,0.0,0.0
2023-08-23,47.079200744628906,779046000,58.33386334401462,0.0,0.0
2023-08-24,47.126163482666016,1156044000,58.016405578160644,0.0,0.0
2023-08-25,45.9820556640625,925341000,51.89052450231762,0.0,0.0
2023-08-28,46.79841613769531,685192000,56.80177360613482,0.0,0.0
2023-08-29,48.74589538574219,701397000,69.7176831941803,0.0,0.0
2023-08-30,49.22551727294922,735206000,71.33810868537925,0.0,0.0
2023-08-31,49.31645202636719,528570000,78.97068969057463,0.0,0.0
2023-09-01,48.47110366821289,463830000,68.8460412414596,0.0,0.0
2023-09-05,48.51008224487305,382653000,68.47632041030349,0.0,0.0
2023-09-06,47.02811813354492,468670000,63.25596239541714,0.0,0.0
2023-09-07,46.20868682861328,433330000,60.23051660489406,0.0,0.0
2023-09-08,45.54015350341797,473069000,57.69107057023545,0.0,0.0
2023-09-11,45.146427154541016,473966000,42.25632029243633,0.0,0.0
2023-09-12,44.838645935058594,349256000,46.23066938792002,0.0,0.0
2023-09-13,45.45322036743164,398355000,41.61503115724343,0.0,0.0
2023-09-14,45.54915237426758,370097000,41.908426290742426,0.0,0.0
2023-09-15,43.869319915771484,506831000,39.72454614695678,0.0,0.0
2023-09-18,43.93527603149414,500271000,34.97842690789163,0.0,0.0
2023-09-19,43.489585876464844,373064000,17.263890205058914,0.0,0.0
2023-09-20,42.2094841003418,367108000,10.266145222275824,0.0,0.0
2023-09-21,40.988338470458984,450736000,8.187985468195961,0.0,0.0
2023-09-22,41.5809211730957,479236000,14.506392373443688,0.0,0.0
2023-09-25,42.19249725341797,419091000,19.268941938837884,0.0,0.0
2023-09-26,41.881717681884766,402282000,21.746804383215718,0.0,0.0
2023-09-27,42.43832778930664,444935000,28.686065829208403,0.0,0.0
2023-09-28,43.05888748168945,424663000,35.896846529726915,0.0,0.0
2023-09-29,43.46860885620117,397830000,40.48083434467446,0.0,0.0
2023-10-02,44.75070571899414,433298000,49.550736683425804,0.0,0.0
2023-10-03,43.48658752441406,470850000,40.57828460969679,0.0,0.0
2023-10-04,44.010223388671875,361821000,42.91756532915871,0.0,0.0
2023-10-05,44.656768798828125,393483000,54.00487892016443,0.0,0.0
2023-10-06,45.73002243041992,434436000,58.27955952328786,0.0,0.0
2023-10-09,45.241363525390625,409675000,58.04942341146075,0.0,0.0
2023-10-10,45.76599884033203,368582000,67.56144109457308,0.0,0.0
2023-10-11,46.77328872680664,378137000,79.18136156317037,0.0,0.0
2023-10-12,46.91218948364258,481325000,78.18277208691092,0.0,0.0
2023-10-13,45.429229736328125,474115000,65.66701838962237,0.0,0.0
2023-10-16,46.06279373168945,375099000,69.62476651564654,0.0,0.0
2023-10-17,43.90729904174805,812333000,55.99509901312012,0.0,0.0
2023-10-18,42.16651916503906,627294000,46.66320899550802,0.0,0.0
2023-10-19,42.07158660888672,501233000,44.650238836960526,0.0,0.0
2023-10-20,41.35808181762695,477266000,36.41676177736008,0.0,0.0
2023-10-23,42.944976806640625,478530000,47.88615799003586,0.0,0.0
2023-10-24,43.63248825073242,401463000,48.54436490936004,0.0,0.0
2023-10-25,41.749813079833984,398379000,39.77220348677569,0.0,0.0
2023-10-26,40.297821044921875,541001000,31.383557111535808,0.0,0.0
2023-10-27,40.471702575683594,416784000,33.293676529501184,0.0,0.0
2023-10-30,41.132240295410156,388028000,33.92275158335653,0.0,0.0
2023-10-31,40.75150680541992,517969000,28.15719877765268,0.0,0.0
2023-11-01,42.295433044433594,437593000,34.802691308813706,0.0,0.0
2023-11-02,43.4755973815918,409172000,43.43828240411703,0.0,0.0
2023-11-03,44.97355651855469,424610000,46.54232094611852,0.0,0.0
2023-11-06,45.71902847290039,400733000,56.31662297881658,0.0,0.0
2023-11-07,45.92289352416992,343165000,64.66869549208621,0.0,0.0
2023-11-08,46.54145812988281,346719000,66.7691251046022,0.0,0.0
2023-11-09,46.91719055175781,540496000,71.39779513611543,0.0,0.0
2023-11-10,48.30122375488281,421245000,70.94403175003289,0.0,0.0
2023-11-13,48.586029052734375,384136000,69.99920829448926,0.0,0.0
2023-11-14,49.621299743652344,416954000,84.1142807374766,0.0,0.0
2023-11-15,48.853843688964844,475497000,89.41994974565901,0.0,0.0
2023-11-16,49.44542694091797,339756000,89.81207615459985,0.0,0.0
2023-11-17,49.26355743408203,325205000,87.674864056556,0.0,0.0
2023-11-20,50.37377166748047,414120000,91.75998179661248,0.0,0.0
2023-11-21,49.90909957885742,565747000,86.45811668072497,0.0,0.0
2023-11-22,48.681949615478516,899420000,74.81898754022974,0.0,0.0
2023-11-24,47.742610931396484,294645000,63.94283415690186,0.0,0.0
2023-11-27,48.208290100097656,395662000,62.8974155042,0.0,0.0
2023-11-28,47.7875862121582,401491000,59.44906691263529,0.0,0.0
2023-11-29,48.10636520385742,382005000,58.17842605163552,0.0,0.0
2023-11-30,46.73732376098633,526247000,49.14840603411453,0.0,0.0
2023-12-01,46.732322692871094,369317000,41.456243091860756,0.0,0.0
2023-12-04,45.47819519042969,437543000,34.69181060636758,0.0,0.0
2023-12-05,46.53755187988281,371718000,34.8464068911851,0.0,0.0
2023-12-06,45.47520065307617,380590000,33.86492007278082,0.0,0.0
2023-12-07,46.567535400390625,350823000,36.88364121498602,0.0,0.0
2023-12-08,47.47697448730469,359224000,42.36384797692697,0.0,0.0
2023-12-11,46.598514556884766,509728000,33.53778968091821,0.0,0.0
2023-12-12,47.627891540527344,372387000,40.51956768680102,0.0,0.0
2023-12-13,48.058631896972656,447792000,47.225933579779706,0.0,0.0
2023-12-14,48.32046127319336,391232000,52.73675409770771,0.0,0.0
2023-12-15,48.86013412475586,479948000,53.065708211228994,0.0,0.0
2023-12-18,50.04640197753906,412587000,59.90988737106436,0.0,0.0
2023-12-19,49.573692321777344,464444000,56.35167560391158,0.0,0.0
2023-12-20,48.08160400390625,397894000,55.757702439989586,0.0,0.0
2023-12-21,48.96006774902344,300425000,58.8774459101693,0.0,0.0
2023-12-22,48.8001708984375,252507000,64.50265985349861,0.0,0.0
2023-12-26,49.24889373779297,244200000,62.50347426961636,0.0,0.0
2023-12-27,49.38680648803711,233648000,69.71989919087068,0.0,0.0
2023-12-28,49.49175262451172,246587000,66.37203097215374,0.0,0.0
2023-12-29,49.49175262451172,389293000,62.55925760001832,0.0,0.0
2024-01-02,48.13856887817383,411254000,59.06360923595504,0.0,0.0
2024-01-03,47.539939880371094,320896000,49.45473662879921,0.0,0.0
2024-01-04,47.96867752075195,306535000,49.44218211460583,0.0,0.0
2024-01-05,49.0670051574707,415039000,54.19427449911664,0.0,0.0
2024-01-08,52.22107696533203,642510000,64.59508028914644,0.0,0.0
2024-01-09,53.10753631591797,773100000,63.64853539430219,0.0,0.0
2024-01-10,54.31679916381836,533796000,69.84446837376399,0.0,0.0
2024-01-11,54.78850555419922,596759000,80.6802594699444,0.0,0.0
2024-01-12,54.676578521728516,352994000,78.12196095267788,0.0,0.0
2024-01-16,56.347557067871094,449580000,82.32322463348177,0.0,0.0
2024-01-17,56.01875686645508,474394000,79.29422956402927,0.0,0.0
2024-01-18,57.07211685180664,491650000,80.81423333207215,0.0,0.0
2024-01-19,59.45465087890625,543501000,83.77716622837842,0.0,0.0
2024-01-22,59.61756134033203,452955000,83.95441048196018,0.0,0.0
2024-01-23,59.83642578125,294654000,92.4556236245288,0.0,0.0
2024-01-24,61.32450866699219,560271000,96.99490966418625,0.0,0.0
2024-01-25,61.57935333251953,482777000,96.9588511905448,0.0,0.0
2024-01-26,60.99371337890625,390309000,92.65802485763041,0.0,0.0
2024-01-29,62.426841735839844,348733000,91.62730128586794,0.0,0.0
2024-01-30,62.73564910888672,410735000,91.21324690314961,0.0,0.0
2024-01-31,61.48940658569336,453795000,80.6055358866735,0.0,0.0
2024-02-01,62.98849868774414,369146000,82.16891470109188,0.0,0.0
2024-02-02,66.11958312988281,476578000,86.29388491163415,0.0,0.0
2024-02-05,69.2896499633789,680078000,87.4840680300775,0.0,0.0
2024-02-06,68.18132019042969,683111000,83.7044047790841,0.0,0.0
2024-02-07,70.05616760253906,495575000,84.41402571462585,0.0,0.0
2024-02-08,69.59844970703125,414422000,79.94097677730757,0.0,0.0
2024-02-09,72.08893585205078,436637000,82.36420435173945,0.0,0.0
2024-02-12,72.20386505126953,613710000,82.26855377360546,0.0,0.0
2024-02-13,72.08395385742188,602580000,80.23143538889254,0.0,0.0
2024-02-14,73.85486602783203,504917000,81.78340966203471,0.0,0.0
2024-02-15,72.61361694335938,420122000,79.09805507373056,0.0,0.0
2024-02-16,72.56863403320312,495327000,77.29419880161589,0.0,0.0
2024-02-20,69.4095687866211,704833000,65.57222812710597,0.0,0.0
2024-02-21,67.43079376220703,673755000,63.4047801721878,0.0,0.0
2024-02-22,78.49002838134766,865100000,74.43371962141475,0.0,0.0
2024-02-23,78.76885223388672,829388000,71.90779711208668,0.0,0.0
2024-02-26,79.04368591308594,503973000,68.77646695036995,0.0,0.0
2024-02-27,78.65292358398438,391705000,70.73048644832474,0.0,0.0
2024-02-28,77.61554718017578,393110000,65.4784410940406,0.0,0.0
2024-02-29,79.06367492675781,507289000,68.6253891715199,0.0,0.0
2024-03-01,82.2287368774414,479135000,69.43678759660537,0.0,0.0
2024-03-04,85.18492126464844,615616000,72.43893049451785,0.0,0.0
2024-03-05,85.91551208496094,520639000,73.41476074570647,0.0,0.0
2024-03-06,88.64997100830078,582520000,74.25464658939316,0.0,0.0
2024-03-07,92.6167221069336,608119000,80.1024645398248,0.0,0.0
2024-03-08,87.47863006591797,1142269000,69.45553299794791,0.0,0.0
2024-03-11,85.72563171386719,678364000,72.10125626148682,0.0,0.0
2024-03-12,91.86116790771484,668075000,79.74320512298046,0.0,0.0
2024-03-13,90.83673858642578,635713000,69.89221402990867,0.0,0.0
2024-03-14,87.89439392089844,602318000,63.540364558408825,0.0,0.0
2024-03-15,87.7874526977539,642086000,63.038855675611835,0.0,0.0
2024-03-18,88.40511322021484,668976000,64.44488338372497,0.0,0.0
2024-03-19,89.34758758544922,672171000,67.4264182308361,0.0,0.0
2024-03-20,90.3210220336914,479063000,66.96049843136558,0.0,0.0
2024-03-21,91.38343048095703,480372000,64.725588430361,0.0,0.0
2024-03-22,94.2358169555664,586719000,64.60740410563187,0.0,0.0
2024-03-25,94.94840240478516,552136000,64.58682253788521,0.0,0.0
2024-03-26,92.50879669189453,513648000,56.29136220055499,0.0,0.0
2024-03-27,90.1990966796875,586067000,45.833202913757454,0.0,0.0
2024-03-28,90.3050308227539,435212000,55.89362948556294,0.0,0.0
2024-04-01,90.31202697753906,452441000,60.314647960509305,0.0,0.0
2024-04-02,89.40155029296875,433064000,42.76896861754718,0.0,0.0
2024-04-03,88.913818359375,370067000,44.16259616552429,0.0,0.0
2024-04-04,85.85653686523438,434965000,43.85655336215523,0.0,0.0
2024-04-05,87.95836639404297,399678000,50.45992743132321,0.0,0.0
2024-04-08,87.08384704589844,283220000,46.49296426630517,0.0,0.0
2024-04-09,85.30584716796875,501700000,39.72763918190911,0.0,0.0
2024-04-10,86.98990631103516,431929000,41.8288974406049,0.0,0.0
2024-04-11,90.56488800048828,431637000,48.21248392606076,0.0,0.0
2024-04-12,88.13626861572266,426805000,36.42875279686821,0.0,0.0
2024-04-15,85.9524917602539,443077000,31.21430417723647,0.0,0.0
2024-04-16,87.36569213867188,370453000,38.77889637755769,0.0,0.0
2024-04-17,83.98759460449219,495400000,37.05154987232447,0.0,0.0
2024-04-18,84.62323760986328,447260000,38.41169925649115,0.0,0.0
2024-04-19,76.15702056884766,875198000,28.53639207261307,0.0,0.0
2024-04-22,79.47315216064453,596341000,35.96894683222355,0.0,0.0
2024-04-23,82.37651062011719,438559000,41.35178724174582,0.0,0.0
2024-04-24,79.63206481933594,512208000,41.696913207341126,0.0,0.0
2024-04-25,82.58539581298828,424641000,42.99196903872841,0.0,0.0
2024-04-26,87.6855239868164,551011000,50.7068574589902,0.0,0.0
2024-04-29,87.70751190185547,388971000,52.94292963426964,0.0,0.0
2024-04-30,86.353271484375,363709000,49.21352925868884,0.0,0.0
2024-05-01,82.99415588378906,559863000,40.59730115791368,0.0,0.0
2024-05-02,85.76859283447266,377898000,47.084438308610395,0.0,0.0
2024-05-03,88.7389144897461,398341000,53.36600457241653,0.0,0.0
2024-05-06,92.08802795410156,376203000,55.4496997478824,0.0,0.0
2024-05-07,90.50292205810547,437342000,57.84344609044321,0.0,0.0
2024-05-08,90.36102294921875,325721000,56.99050762922515,0.0,0.0
2024-05-09,88.69695281982422,378013000,68.31305447199752,0.0,0.0
2024-05-10,89.82730102539062,335325000,66.1521593900394,0.0,0.0
2024-05-13,90.3480224609375,289680000,63.43395534459081,0.0,0.0
2024-05-14,91.30448150634766,296507000,70.93235513088506,0.0,0.0
2024-05-15,94.57662963867188,417735000,71.26098037094302,0.0,0.0
2024-05-16,94.30577850341797,323952000,64.16350550794235,0.0,0.0
2024-05-17,92.42682647705078,359691000,59.35340715547248,0.0,0.0
2024-05-20,94.72654724121094,318764000,65.99585722740255,0.0,0.0
2024-05-21,95.33220672607422,328946000,76.34105949768511,0.0,0.0
2024-05-22,94.89645385742188,548648000,71.649370506623,0.0,0.0
2024-05-23,103.7404556274414,835065000,77.82721293884168,0.0,0.0
2024-05-24,106.40895080566406,429494000,77.25283911082215,0.0,0.0
2024-05-28,113.83676147460938,652728000,86.32643046389887,0.0,0.0
2024-05-29,114.7602310180664,557442000,87.08259863313876,0.0,0.0
2024-05-30,110.43766784667969,484553000,80.57167854240981,0.0,0.0
2024-05-31,109.5711669921875,613263000,77.97127844275519,0.0,0.0
2024-06-03,114.93512725830078,438392000,80.62947663784966,0.0,0.0
2024-06-04,116.37133026123047,403324000,80.85827492426682,0.0,0.0
2024-06-05,122.3709487915039,528402000,82.0628019492284,0.0,0.0
2024-06-06,120.92974853515625,664696000,79.90522622542895,0.0,0.0
2024-06-07,120.81981658935547,412386000,83.21214677877984,0.0,0.0
2024-06-10,121.7213134765625,313434100,82.64443043374749,0.0,0.0
2024-06-11,120.85173797607422,222551200,80.66471430451725,0.0,0.0
2024-06-12,125.1396484375,299595000,83.2615190621368,0.0,0.0
2024-06-13,129.5475311279297,260704500,81.45162352325866,0.0,0.0
2024-06-14,131.8164520263672,309320400,81.26919690994939,0.0,0.0
2024-06-17,130.91688537597656,288504400,75.04505077916349,0.0,0.0
2024-06-18,135.5146484375,294335100,77.47248782473773,0.0,0.0
2024-06-20,130.71697998046875,517768400,76.5101526308993,0.0,0.0
2024-06-21,126.50900268554688,649445800,70.3630291722296,0.0,0.0
2024-06-24,118.05307006835938,476060900,53.48906420968367,0.0,0.0
2024-06-25,126.02922821044922,414192600,59.42756307175099,0.0,0.0
2024-06-26,126.33909606933594,362975900,54.35755084119381,0.0,0.0
2024-06-27,123.93024444580078,252571700,53.22637408129693,0.0,0.0
2024-06-28,123.48046112060547,315516700,52.84018053816929,0.0,0.0
2024-07-01,124.24010467529297,284885500,52.69692282108287,0.0,0.0
2024-07-02,122.61088562011719,218374000,51.85340648274667,0.0,0.0
2024-07-03,128.21817016601562,215749000,53.155741459013676,0.0,0.0
2024-07-05,125.76936340332031,214176700,45.96499997973649,0.0,0.0
2024-07-08,128.13819885253906,237677300,46.08007216061311,0.0,0.0
2024-07-09,131.3166961669922,285366600,50.40634241374784,0.0,0.0
2024-07-10,134.84500122070312,248978600,49.304289087888264,0.0,0.0
2024-07-11,127.33860778808594,374782700,46.67715623741723,0.0,0.0
2024-07-12,129.177734375,252680500,52.75315977941688,0.0,0.0
2024-07-15,128.37811279296875,208326200,62.650015869031556,0.0,0.0
2024-07-16,126.2990951538086,214769500,50.3864820662654,0.0,0.0
2024-07-17,117.9331283569336,390086200,40.21864748811202,0.0,0.0
2024-07-18,121.03164672851562,320979500,46.68041361724447,0.0,0.0
2024-07-19,117.87317657470703,217223800,43.9534592006041,0.0,0.0
2024-07-22,123.48046112060547,258068900,49.2583828786927,0.0,0.0
2024-07-23,122.53092193603516,173911000,49.92088390027958,0.0,0.0
2024-07-24,114.19493865966797,327776900,36.836197883969845,0.0,0.0
2024-07-25,112.22588348388672,460067000,37.170996660703146,0.0,0.0
2024-07-26,113.0055160522461,293399100,35.22066498447826,0.0,0.0
2024-07-29,111.53621673583984,248152100,30.014151450508948,0.0,0.0
2024-07-30,103.68000793457031,486833300,21.04384984886765,0.0,0.0
2024-07-31,116.96359252929688,473174200,41.294858667158245,0.0,0.0
2024-08-01,109.15736389160156,523462300,34.730890898441004,0.0,0.0
2024-08-02,107.2182846069336,482027500,34.1375528784106,0.0,0.0
2024-08-05,100.40159606933594,552842400,31.873518862678438,0.0,0.0
2024-08-06,104.19976806640625,409012100,39.73095293143655,0.0,0.0
2024-08-07,98.86233520507812,411440400,33.96007571888059,0.0,0.0
2024-08-08,104.9194107055664,391910000,41.00498692022753,0.0,0.0
2024-08-09,104.69952392578125,290844200,35.90397877697369,0.0,0.0
2024-08-12,108.96746826171875,325559900,40.302990592571085,0.0,0.0
2024-08-13,116.08403015136719,312646700,51.37454748696712,0.0,0.0
2024-08-14,118.02310180664062,339246400,54.220034033439774,0.0,0.0
2024-08-15,122.8008041381836,318086700,56.73818299813214,0.0,0.0
2024-08-16,124.51995849609375,302589900,58.90092469257342,0.0,0.0
2024-08-19,129.93734741210938,318333600,68.62329068789207,0.0,0.0
2024-08-20,127.18869018554688,300087400,58.52645059577249,0.0,0.0
2024-08-21,128.4380645751953,257883600,68.05167407428343,0.0,0.0
2024-08-22,123.68036651611328,376189100,64.6400386527701,0.0,0.0
2024-08-23,129.30764770507812,323230300,76.2622796630434,0.0,0.0
2024-08-26,126.3990478515625,331964700,70.50028602860347,0.0,0.0
2024-08-27,128.23817443847656,303134600,79.00141752897721,0.0,0.0
2024-08-28,125.54946899414062,448101100,71.81821128469812,0.0,0.0
2024-08-29,117.5333251953125,453023300,61.65154041151973,0.0,0.0
2024-08-30,119.3124771118164,333751600,59.83653519089432,0.0,0.0
2024-09-03,107.94795227050781,477155100,42.84206540353335,0.0,0.0
2024-09-04,106.15880584716797,372470300,39.53445643951087,0.0,0.0
2024-09-05,107.15833282470703,306850700,35.216307457221006,0.0,0.0
2024-09-06,102.78044128417969,413638100,30.437132395854718,0.0,0.0
2024-09-09,106.41868591308594,273912000,28.13603521517011,0.0,0.0
2024-09-10,108.04788970947266,268283700,31.827647587309997,0.0,0.0
2024-09-11,116.85365295410156,441422400,40.38175218310787,0.0,0.0
2024-09-12,119.0927734375,366052700,46.02478350231367,0.0,0.0
2024-09-13,119.05278015136719,238358300,40.16133602480042,0.0,0.0
2024-09-16,116.73370361328125,248772300,40.62083644780556,0.0,0.0
2024-09-17,115.54417419433594,231925900,37.5245747691346,0.0,0.0
2024-09-18,113.32505798339844,310318900,37.874155868389856,0.0,0.0
2024-09-19,117.82328033447266,293506400,50.30919634130237,0.0,0.0
2024-09-20,115.95401000976562,382462400,46.425537408884104,0.0,0.0
2024-09-23,116.21391296386719,206228500,61.5208211958859,0.0,0.0
2024-09-24,120.82208251953125,354966800,68.94821387239807,0.0,0.0
2024-09-25,123.46104431152344,284692900,70.2104074375642,0.0,0.0
2024-09-26,123.9908218383789,302582900,79.06777742284577,0.0,0.0
2024-09-27,121.35187530517578,271009200,71.04151985427056,0.0,0.0
2024-09-30,121.3918685913086,226553700,69.68379819197858,0.0,0.0
2024-10-01,116.95361328125,302094500,50.16926167893837,0.0,0.0
2024-10-02,118.80288696289062,221845900,49.50257116839014,0.0,0.0
2024-10-03,122.80130767822266,277118000,55.66295586084486,0.0,0.0
2024-10-04,124.8704833984375,243678100,62.38587383563268,0.0,0.0
2024-10-07,127.66937255859375,346250200,67.59499991275152,0.0,0.0
2024-10-08,132.83731079101562,285722500,76.08227502642146,0.0,0.0
2024-10-09,132.597412109375,246191600,72.28586018255535,0.0,0.0
2024-10-10,134.75656127929688,242311300,78.11659318477739,0.0,0.0
2024-10-11,134.74656677246094,170209500,77.92168766969215,0.0,0.0
2024-10-14,138.01527404785156,232347700,76.9931006057823,0.0,0.0
2024-10-15,131.54783630371094,377831000,61.33370370292123,0.0,0.0
2024-10-16,135.66619873046875,264879700,64.867620864124,0.0,0.0
2024-10-17,136.87571716308594,306435900,70.51517900498781,0.0,0.0
2024-10-18,137.94529724121094,176090200,71.29628009345997,0.0,0.0
2024-10-21,143.6530303955078,264554500,83.26277538919875,0.0,0.0
2024-10-22,143.53309631347656,226311600,82.19681962029537,0.0,0.0
2024-10-23,139.50466918945312,285930000,71.72950691937676,0.0,0.0
2024-10-24,140.35433959960938,172354900,70.80311181958618,0.0,0.0
2024-10-25,141.48388671875,205122100,69.43193835008171,0.0,0.0
2024-10-28,140.4643096923828,173586700,62.145855306650844,0.0,0.0
2024-10-29,141.19400024414062,157593600,63.47963024687773,0.0,0.0
2024-10-30,139.28475952148438,179418100,57.15639602176088,0.0,0.0
2024-10-31,132.70738220214844,270039600,47.33124581397537,0.0,0.0
2024-11-01,135.34632873535156,207127800,46.44851325244457,0.0,0.0
2024-11-04,135.99607849121094,187528200,57.003483458353905,0.0,0.0
2024-11-05,139.8545379638672,160537400,56.64869533969761,0.0,0.0
2024-11-06,145.5522918701172,242043900,62.055591196529,0.0,0.0
2024-11-07,148.82098388671875,207323300,64.24085874089603,0.0,0.0
2024-11-08,147.5714569091797,175665800,55.809105141457756,0.0,0.0
2024-11-11,145.20240783691406,182325600,52.320053726844485,0.0,0.0
2024-11-12,148.23118591308594,198634700,62.47498569825942,0.0,0.0
2024-11-13,146.21202087402344,191903300,58.10290710272786,0.0,0.0
2024-11-14,146.7018280029297,194463300,57.348009719066354,0.0,0.0
2024-11-15,141.92369079589844,250132900,51.858403622070206,0.0,0.0
2024-11-18,140.0944366455078,221205300,48.63793811545667,0.0,0.0
2024-11-19,146.95172119140625,227834900,58.460192481447635,0.0,0.0
2024-11-20,145.83216857910156,309871700,66.46601949820749,0.0,0.0
2024-11-21,146.6118621826172,400946600,64.82505858977137,0.0,0.0
2024-11-22,141.89373779296875,236406200,57.01046083236725,0.0,0.0
2024-11-25,135.96607971191406,344941900,45.594561481608814,0.0,0.0
2024-11-26,136.86572265625,190287700,38.958040840081296,0.0,0.0
2024-11-27,135.28634643554688,226370900,32.02335042378334,0.0,0.0
2024-11-29,138.19520568847656,141863200,38.07225724345519,0.0,0.0
2024-12-02,138.57504272460938,171682800,41.11974423183295,0.0,0.0
2024-12-03,140.20440673828125,164414000,38.825546181932175,0.0,0.0
2024-12-04,145.08245849609375,231224300,48.54342644348341,0.0,0.0
2024-12-05,145.0124969482422,172621200,47.79775779797478,0.0,0.0
2024-12-06,142.3933563232422,188505600,50.648784531665044,0.0,0.0
2024-12-09,138.76454162597656,189308600,48.24992448215407,0.0,0.0
2024-12-10,135.0257568359375,210020900,32.90275582857325,0.0,0.0
2024-12-11,139.26437377929688,184905200,41.357238104821676,0.0,0.0
2024-12-12,137.29501342773438,159211400,38.111895042081144,0.0,0.0
2024-12-13,134.20602416992188,231514900,39.76512410657593,0.0,0.0
2024-12-16,131.95675659179688,237951100,44.082715624690714,0.0,0.0
2024-12-17,130.3472900390625,259410300,40.57700179056661,0.0,0.0
2024-12-18,128.86778259277344,277444500,40.694502743625975,0.0,0.0
2024-12-19,130.63719177246094,209719200,38.66815949824657,0.0,0.0
2024-12-20,134.65586853027344,306528600,44.702016107620864,0.0,0.0
2024-12-23,139.62423706054688,176053500,49.28065800428661,0.0,0.0
2024-12-24,140.174072265625,105157000,43.182455906413125,0.0,0.0
2024-12-26,139.88417053222656,116205600,42.9202238466512,0.0,0.0
2024-12-27,136.96510314941406,170582600,42.56771548997176,0.0,0.0
2024-12-30,137.4449462890625,167734700,48.02272828144378,0.0,0.0
2024-12-31,134.2460174560547,155659200,48.81243150941618,0.0,0.0
2025-01-02,138.2646942138672,198247200,48.46718632618909,0.0,0.0
2025-01-03,144.4226837158203,229322500,59.68487994647466,0.0,0.0
2025-01-06,149.3810577392578,265377400,69.62256040154715,0.0,0.0
2025-01-07,140.09410095214844,351782200,58.90202824401815,0.0,0.0
2025-01-08,140.06410217285156,227349900,61.010418711327496,0.0,0.0
2025-01-10,135.86549377441406,207602500,57.46906360151006,0.0,0.0
2025-01-13,133.1863555908203,204808900,52.66903753851923,0.0,0.0
2025-01-14,131.71682739257812,195590500,46.74922337913729,0.0,0.0
2025-01-15,136.1953887939453,185217300,46.165920867152174,0.0,0.0
2025-01-16,133.52626037597656,209235600,42.90289925702286,0.0,0.0
2025-01-17,137.66490173339844,201188800,47.810656931208705,0.0,0.0
2025-01-21,140.78387451171875,197749000,53.75247660148478,0.0,0.0
2025-01-22,147.02183532714844,237651400,58.45395608264648,0.0,0.0
2025-01-23,147.17178344726562,155915500,62.05930862383727,0.0,0.0
2025-01-24,142.5732879638672,234657600,53.9767497007174,0.0,0.0
2025-01-27,118.38121032714844,818830900,31.967334705235544,0.0,0.0
2025-01-28,128.94775390625,579666400,36.87051378302476,0.0,0.0
2025-01-29,123.65947723388672,467120600,38.8678264292014,0.0,0.0
2025-01-30,124.60917663574219,392925500,39.66026258421497,0.0,0.0
2025-01-31,120.03067016601562,388161100,39.45967999381559,0.0,0.0
2025-02-03,116.62179565429688,371235700,39.08002305643752,0.0,0.0
2025-02-04,118.61112976074219,256550000,41.419044010998924,0.0,0.0
2025-02-05,124.78912353515625,262230800,42.69432833118084,0.0,0.0
2025-02-06,128.6378631591797,251483600,46.915606694836356,0.0,0.0
2025-02-07,129.79747009277344,228186300,44.84204512687454,0.0,0.0
2025-02-10,133.52626037597656,216989100,45.279591184413036,0.0,0.0
2025-02-11,132.7565155029297,178902400,40.01120796359803,0.0,0.0
2025-02-12,131.0970458984375,160278600,38.97724515865484,0.0,0.0
2025-02-13,135.24566650390625,197430000,44.94411630686831,0.0,0.0
2025-02-14,138.8045196533203,195479600,69.70104777990751,0.0,0.0
2025-02-18,139.35433959960938,219176600,62.443207817151446,0.0,0.0
2025-02-19,139.18438720703125,167536000,71.15225291828455,0.0,0.0
2025-02-20,140.06410217285156,143903600,71.09713409828645,0.0,0.0
2025-02-21,134.38595581054688,228217600,69.02488147180586,0.0,0.0
2025-02-24,130.23733520507812,251381100,67.69750096703184,0.0,0.0
2025-02-25,126.58851623535156,271428700,59.94019975427553,0.0,0.0
2025-02-26,131.23699951171875,322553800,58.35273753594998,0.0,0.0
2025-02-27,120.11064147949219,443175800,40.70602540481178,0.0,0.0
2025-02-28,124.87908172607422,389091100,45.03030782983343,0.0,0.0
2025-03-03,114.02263641357422,411381400,32.774146606377826,0.0,0.0
2025-03-04,115.9520034790039,398163300,35.45595551277381,0.0,0.0
2025-03-05,117.2615737915039,284337900,37.95264692424519,0.0,0.0
2025-03-06,110.53378295898438,321181900,29.406894633141377,0.0,0.0
2025-03-07,112.65309143066406,341755500,27.67157228021344,0.0,0.0
2025-03-10,106.94495391845703,366487400,24.56856889061318,0.0,0.0
2025-03-11,108.72437286376953,354865700,26.687082992003738,0.0,0.0
2025-03-12,115.71273803710938,323857500,32.95612096891941,0.0,0.0
2025-03-13,115.55277252197266,299033100,35.71492475006072,0.0,0.0
2025-03-14,121.6413345336914,277593500,43.666281060052604,0.0,0.0
2025-03-17,119.50183868408203,255501500,44.65960158839854,0.0,0.0
2025-03-18,115.40280151367188,299686900,37.967982635002464,0.0,0.0
2025-03-19,117.4923095703125,273426200,47.693644719069646,0.0,0.0
2025-03-20,118.50206756591797,248829700,43.9844857756571,0.0,0.0
2025-03-21,117.6722640991211,266498500,54.245916707813905,0.0,0.0
2025-03-24,121.38140106201172,228452500,56.06530090625039,0.0,0.0
2025-03-25,120.66156768798828,167447200,53.84892290912304,0.0,0.0
2025-03-26,113.73320007324219,293463300,53.60548904385998,0.0,0.0
2025-03-27,111.40375518798828,236902100,48.59873382811386,0.0,0.0
2025-03-28,109.6441650390625,229872500,53.321673674560145,0.0,0.0
2025-03-31,108.35446166992188,299212700,49.53923026874419,0.0,0.0
2025-04-01,110.1240463256836,222614000,41.998274500129405,0.0,0.0
2025-04-02,110.39398193359375,220601200,42.63698080241184,0.0,0.0
2025-04-03,101.77601623535156,338769400,23.55604068574968,0.0,0.0
2025-04-04,94.28778076171875,532273800,20.619769219131697,0.0,0.0
2025-04-07,97.61699676513672,611041300,28.896808740830863,0.0,0.0
2025-04-08,96.27731323242188,476243400,24.371993597777518,0.0,0.0
2025-04-09,114.30306243896484,612918300,46.40534605462033,0.0,0.0
2025-04-10,107.5446548461914,437812400,42.128987154541036,0.0,0.0
2025-04-11,110.90386199951172,313417300,41.81249396936383,0.0,0.0
2025-04-14,110.68391418457031,264705000,42.1417284209608,0.0,0.0
2025-04-15,112.1735610961914,228966900,48.65655648544465,0.0,0.0
2025-04-16,104.46538543701172,397016900,44.53026060551623,0.0,0.0
2025-04-17,101.4660873413086,292517500,43.676557279530805,0.0,0.0
2025-04-21,96.88717651367188,288501100,41.56246048537999,0.0,0.0
2025-04-22,98.86670684814453,241004800,41.742448823914174,0.0,0.0
2025-04-23,102.68579864501953,247526000,44.625677216056204,0.0,0.0
2025-04-24,106.40492248535156,220815000,53.46401255680498,0.0,0.0
2025-04-25,110.98385620117188,251064700,63.06321545544675,0.0,0.0
2025-04-28,108.70439147949219,207708500,58.81979516209523,0.0,0.0
2025-04-29,108.99431610107422,170444300,60.28793626648044,0.0,0.0
2025-04-30,108.89433288574219,235044600,43.836858291471124,0.0,0.0
2025-05-01,111.58370208740234,236121500,55.0728278690265,0.0,0.0
2025-05-02,114.47303009033203,190194800,54.5362251641871,0.0,0.0
2025-05-05,113.7931900024414,133163200,53.9060644307807,0.0,0.0
2025-05-06,113.51325988769531,158525600,51.73577012970545,0.0,0.0
2025-05-07,117.03242492675781,206758800,68.26504030709575,0.0,0.0
2025-05-08,117.34235382080078,198428100,75.03153998589156,0.0,0.0
2025-05-09,116.62252044677734,132972200,85.42711237357673,0.0,0.0
2025-05-12,122.97103118896484,225023300,87.40302374017091,0.0,0.0
2025-05-13,129.89938354492188,330430100,88.51158332876207,0.0,0.0
2025-05-14,135.30810546875,281180800,89.03589809127885,0.0,0.0
2025-05-15,134.79823303222656,226632600,86.13470258991592,0.0,0.0
2025-05-16,135.36810302734375,226542500,92.67200219337523,0.0,0.0
2025-05-19,135.53805541992188,193154600,92.64375408433094,0.0,0.0
2025-05-20,134.3483428955078,161514200,89.5096611709765,0.0,0.0
2025-05-21,131.76895141601562,270608700,81.4388385583378,0.0,0.0
2025-05-22,132.7987060546875,187344000,80.29754871990143,0.0,0.0
2025-05-23,131.25906372070312,198821300,78.07780092323213,0.0,0.0
2025-05-27,135.4680633544922,192953600,81.33561685335562,0.0,0.0
2025-05-28,134.7782440185547,304021100,77.55359845454223,0.0,0.0
2025-05-29,139.15721130371094,369241900,80.07170551570418,0.0,0.0
2025-05-30,135.09817504882812,333170900,73.3216020801589,0.0,0.0
2025-06-02,137.34764099121094,197663100,70.24215547922786,0.0,0.0
2025-06-03,141.1867218017578,225578800,67.40675826227454,0.0,0.0
2025-06-04,141.88656616210938,167120800,61.86873216396813,0.0,0.0
2025-06-05,139.95703125,231397900,58.853852108534625,0.0,0.0
2025-06-06,141.6865997314453,153986200,60.429050573326464,0.0,0.0
2025-06-09,142.59640502929688,185114500,61.372466848837426,0.0,0.0
2025-06-10,143.92608642578125,155881900,65.36244317101381,0.0,0.0
2025-06-11,142.80625915527344,167694000,68.57317897238026,0.0,0.0
2025-06-12,144.9759063720703,162365000,69.7342748883981,0.0,0.0
2025-06-13,141.94639587402344,180820600,66.52197068572569,0.0,0.0
2025-06-16,144.66595458984375,183133700,64.905823645564,0.0,0.0
2025-06-17,144.09603881835938,139108000,65.15904744798485,0.0,0.0
2025-06-18,145.455810546875,161494100,61.36346740603396,0.0,0.0
2025-06-20,143.8260955810547,242956200,67.25913700741577,0.0,0.0
2025-06-23,144.1460418701172,154308900,64.55423288652392,0.0,0.0
2025-06-24,147.8754119873047,187566100,64.3869425841192,0.0,0.0
2025-06-25,154.28436279296875,269146500,71.40887715760482,0.0,0.0
2025-06-26,154.99423217773438,198145700,77.108574219048,0.0,0.0
2025-06-27,157.72377014160156,263234500,77.90518607237618,0.0,0.0
2025-06-30,157.96376037597656,194580300,77.3778643186221,0.0,0.0
2025-07-01,153.2745361328125,213143600,64.87430185052455,0.0,0.0
2025-07-02,157.22386169433594,171224100,71.04493219932897,0.0,0.0
2025-07-03,159.3135223388672,143716100,70.97716158099621,0.0,0.0
2025-07-07,158.21371459960938,140139000,75.22483830378359,0.0,0.0
2025-07-08,159.97340393066406,138133000,74.46469477162783,0.0,0.0
2025-07-09,162.85293579101562,183656400,77.91670940530345,0.0,0.0
2025-07-10,164.07273864746094,167704100,77.82431584145357,0.0,0.0
2025-07-11,164.89259338378906,193633300,82.26647355490395,0.0,0.0
2025-07-14,164.04273986816406,136975800,79.98796752280265,0.0,0.0
2025-07-15,170.671630859375,230627400,81.59647564981628,0.0,0.0
2025-07-16,171.34152221679688,158831500,78.11471654267262,0.0,0.0
2025-07-17,172.97125244140625,160841100,78.75882307485008,0.0,0.0
2025-07-18,172.38134765625,146456400,75.17172919479712,0.0,0.0
2025-07-21,171.35153198242188,123126100,72.38384712199718,0.0,0.0
2025-07-22,167.00225830078125,193114300,73.21614551641584,0.0,0.0
2025-07-23,170.75161743164062,154082200,73.03375628965249,0.0,0.0
2025-07-24,173.7111358642578,128984600,73.8095742427763,0.0,0.0
2025-07-25,173.47117614746094,122316800,75.97007982873691,0.0,0.0
2025-07-28,176.7206268310547,140023500,77.12993839561281,0.0,0.0
2025-07-29,175.4808349609375,154077500,71.60454568604672,0.0,0.0
2025-07-30,179.24021911621094,174312200,73.87475798120775,0.0,0.0
2025-07-31,177.84043884277344,221685400,70.01546415957485,0.0,0.0
2025-08-01,173.69113159179688,204529000,63.53436194645861,0.0,0.0
2025-08-04,179.9700927734375,148174600,63.17281699983861,0.0,0.0
2025-08-05,178.23037719726562,156407600,59.47209319162474,0.0,0.0
2025-08-06,179.3901824951172,137192300,58.941501479124895,0.0,0.0
2025-08-07,180.73997497558594,151878400,61.40209335036113,0.0,0.0
2025-08-08,182.6696319580078,123396700,65.06919806133166,0.0,0.0
2025-08-11,182.0297393798828,138323200,72.20085433381293,0.0,0.0
2025-08-12,183.1295623779297,145485700,69.83973172172647,0.0,0.0
2025-08-13,181.55982971191406,179871700,63.166716467095895,0.0,0.0
2025-08-14,181.98974609375,129554000,64.19997829895021,0.0,0.0
2025-08-15,180.42001342773438,156602200,56.53248875912337,0.0,0.0
2025-08-18,181.979736328125,132008000,61.34773991772159,0.0,0.0
2025-08-19,175.61080932617188,185229200,44.19197158481801,0.0,0.0
2025-08-20,175.370849609375,215142700,45.89563951249416,0.0,0.0
2025-08-21,174.95091247558594,140040900,52.38997032369695,0.0,0.0
2025-08-22,177.96043395996094,172789400,45.64747682749015,0.0,0.0
2025-08-25,179.78012084960938,163012800,53.34485122061572,0.0,0.0
2025-08-26,181.7397918701172,168688200,54.901969491063625,0.0,0.0
2025-08-27,181.56982421875,235518900,51.82095110164719,0.0,0.0
2025-08-28,180.1400604248047,281787800,44.324816890690514,0.0,0.0
2025-08-29,174.1510467529297,243257900,35.74527691672495,0.0,0.0
2025-09-02,170.75161743164062,231164900,29.325284326991394,0.0,0.0
2025-09-03,170.59165954589844,164424900,30.7746005579055,0.0,0.0
2025-09-04,171.63148498535156,141670100,32.22375206566808,0.0,0.0
2025-09-05,166.9922637939453,224441400,29.152438604358053,0.0,0.0
2025-09-08,168.2820281982422,163769100,28.553531049388198,0.0,0.0
2025-09-09,170.7316131591797,157548400,41.29190945049594,0.0,0.0
2025-09-10,177.300537109375,226852000,52.80932969706904,0.0,0.0
2025-09-11,177.1505584716797,151159300,53.22771900831911,0.0,0.0
2025-09-12,177.80047607421875,124911000,49.7478174674728,0.0,0.0
2025-09-15,177.73049926757812,147061600,46.579973559880095,0.0,0.0
2025-09-16,174.86080932617188,140737800,38.859952785176546,0.0,0.0
2025-09-17,170.27130126953125,211843800,33.99395778448431,0.0,0.0
2025-09-18,176.2206573486328,191763300,45.07787647020261,0.0,0.0
2025-09-19,176.6505889892578,237182100,53.64842710752953,0.0,0.0
2025-09-22,183.58984375,269637000,66.98407620515988,0.0,0.0
2025-09-23,178.410400390625,192559600,59.130975862410196,0.0,0.0
2025-09-24,176.9505615234375,143564100,56.15144158449445,0.0,0.0
2025-09-25,177.67050170898438,191586700,63.58032331608089,0.0,0.0
2025-09-26,178.17044067382812,148573700,62.83366594502989,0.0,0.0
2025-09-29,181.83004760742188,193063500,63.96545743232343,0.0,0.0
2025-09-30,186.55950927734375,236981000,62.21634260379581,0.0,0.0
2025-10-01,187.21945190429688,173844900,63.108555803997774,0.0,0.0
2025-10-02,188.8692626953125,136805800,64.04465142243956,0.0,0.0
2025-10-03,187.5994110107422,137596900,62.15216332891107,0.0,0.0
2025-10-06,185.51962280273438,157678100,63.38519788064652,0.0,0.0
2025-10-07,185.01968383789062,140088000,70.6409048193589,0.0,0.0
2025-10-08,189.0892333984375,130168900,69.01031531968869,0.0,0.0
2025-10-09,192.54885864257812,182997200,71.556395974828,0.0,0.0
2025-10-10,183.139892578125,268774400,49.42820797447002,0.0,0.0
2025-10-13,188.29933166503906,153482800,62.57311573021812,0.0,0.0
2025-10-14,180.01022338867188,205641400,53.31455308663272,0.0,0.0
2025-10-15,179.8102569580078,214450500,52.34442367912027,0.0,0.0
2025-10-16,181.7900390625,179723300,53.84125103089091,0.0,0.0
2025-10-17,183.19989013671875,173135200,51.526624337128695,0.0,0.0
2025-10-20,182.6199493408203,128544700,45.16209544849638,0.0,0.0
2025-10-21,181.14010620117188,124240200,42.68174048585095,0.0,0.0
2025-10-22,180.2602081298828,162249600,39.44077186529511,0.0,0.0
2025-10-23,182.13999938964844,111363700,43.402601564317365,0.0,0.0
2025-10-24,186.23953247070312,131296700,50.82948010807635,0.0,0.0
2025-10-27,191.46897888183594,153452700,56.70060237996444,0.0,0.0
2025-10-28,201.0079345703125,297986200,61.11940564623266,0.0,0.0
2025-10-29,207.01727294921875,308829600,62.88512610663531,0.0,0.0
2025-10-30,202.8677215576172,178864400,69.38493078408841,0.0,0.0
2025-10-31,202.4677734375,179802200,65.35875969162596,0.0,0.0
2025-11-03,206.85728454589844,180267300,81.79021209806925,0.0,0.0
2025-11-04,198.66818237304688,188919300,68.77737316963226,0.0,0.0
2025-11-05,195.18858337402344,171350300,62.954387647825186,0.0,0.0
2025-11-06,188.05935668945312,223029800,54.23050211033426,0.0,0.0
2025-11-07,188.1293487548828,264942300,54.83928122999553,0.0,0.0
2025-11-10,199.0281524658203,198897100,63.481548849428606,0.0,0.0
2025-11-11,193.1387939453125,176483300,59.02466458856398,0.0,0.0
2025-11-12,193.7787322998047,154935300,58.30006440788649,0.0,0.0
2025-11-13,186.8394775390625,207423100,50.41119149399947,0.0,0.0
2025-11-14,190.14910888671875,186591900,49.07093557652759,0.0,0.0
2025-11-17,186.5795135498047,173628900,38.91193605855454,0.0,0.0
2025-11-18,181.340087890625,213598900,30.031100014298403,0.0,0.0
2025-11-19,186.49952697753906,247246400,37.46746839969649,0.0,0.0
2025-11-20,180.6201629638672,343504800,34.56702562595261,0.0,0.0
2025-11-21,178.86036682128906,346926200,29.460102930423005,0.0,0.0
2025-11-24,182.52996826171875,256618300,37.31930955902431,0.0,0.0
2025-11-25,177.80047607421875,320600300,36.60039691912829,0.0,0.0
2025-11-26,180.24020385742188,183852000,43.50497712961553,0.0,0.0
2025-11-28,176.98056030273438,121332800,41.2052318311595,0.0,0.0
2025-12-01,179.90025329589844,188131000,32.737787361107564,0.0,0.0
2025-12-02,181.44007873535156,182632200,38.54289857316148,0.0,0.0
2025-12-03,179.57028198242188,165138000,36.41231306862757,0.0,0.0
2025-12-04,183.37008666992188,167364900,46.47023865122455,0.0,0.0
2025-12-05,182.40013122558594,143971100,41.72209048498359,0.0,0.0
2025-12-08,185.5399627685547,204378100,48.879200105799875,0.0,0.0
2025-12-09,184.95999145507812,144719700,54.33875317500883,0.0,0.0
2025-12-10,183.77005004882812,162785400,46.38445824072111,0.0,0.0
2025-12-11,180.92019653320312,182136600,50.43211412829693,0.0,0.0
2025-12-12,175.01052856445312,204274900,45.04739562796778,0.0,0.0
2025-12-15,176.28045654296875,164775600,41.43130911288986,0.0,0.0
2025-12-16,177.71038818359375,148588100,49.864192795709286,0.0,0.0
2025-12-17,170.93075561523438,222775500,37.589876678848675,0.0,0.0
2025-12-18,174.1305694580078,176096000,46.19469969574881,0.0,0.0
2025-12-19,180.98020935058594,324925900,51.30500101150761,0.0,0.0
2025-12-22,183.6800537109375,129064400,52.6329344870887,0.0,0.0
2025-12-23,189.19976806640625,174873600,60.42433526880242,0.0,0.0
2025-12-24,188.59979248046875,65528500,56.08279301123007,0.0,0.0
2025-12-26,190.51968383789062,139740300,59.23986027616879,0.0,0.0
2025-12-29,188.20980834960938,120006100,53.09671674195599,0.0,0.0
2025-12-30,187.52984619140625,97687300,52.97384075032941,0.0,0.0
2025-12-31,186.4899139404297,120100500,53.158397007054994,0.0,0.0
2026-01-02,188.83978271484375,148240500,59.30453269043615,0.0,0.0
2026-01-05,188.1098175048828,183529700,67.52273733255863,0.0,0.0
2026-01-06,187.22987365722656,176862600,64.80131348244134,0.0,0.0
2026-01-07,189.09976196289062,153543200,65.21506570655569,0.0,0.0
2026-01-08,185.0299835205078,172457000,70.30530238431432,0.0,0.0
2026-01-09,184.84999084472656,131327500,66.90852600663489,0.0,0.0
2026-01-12,184.92999267578125,137968500,57.9221813899028,0.0,0.0
2026-01-13,185.79994201660156,160128900,54.58875316334243,0.0,0.0
2026-01-14,183.1300811767578,159586100,35.012294338169994,0.0,0.0
2026-01-15,187.03988647460938,206188600,46.689322901065296,0.0,0.0
2026-01-16,186.21990966796875,187967200,40.42741834339386,0.0,0.0
2026-01-20,178.06036376953125,223345300,32.073485450044004,0.0,0.0
2026-01-21,183.31008911132812,200381000,43.582749941065174,0.0,0.0
2026-01-22,184.82998657226562,139636600,47.51196500737026,0.0,0.0
2026-01-23,187.6598358154297,142748100,48.25648587774747,0.0,0.0
2026-01-26,186.4599151611328,124799600,47.595464880787716,0.0,0.0
2026-01-27,188.50979614257812,143711600,51.803821851475824,0.0,0.0
2026-01-28,191.5096435546875,148552700,53.291465602358535,0.0,0.0
2026-01-29,192.49957275390625,171764400,61.13926934241862,0.0,0.0
2026-01-30,191.11965942382812,179489500,59.02679372876655,0.0,0.0
2026-02-02,185.59996032714844,165794100,50.833961060933134,0.0,0.0
2026-02-03,180.33023071289062,204019600,43.86357620093906,0.0,0.0
2026-02-04,174.18057250976562,207014100,40.68678775999544,0.0,0.0
2026-02-05,171.87069702148438,206312900,33.67058915272344,0.0,0.0
2026-02-06,185.39996337890625,231346200,49.30697133860714,0.0,0.0
2026-02-09,190.0297088623047,196387400,60.75858705772072,0.0,0.0
2026-02-10,188.52978515625,136764800,55.03082514648099,0.0,0.0
2026-02-11,190.0397186279297,144192700,55.02218630314924,0.0,0.0
2026-02-12,186.9298858642578,189932500,49.30010567756433,0.0,0.0
2026-02-13,182.80010986328125,161888000,46.677556354938794,0.0,0.0
2026-02-17,184.95999145507812,162276900,46.7838404453838,0.0,0.0
2026-02-18,187.96981811523438,164749100,46.7934615723123,0.0,0.0
2026-02-19,187.88983154296875,126554500,45.754290051937296,0.0,0.0
2026-02-20,189.8097381591797,178422300,48.805405836731005,0.0,0.0
2026-02-23,191.53964233398438,171584800,55.818967885986375,0.0,0.0
2026-02-24,192.83956909179688,175123600,63.288737754353654,0.0,0.0
2026-02-25,195.54940795898438,250637100,74.49002858569767,0.0,0.0
2026-02-26,184.87998962402344,360807900,62.51202291456842,0.0,0.0
2026-02-27,177.180419921875,311636500,41.09619380857702,0.0,0.0
2026-03-02,182.47012329101562,209095300,41.92652628424567,0.0,0.0
2026-03-03,180.04025268554688,178099400,41.10994856220158,0.0,0.0
2026-03-04,183.03009033203125,177731200,42.88034159527076,0.0,0.0
2026-03-05,183.330078125,198779700,46.12235383533291,0.0,0.0
2026-03-06,177.8103790283203,189021900,44.78141955719709,0.0,0.0
2026-03-09,182.64010620117188,177213600,47.70204655525638,0.0,0.0
2026-03-10,184.760009765625,179118500,46.763476092050816,0.0,0.0
2026-03-11,186.02999877929688,145280400,48.16863695955967,0.0,0.0
2026-03-12,183.13999938964844,155762700,43.55548110528115,0.0,0.0
2026-03-13,180.25,160988400,39.330767285828536,0.0,0.0
2026-03-16,183.22000122070312,217307400,41.18724756365912,0.0,0.0
2026-03-17,181.92999267578125,182497800,37.189615530268114,0.0,0.0
2026-03-18,180.39999389648438,156683100,44.911211678241926,0.0,0.0
2026-03-19,178.55999755859375,170968500,51.80768321455641,0.0,0.0
2026-03-20,172.6999969482422,241323500,37.38655591611105,0.0,0.0
2026-03-23,175.63999938964844,182836300,44.39303196414854,0.0,0.0
2026-03-24,175.1999969482422,147667800,39.329191312315814,0.0,0.0
2026-03-25,178.67999267578125,162602100,44.16834168918669,0.0,0.0
2026-03-26,171.24000549316406,186152200,42.13874781151278,0.0,0.0
2026-03-27,167.52000427246094,196212700,31.415751769854168,0.0,0.0
2026-03-30,165.1699981689453,185627000,26.05717775956917,0.0,0.0
2026-03-31,174.39999389648438,226181300,38.101078314421045,0.0,0.0
2026-04-01,175.75,168132000,42.19311312532667,0.0,0.0
2026-04-02,177.38999938964844,143143200,46.89670083568095,0.0,0.0
2026-04-06,177.63999938964844,107564300,43.56549612003363,0.0,0.0
2026-04-07,178.10000610351562,132534900,45.49731166831203,0.0,0.0
2026-04-08,182.0800018310547,147732700,51.867505646536586,0.0,0.0
2026-04-09,183.91000366210938,116428500,55.94841665846681,0.0,0.0
2026-04-10,188.6300048828125,160459500,68.17249287016364,0.0,0.0
2026-04-13,189.30999755859375,133648200,66.44214669180766,0.0,0.0
2026-04-14,196.50999450683594,161307000,72.04635160259863,0.0,0.0
2026-04-15,198.8699951171875,185338400,71.38318796417323,0.0,0.0
2026-04-16,198.35000610351562,134012900,83.64359035058737,0.0,0.0
2026-04-17,201.67999267578125,160324400,92.80702589783075,0.0,0.0
2026-04-20,202.05999755859375,119381400,98.62908163175706,0.0,0.0
2026-04-21,199.8800048828125,107945300,91.25652868006017,0.0,0.0
2026-04-22,202.5,107501000,91.60191359953814,0.0,0.0
2026-04-23,199.63999938964844,113561800,83.3383631712419,0.0,0.0
2026-04-24,208.27000427246094,214134400,86.68266736271221,0.0,0.0
2026-04-27,216.61000061035156,187172400,88.79712493755767,0.0,0.0
2026-04-28,213.1699981689453,180275400,81.66634544911375,0.0,0.0
2026-04-29,209.25,123711800,74.75577867626218,0.0,0.0
2026-04-30,199.57000732421875,225239200,59.74350860711252,0.0,0.0
2026-05-01,198.4499969482422,128647000,58.077062572855915,0.0,0.0
2026-05-04,198.47999572753906,125368100,51.99352588229748,0.0,0.0
2026-05-05,196.5,113406600,47.58311578149521,0.0,0.0
2026-05-06,207.8300018310547,188362800,57.921121915788774,0.0,0.0
2026-05-07,211.5,168307900,58.158863827750366,0.0,0.0
2026-05-08,215.1999969482422,136421400,60.34645868522838,0.0,0.0
2026-05-11,219.44000244140625,160685800,64.91763138256314,0.0,0.0
2026-05-12,220.77999877929688,159176600,64.21904099911333,0.0,0.0
2026-05-13,225.8300018310547,150405400,69.70061827961331,0.0,0.0
2026-05-14,235.74000549316406,180782900,70.27306361699385,0.0,0.0
2026-05-15,225.32000732421875,180977600,56.23657917065058,0.0,0.0
2026-05-18,222.32000732421875,146280900,56.59317568807497,0.0,0.0
2026-05-19,220.61000061035156,140948200,58.4548967343441,0.0,0.0
2026-05-20,223.47000122070312,184201600,69.79786911318554,0.0,0.0
2026-05-21,219.50999450683594,203381800,66.66138724067014,0.0,0.0
